date,title,place,tags,transcript_filtered
2001-07-22 00:01:00,Joint Press Conference with US President George W. Bush,Genoa,[],"Good morning. We've just finished a meeting with the President of the United States, and discussed the issues on a whole wide range of subjects. First and foremost, I wanted to say with great satisfaction that our meeting was held in a very frank and open atmosphere, and there is no doubt, absolutely, I can say and confirm that we've maintained not only, but in many ways strengthened the spirit of Ljubljana. Naturally, we discussed the issues that were raised at the G8, issues of security, environment, education, security. And the issue here led us to discuss the world architecture of the 21st century and the way to improve civilization in the future.  I can frankly tell you that this part we discussed together, just one-on-one with the President. It seemed to me that his mental reasoning is very deep, very profound. We were both very interested in having a continuation of this dialogue with the American people, with its leader. Approaches which were stated by the President in the past, without any doubt, are going to be studied by us, and I can repeat once again, will be positively accepted.  President Bush and I have analyzed how our recent accords are now being implemented. We've put forth several new steps in terms of setting forth a long-term cooperation which is not subject to any kind of deal-makings, but a very good, sound, long-lasting attitude. Today in Russia we have a very positive dynamism, and we have stated that, as well.  The differences in approaches on a couple of topics is still there. However, what is more important is that we are aimed at well-reasoned, well-balanced, carefully weighed approaches and solutions.  Naturally, we discussed the issue of strategic stability. There we spent a lot of time. We talked in great detail. We've reached a most important accord, agreement on the beginning and the schedule for consultations. In Ljubljana, we talked about setting up a working group, or series of working groups within the overall interagency structure of foreign ministry, defence ministry and others.  I have to say that to some extent what was unexpected both for me, and I think for President Bush, as well, was the understanding that was reached today between us on the issue that the offensive arms and issue of defensive arms will be discussed as a set. We're going to be talking about the mutual striving toward cutting back significantly offensive arms. We're not really ready at this time to talk about the threshold limits or the numbers, themselves. But a joint striving exists and the specialists will get together and they'll make some recommendations. But we are aiming at moving in that direction.  I told the President of the United States about our proposal, vis-a-vis, the start of consultations on strategic stability issues as a whole. And I think that in the very nearest future, I repeat once again, that our specialists are going to work in this direction. I think they're going to make a lot of progress and be quite successful.  Naturally, we discussed very, very sharp problems in regional issues. We talked about joining our forces in trying to solve some conflicts. We repeat again that the overall dialogue on getting our positions coordinated is the very best approach to U.S.-Russian relations.  Bilateral issues were especially stressed; economic cooperation. And I have to say here that we have a common approach towards developing very dynamically in this sphere. We have very good precedence and very good foundations for this.  We also know that our business societies are also very interested in this. We've discussed a series of contacts and the schedule for upcoming contacts in the economic field; talked about our next meeting. The nearest one will be the APEC meeting in Shanghai, and then the President very kindly confirmed his invitation to me to come to the United States, and we talked about that agenda, too.  So that's all I wanted to say as an opening remark. Thank you very much.  As far as the ABM Treaty and the issues of offensive arms, I've already said we've come to the conclusion that two of these issues have to be discussed as a set, as one set. There is no doubt whatsoever; one and the other are very closely tied. Neither one, nor the other side should feel it's somehow threatened or constrained. I felt and continue to feel that these are most important kinds of issues; we have to maintain a balance thanks to which mankind could have lived in an environment of stability and relative peace. This is an issue of principle. And that's first.  Second, we share the position of the U.S. President on the need to have large cuts in offensive arms; I've already spoken to this. And together, we're going to move forward in this direction, substantially changing the situation in the world, making it better throughout the whole world, reducing the thresholds of confrontation. Without any doubt, this would ameliorate the climate throughout the whole world. There has to be absolutely no doubt that this is going to happen.  Now, as far as your issue on the international conference in Russia on the ecology or the environment, and reducing the dangers to the environment, I can say the following: Prior to coming here to Genoa, I held a meeting with our specialists, with our physicists, our scientists, members of the cabinet who are involved in environmental affairs.  And I have to say that in Russia, we have some people, some specialists who are known throughout the world, really big-time specialists. And they told me that even if we fully implement the Kyoto Protocol, fully, this is going to affect the climate as it is today, but the changes to that will be very minor. In other words, the Kyoto Protocol is simply not sufficient to substantially improve the ecology in the world; although the movement is in the right direction.  So I want to say that Russia is still for the Kyoto Protocol. But what's important is that the scientists, public leaders, ecologists, government leaders, never, ever got together once. Each of these groups sits there alone, and out of their own corner reviews this issue. And the thought was to get everybody together on one common platform.  This was supported very energetically by the President of the United States and by other colleagues. Along with that, President Chirac stressed the need to attract the civil society, the non-specialists. That’s why, if you noticed, we added ‘…with representatives of civil society’. And for this, I want to thank our colleagues for having supported this. Thank you very much.  Thank you. Now, as far as possible answer or response, as you say, from Russia, in the event that one side leaves the ABM Treaty, from the 1972 treaty, then I can say the following. We were talking about the possible kinds and versions of response in the event that one side comes out unilaterally. I was not talking about increasing the missiles. I was talking about how you would substitute single-unit warheads, make them MIRV warheads. But, as we said today – if, as we said today and, if, as we understood from each other today, we are ready to look at the issue of offensive and defensive systems together as a set, we might not ever need to look at that option. But this is one of the subjects of our future discussions.  As a whole we agreed, in general, that in any version, today we can go forward toward reducing offensive arms. I'm telling you this with full responsibility. The issue lies with conditions and numbers of these cuts and we'll let the specialists sit down and talk about those numbers.  I have to tell you that the people who are out on the streets, then talked about the issues of the poor countries and their problems, and those who gathered within the framework of the 8 were all taken by one and the same series of issues. In this sense, we can say that we're all of the same mind. But unlike those who chose these extremist ways of expressing their minds, those who worked here tried to find solutions, ways to get to the end solution – specific kinds of solutions, which realistically could affect, I hope, will affect the condition in which the very poorest countries are living in the world today. That's why I very highly praise the results, the level and the nature and the character of these discussions. I think we need these kinds of meetings, and I think they will be, they will continue. Naturally, we're going to have to pay more attention to the quality of the kinds of decisions that we take and how to implement them fully to the end.  Now, as far as the dialogue with civil society, one of the forms and one of the ways of discussing it in a civilized fashion is holding the international conference in Moscow in 2003 and talking about the environment. Thank you.  The United States is one of the main trade and economic partners and investors for Russia. So the stability of the U.S. economy substantially affects our economic situation. As you know, over the last year in Russia, we've noticed certain positive trends, and there is no doubt in our minds that we're interested in the stability of the U.S. economy as a whole and their currency. The dollar for us is as of today the main form of payment in most of our foreign-trade operations. Thank you.  Well, of course, these are the Balkans and the Middle East, above all. I have to say that I'm satisfied by the nature and the results of this discussion. It seems to me that this time we heard each other much more, understood each other’s positions much better in all these conflict areas. And what's important – I don't know if my colleague will agree with me, but I get the feeling that trust in each other, within the framework of trying to settle these issues, is beginning to arrive. This is very important foundation, trust. So we're going to continue coordinating our efforts both in the Balkans and the Middle East, taking into account the interest of all the parties that are drawn into this conflict.  The success lies here, in working out unified approaches. This is very important. Because if we create some kind of cracks or fissures through which you can have leakage of certain extremist forces, it's going to wreck the whole process. So getting together, drawing together was quite visible here, and of positive nature. Thank you.  Thank you very much."
2001-07-23 00:00:00,Opening Remarks at a Cabinet Meeting,"The Kremlin, Moscow",[],"Good afternoon. I would like to say a few words about the work of our delegation in Genoa. The discussions were held in a very positive key. The announced agenda was carried out in full. I must say that in my opinion a considerable contribution will be made to the solution of problems now confronting humankind. One is the control of poverty and disease. We attach much importance to the establishment of a Global Foundation to fight HIV/AIDS, TB and malaria. You know that in our country this problem is making itself increasingly felt as well.  Bilaterally, of course, we discussed above all economic issues. Here the Cabinet must take note of our plans to integrate into the World Trade Organisation.  On the whole, the heads of the leading industrialised countries are ready to support Russia’s bid to join the WTO on acceptable terms. I want to specially call the attention of our negotiators from the economic team to this fact and to emphasise it once more – on acceptable terms. We know all the pluses and minuses here and will be moving in that direction notwithstanding. But our moves must be gentle and neat so that our WTO entry benefits rather than harms the Russian economy.  We discussed strategic stability and a system of world security in the 21st century with the American President. I must say that there was no major breakthrough, of course. We confirmed our allegiance to the 1972 Anti-Ballistic Missile Treaty. We still consider it to be a cornerstone of world security.  But at the same time some substantial progress was made. At any rate that is our estimate of what we have agreed on. But what precisely?  First, we agreed that we were interested in and could make significant steps towards cuts in offensive arms. This was the first substantive achievement over the last time. And, secondly and importantly, we agreed that anti-missile defence system and offensive weapons should be considered together in one package because one block of issues was no doubt directly linked with and dependent on the second block. Such an approach seemed correct to us, and that, too, according to my assessment and to that of our experts and specialists, marked a substantial advance.  We arranged for Ms Condoleezza Rice, the US national security adviser to the American President, to arrive in Russia at the earliest possible date. We will welcome and hold negotiations with her.  Our negotiators from the Foreign and Defence Ministries are ready for detailed and lengthy consultations with their colleagues. Let us hope that the political capital accumulated in our dealings with our American partners will play a positive role in resolving all complex problems in this field. "
2001-07-25 00:00:00,Answers to Journalists’ Questions during a Joint News Conference with Ukrainian President Leonid Kuchma,"Vitebsk, Belarus",[],"Our co-production is very extensive. In some branches it makes up as much as 80% to 90% of all production. In separate sectors, this figure applies to Ukraine, in others, to Russia. Our enterprises receive a vast number of components from Ukrainian factories, and vice versa. We also cooperate heavily in energy. This year Ukraine is fulfilling all its commitments and we look forward to further progress on international agreements. We also share common energy plans for Europe, with Ukraine to act as an independent partner to provide transport facilities and Russia to supply the product itself.  We cooperate successfully in high technologies, although today President Kuchma called my attention to the fact that there was still a lot to be done together and that many opportunities had been missed. In space, for example, our cooperation is good, but in aircraft building there are things worth pondering and areas where we could intensify our efforts for the benefit of both countries. There are also other areas of direct importance for consumers. In the final analysis this must lead and is already leading to an enhancement in the effectiveness of the two economies and to improved standards of living for the population. That is the main point."
2001-07-26 00:01:00,"Opening Remarks at a Meeting with US Secretary of the Treasury Paul O’Neil, Secretary of Commerce Donald Evans and National Security Adviser Condoleezza Rice","The Kremlin, Moscow",[],"Good afternoon. It is a great pleasure for me to have you here, in the Kremlin. I am happy to note that our agreements with President Bush are, indeed, being translated into reality. I am very hopeful that the visit of such a representative delegation of first-tier U.S. Administration officials is only the first step toward boosting our efforts in politics. It should be said that economic relations between our two nations have improved dramatically in recent years. As President Bush said during his first European tour – something of paramount importance to us – the United States no longer regards Russia as a foe.  Given also the drastic changes that are currently taking place in the Russian economy, I think it would be fair to say that things related to our Soviet legacy – specifically, the non-recognition of Russia as a market economy and the 1974 Jackson-Vanick amendment – are no longer relevant today.  I hope your visit to our country and the contacts you have had with counterparts in recent years (I know that Russian and American colleagues have been working in close contact with one another within international organizations) will help us fill our relationship with new substance. This will enable us to develop relations without problems of the past standing in the way."
2001-07-26 00:01:00,Opening Remarks at a Security Council Meeting ”On Issues of Life Support and Outlook for the Development of the Kaliningrad Region in connection with the Forthcoming Expansion of the European Union“,"The Kremlin, Moscow",[],"Good afternoon. Today we are scheduled to discuss the development of the Kaliningrad Region. You and we both know that it is a unique area within Russia. Its defining features are its status as an exclave and its closeness to other countries. Its remoteness from the central parts of Russia thrusts into the foreground the issues of lines of communication, liaison and transport corridors with the mainland of Russia. It is now a matter of ensuring a normal life for the region and its residents. Lastly, the way things are run in the region is largely responsible for security in all northwestern Russia and the country as a whole. I would like to say a few words about the economic situation in the region. The first point I want to make is that it is far from being at the forefront. Investment in fixed capital there is half as much as the average for the country. We have positive momentum across the country and acceptable rates of economic development. At the same time the decline in production in the Kaliningrad Region is a recorded fact and is evident in practically all branches of industry. Possessing almost 90% of the world’s amber, for example, the region has not even come within the world benchmark for that material. And this despite its closeness to European markets. The region has a standard of living 1.4 times lower than the average for Russia. The plight of elderly people is particularly bad. We know that separation from close relatives living in other parts of Russia does not allow them to receive support through family channels, and the elderly can only look to social support from the state. Socially dangerous diseases – TB, drug addiction and AIDS – are rampant in the region. Another problem that plagues the region and defeats all efforts to combat it is a high crime rate, including financial crime. And all this, strangely enough, is occurring at a time when the federal centre seems to be paying constant attention to the area’s headaches. Laws are passed, the Government adopts resolutions, we discuss matters at the Security Council… There are some improvements, of course, but the gulf between bureaucratic bustle and the real state of affairs and real returns from that bustle is still very, very wide. Today we must look again at the concept for the development of the Kaliningrad Region adopted several years ago. We must look at it through the prism of new European realities and new opportunities for the Russian economy. There is now a real chance to try out a new pattern of cooperation between Russia and Europe in the Kaliningrad Region. We know that very soon Kaliningrad Region’s closest neighbours will join the EU, making it an enclave in a united Europe and territorially divorced from the Russian Federation. The move has its minuses, but these minuses can be turned into pluses. One need only anticipate them. Such an approach meets our country’s prime national interests. At the same time one cannot forget that only the Russian Federation is, of course, exclusively responsible for the solution of Kaliningrad’s problems.  Hence one of the objectives is ultimately to coordinate precisely the efforts of ministries and government departments on matters relating to life support for the Kaliningrad Region. Departmental disarray has more than once led to unpleasant consequences. I have already spoken of the generally low efficiency of our work. One of the more recent examples is the introduction in January of this year of new customs tariffs, which set the region’s population agog. I would like to stress this: our fundamental task is to create reliable legal and administrative conditions for Russian and overseas capital arriving in Kaliningrad and for its own regional business. The key issue is the effective interface between all levels of authority, between region and Federation, between all tiers of power within the region. We must clearly and neatly divide powers and responsibility between the federal centre and the Kaliningrad Region. And take steps to reinforce contacts between the centre and the region both through the presidential envoy for the North Western District and through ministerial and departmental channels. One more goal is to analyse the effectiveness of the special economic zone in the Kaliningrad Region. Its economic effect has actually been only short-lived and able to produce only stopgap measures. It did almost nothing to address the task of establishing a new economy. We, however, need returns on the strategic scale, of which you and we are well aware. The economic future of Kaliningrad depends to a great extent on the region’s energy supplies. The state of the energy industry bears directly on industry and transport. Therefore, special consideration should be given to these questions. As you see, I have given a general outline. Actually, the problems are more prolific. So let us get down to the brass tacks and see what we need to do."
2001-07-29 00:00:00,Speech aboard the Guards guided-missile cruiser Moskva on Russian Navy Day,Sevastopol,[],"Good afternoon, Allow me to congratulate you on Russian Navy Day. Joint Navy Day celebrations are becoming a good tradition in Russia and Ukraine. It is symbolic that we are marking Navy Day in Sevastopol, which symbolises the legendary glory, valour and bravery of many generations of Black Sea Fleet sailors. The whole world knows such great admirals as Fyodor Ushakov, Pavel Nakhimov, Nikolai Kuznetsov, Sergei Gorshkov and many other admirals, officers and sailors. They have bequeathed lofty examples of military valour, faith and selfless service to their Fatherland. We bow our heads before the unprecedented heroism of Soviet sailors during the 1941–1945 Great Patriotic War against Nazi Germany. Over 350,000 Navy sailors were decorated for bravery and for their heroic exploits; 520 became Heroes of the Soviet Union. We honour and glorify our war veterans, and we will forever remember those who died for the freedom of our Fatherland. At present, the well-trained personnel of the Russian and Ukrainian Navies operate modern military equipment and weapons, and jointly guard southern borders of the two fraternal Slavic states. Acting in line with bilateral agreements, the personnel of the Russian Black Sea Fleet improve its combat readiness during joint exercises, ensure regional navigation safety and implement numerous military-patriotic programmes together with municipal authorities. Together with the President of Ukraine, we are ready to take all necessary action in order to streamline bilateral naval cooperation. We are very glad to meet with you once again. I am proud of your achievements, and I sincerely wish the Black Sea Fleet and the entire Russian Navy good health and new successes in your efforts to serve the Fatherland.  As President and Commander-In-Chief of the Russian Armed Forces, I would like to stress that the Russian state remembers the Navy, its heroic past, knows about its current problems and will do everything possible to ensure its glorious future. On July 27, I signed the Russian Maritime Doctrine, the first step in this direction. The Doctrine will become an effective instrument of the entire state system for regulating and managing maritime activity, for promoting Russian national interests and strengthening its international prestige as a leading maritime power. This is Russia’s long-term political line in the sphere of maritime activity. The Russian Government’s emerging Maritime Commission will be responsible for implementing the national maritime policy. I would like to greet the people of the sunny Crimea and hero-city Sevastopol and to wish them and the entire Ukrainian nation well-being, happiness and prosperity on behalf of the peoples of Russia. I would like to thank the personnel of the Black Sea Fleet, the high command of the Ukrainian Navy and President Leonid Kuchma of fraternal Ukraine for assisting Russian sailors. The personnel of the Black Sea Fleet and the Ukrainian Navy ensure the joint security of our states. Long Live Russia and Ukraine! Congratulations on Navy Day!"
2001-08-02 00:01:00,Opening Remarks at an Informal Meeting of CIS Heads of State,Sochi,[],"Thank you for accepting the invitation to come to Sochi for an informal meeting. I think this meeting will provide good preparation for the 10th jubilee which we have decided to mark in the autumn in Moscow. You know that work on the relevant documents is already underway, and our experts are working quite hard.  I think it is important that from the start we choose the right direction for our work, and I suggest that we compare our views of the current state of affairs and outlook for the CIS to provide benchmarks for the people who are working on these documents, that is, for our experts.  One issue that we should discuss is the role of regional associations in the overall context of the CIS. I would like to stress that the Union State of Russia and Belarus, the Eurasian Economic Community, the Collective Security Treaty Organisation, GUUAM, and the Central-Asian Economic Community may well augment cooperation in the general format and may even provide a testing ground for certain variants of interaction that may later be introduced throughout the CIS.  The main and fundamentally important thing is that the regional associations should contribute to the strengthening of the Commonwealth as a whole and to solving the tasks facing our countries with a view to achieving the main goal: improving the welfare of our peoples and ensuring the security of all our countries. These are, I think, and I know you share my opinion, the main criteria for assessing our joint work.  Of course, prospects for economic cooperation demand their share of attention. We started discussing them at our bilateral meetings yesterday. We are all of the opinion that economic cooperation and the economy is the only possible basis for the development of cooperation in all the other areas.  The topic proposed by Islam Karimov is also important. I am referring to the narcotic menace that looms over our countries. We must step up our joint work to fight that evil. A serious discussion of the issue is long overdue, and I think we are all interested in it. Clearly the topic cannot be discussed without looking at the issues of international terrorism and extremism, and without looking at the problem of Afghanistan.  Those of us who work within the framework of the Shanghai Cooperation Organisation, are prepared to share the results of our discussion in Shanghai. These are similar topics that are relevant to the whole Commonwealth. I also suggest that we exchange opinions on the problems of strategic stability, the situation in the Balkans and other topical international issues. For my part, I will be prepared to talk to you about the discussions held in Genoa on easing the debts of developing countries, the poorest countries, and on combating the most serious and worrisome diseases such as AIDS and tuberculosis. Combating these diseases is a challenge for our countries too. And of course I will tell you about bilateral meetings, including contacts with our American counterpart.  This is the range of issues I propose for discussion, but of course it is an open-ended list. We have agreed in advance that we would have an open-ended agenda. Any issues and problems you deem necessary to raise will be actively discussed today and tomorrow – with those of you who stay. "
2001-08-02 00:02:00,Press Conference Following an Informal Meeting of CIS Heads of State,Sochi,[],"Positively. Today we had important meetings with the Presidents of Ukraine and Kazakhstan and we had a three-way meeting – the Presidents of Azerbaijan, Kazakhstan and myself – on the problems of the Caspian. We keep all these issues under constant review. In the case of Ukraine it is above all economic relations, the traditional problems of energy, of financial relations and border delimitation where it has not yet been done. These are all important problems of immediate interest for the two states, large-scale interest. I have to say that I am pleased with these consultations. We have agreed to instruct the relevant government bodies, the economic units of the Government and other specialists to prepare a solution to some of these issues by the time of our next meeting, which will provisionally be held in Kiev to mark the tenth anniversary of Ukrainian independence. With Kazakhstan, too, it is mainly economic relations in a number of sectors, especially in the energy sphere. You know that a major regional project of the CPC to transport energy resources, oil from Kazakhstan to a Russian port has been practically completed. In short, we had things to discuss. The same can be said about relations with Azerbaijan. Of course, we discussed Nagorny Karabakh with the President of Azerbaijan as well as with the President of Armenia. I briefed them on our discussions of the issue with US President George Bush and President Jacques Chirac, because, as you know, they are participants in the settlement process. I am absolutely sure that all this will lead to progress, including on this very complicated problem. In any case we have managed to preserve the dialogue and maintain the level of trust in our approach even to this tricky problem. We shall see how the situation evolves."
2001-08-13 00:00:00,Introductory Remarks at a Meeting with US Defence Secretary Donald Rumsfeld,"The Kremlin, Moscow",[],"Good afternoon, I am glad to welcome you at the Kremlin. I am particularly delighted to become acquainted with you, Mr Secretary. You are well known in Russia as an experienced politician who has a good knowledge of the history and the current state of Russian-American relations. I am pleased to note that our agreements with President Bush in Ljubljana and Genoa are being fulfilled, and that Russian-American dialogue has reached a fairly high level. I recently received his message assessing the Moscow visit by the Treasury Secretary and Trade Secretary of the United States, and I fully agree with that assessment. Security and defence are, of course, among the key areas of our interaction. I would like to thank you for the reception accorded to our delegation led by Deputy Chief of the General Staff, Mr Baluyevsky, in Washington recently. We very much hope that the high level of dialogue achieved recently will lead to agreements in the field of offensive weapons and defence systems. You know how we feel about the 1972 ABM Treaty, and for us it is definitely connected with START-2 and START-1, and I would like to stress that. So we would like to have the military-technical parameters of the proposals being formed at the US Defence Department. We have agreed with President Bush in Genoa to consider possible cuts of offensive armaments, and I confirm this. In this connection it is important for us to have answers to three questions: the reduction ceilings, the time of reductions as well as measures of verification, trust and transparency. I am very glad, Mr Secretary, that you have come to Moscow for talks with Russian Defence Minister Sergei Ivanov. I think they will be constructive, I hope so. Welcome."
2001-08-23 00:00:00,Speech at a Reception to Mark the 10th Anniversary of Ukraine’s Independence,Kiev,[],"Dear Leonid Danilovich, Dear friends,  Ten years of the independence of Ukraine is a momentous and a truly historic date. We in Russia are well aware of its importance and significance. I congratulate all the citizens of Ukraine from the bottom of my heart.  The past 10 years have not been easy for Russia or Ukraine. Our roots are in Kievan Rus. Our brotherhood is not a legend, but a historical fact. That is why the common future of Russia and Ukraine is the future of two European states that are very close and interconnected.  Today Russian-Ukrainian relations are becoming stable and predictable. Our strategic partnership augurs well not only for the two peoples, but also for the whole Commonwealth, for the united Europe and the world.  Russia has a vital stake in a stable, successful and economically powerful Ukraine: our country needs and values such a neighbour.  Our states are two powers with a huge potential for development and we are jointly responsible for the preservation of peace and stability in Europe, its progress and sustained economic development.  At the turn of the 1990s the choice made by our peoples extended the European space of democracy and freedom, and I would like to stress that.  Dear friends,  Our countries have already achieved significant positive results. We have demonstrated that we can come to terms and respect each other’s national interests. During the past ten years we have successfully resolved the problems we have inherited.  But life throws up new questions. One of these is working out joint mechanisms of adaptation to global political and economic processes.  Among other things, our countries are reliable and very promising markets for each other. Today 60% of Ukrainian enterprises are cooperating with Russian ones. Such interdependence, naturally, generates an interest in effective cooperation. "
2001-08-23 00:02:00,News Conference at the End of a Meeting with President Alexander Kwasniewski of Poland,Kiev,[],"Good afternoon. My colleague and I would like to inform you very briefly about what we discussed today. I must say that I am very pleased with our consultations. And I want to thank the Polish President for the attention he has been personally paying to relations between Russia and Poland. I think it would be no exaggeration to say that his efforts have contributed a lot to our relations, achieving new highs in practically all areas. It is enough to say that Mr President’s visit to Russia and our repeated contacts – personally, by telephone, through correspondence – have had a positive effect above all on the economic sphere. Last year we set a 10-year record: trade between our two countries reached almost $5.5 billion.  We discussed the need to develop these contacts in all fields and spoke about the necessity of diversifying our economic ties. We also spoke about steady power deliveries to Poland from Russia. And discussed some specific plans. Mr President agreed and pledged his word that he would come to Moscow to attend the Days of Polish Science in Russia. We will welcome the Polish head of state with pleasure. Especially since this is one of the areas which, as people here say, has much room for cooperation. And I am sure this area will be one of our priorities. Also, we are interested in ties between Russia and Poland in the humanities, culture and education. We also took up regional issues. Russia and Poland are interested, for example, in the future of Kaliningrad. As you understand, this matter interests us in the first place, since this is a territory of the Russian Federation that may soon find itself surrounded by a united Europe, by European countries belonging to the European Union. And Mr President agreed that – and this is his opinion as far as I understood – Kaliningrad should naturally fit into the united Europe, while at the same time remaining an undoubted part of Russia as one of the Russian regions. I think this interest is shared both by Poland and Russia, and above all, of course, by the people of Kaliningrad. That is far from complete list of the issues discussed.  Mr President kindly invited me to visit Poland, and we agreed that the visit by the President of the Russian Federation to Poland would take place in mid-January of next year. It should be added that we also discussed some international issues, including the situation in the Balkans. And, if I correctly understood Mr President, our assessments practically coincided."
2001-08-24 00:00:00,Statement to the Press after a Meeting with Macedonian President Boris Trajkovski,Kiev,[],"Russia has supported and still supports the position of the President of Macedonia on the just settlement of the problem of fighting terrorism in Macedonia and the region as a whole. We believe that force can only be used in international affairs by decision of the UN Security Council. At the same time, disarming the terrorists in Kosovo and some parts of Macedonia is a problem that has long come to a head and whose solution is long overdue. So we support the decision of the international community on the issue.  We proceed on the basis that the problem cannot be solved by mere declarations or by going through the motions. If we really want the weapons to be surrendered we should see first of all how to block the channels through which more and more weapons enter the region.  We should understand that we are confronting terrorists and not rebels. We should understand that the people who confront us use fundamentalism as a cover for their aggressive aspirations and their true goals are not to solve humanitarian problems such as language and everything connected with that. We are confronted by people who have a very different set of political goals, such as redrawing the map of Europe.  The international community should understand this and should not be misled or allow itself to be misled by providing more and more pretexts for resolving political issues by military force.  We believe that the problems of the Balkans, including in Macedonia, can only be solved if the legitimate interests of all the peoples in that part of Europe, including the Albanian population, are met.  I repeat, people who try to solve political issues by force of arms must understand and feel that they will face not a show of strength but its actual use by the international community. Only then can tangible results be achieved. "
2001-08-27 00:00:00,Speech at the Presentation of Ambassadors’ Credentials,"The Kremlin, Moscow",[],"Gentlemen, I welcome you to this ceremony at the Kremlin. I hope it will mark the beginning of prolonged and effective joint work. Russia attaches great significance to the strengthening and development of equal and mutually beneficial ties with all the states, large and small. I am convinced that bilateral relations based on strict adherence to international law is the key to building a just world order in the new millennium. Today a sustained development of civilization is impeded by poverty and economic inequality, and the threat to strategic and regional stability presented by international terrorism and extremism. The international community can only provide a credible response to all these grave challenges by combining its efforts. Russia supports an all-round strengthening of the role of the UN as the backbone of the entire system of international relations. We appreciate the fact that your countries support that position. We all share a common responsibility for the future of humankind. I trust that this feeling will provide a reliable benchmark in our work together. Gentlemen, Russia is interested in stronger friendly ties with Uruguay, our traditional partner in Latin America. Constructive and balanced Russia-Uruguay relations are based on a solid framework of treaties. Both our countries are interested in building up a mutually beneficial partnership. Our relations with Columbia have made great progress, especially in recent years. We count on deeper bilateral political dialogue and trade and economic ties. The history of our relations with Denmark goes back centuries. Back in 1493, a Union Treaty with a name that sounded as sonorous as it sounds today, “On Love and Brotherhood,” was signed in Copenhagen. That treaty determined the special spirit of our cooperation for years ahead. It is important to continue common efforts to bring our interaction to a higher level bilaterally and in the Russia-European Union format. The relations between Russia and China are experiencing one of the most fruitful and successful periods. That applies to the entire spectrum of political, economic, cultural and other ties between our countries. The recently concluded Treaty on Good-Neighbourly Relations, Friendship and Cooperation between Russia and China has been prompted by the very logic of our partnership. The document, reflecting genuine national priorities of the two countries, is intended for a long-term perspective. The Republic of Slovenia is a reliable and traditional partner of Russia in Central Europe. We are satisfied to note the positive dynamics of Russian-Slovenian cooperation geared to stepping up mutually beneficial and many-sided ties. We intend to continue to maintain friendly contacts with the state of Brunei-Darussalam. I have warm memories of my visit to your hospitable country, Your Excellency. This year we will mark the tenth anniversary of our diplomatic relations. We hope to significantly enrich our cooperation through joint efforts. Russia’s relations with Iceland are on the rise. I am sure that we will manage to make genuine progress in areas of cooperation in which there is reciprocal interest. The first ever official visit to Russia by the President of Iceland due to take place next year is expected to play an important role in that. The visit to Moscow by the Indian Prime Minister Mr Vajpai planned for this autumn should be a milestone in Russian-Indian relations. We will not only review the implementation of the October 2000 agreements, but concentrate on the search for promising new areas of strategic partnership between Russia and India. Gentlemen, I would like to wish you success in performing your noble mission. I am sure that your activities will contribute to friendship, mutual understanding and cooperation between the peoples of our countries for the benefit of peace, prosperity and stability. Welcome to Russia."
2001-08-28 00:00:00,Statement to the Press following Russian-Jordanian Talks,"The Kremlin, Moscow",[],"Russia highly values the results of the talks held. We have exchanged opinions on a wide range of international problems and the relations between our two states. The authority of Jordan and its role in resolving key regional issues are steadily growing. This is due above all to the balanced foreign policy pursued by the country’s leadership. Much of the credit goes to the personal efforts of King Abdallah II Ben Al-Hussein, and his far-sighted and consistent approach to international affairs.  Our talks and consultations have confirmed that Russia and Jordan are close in their positions on the main international problems. Our countries are ready to make their contribution to collective responses of the international community to the most complicated issues and problems.  The Middle East occupied a special place in the negotiations. Fulfilling the Mitchell Plan, whose basic provisions are similar to the Jordanian-Egyptian initiative put forward a little earlier, could be a first step towards a settlement. Let me remind you that the plan envisages an end to violence, confidence measures and resumption of political negotiations. We have reaffirmed our strategic commitment to a comprehensive Arab-Israeli settlement on the basis of the relevant resolutions of the UN and the principles agreed at the Madrid Conference in 1991. We have also discussed Iraq. We are convinced that the problem can only be solved by political and diplomatic means. In our opinion, Arab countries can and must play an important positive role in breaking the deadlock over Iraq. It would help stabilize the situation in the region. One of the central themes of the negotiations has been the expansion of Russian-Jordanian business partnership. We intend to promote the relations between different agencies, maintain bilateral trade and create the necessary legal framework for it.  In conclusion I would like to note that the first visit to Russia by His Majesty the King of Jordan is a milestone in the history of Russian-Jordanian relations. I am sure the visit will contribute to the creative partnership between the two countries and the strengthening of friendship and mutual understanding between our peoples.  I would like to thank Your Majesty for kindly accepting the invitation of the Russian leadership and visiting the Russian capital Moscow. Thank you."
2001-08-29 00:00:00,Opening Remarks at a Meeting of the State Council on Modernization of the Education System,"The Kremlin, Moscow",[],"The development of education is not just about the prestige of our country, important as it is. The development of education is a nationwide task. We have always kept the bar high, but the height is not an end in itself, it is a guarantee of the successful development of the state and society. But it can only be so if education meets the general standards of today, if it is accessible and if its quality is high. We see that putting the issue on the agenda of the State Council has ushered in a new stage in the broad public discussion, an acute and frank discussion. The activities of the working group have shown that it is a theme that engages the minds of practically everyone in the country, which is why our future work should be as open and transparent as possible. I would like to stress that what is clear and obvious to the many professionals present here who have dealt with the problem for many years, is by no means clear to every citizen. Yet it should be clear to all.  Before we open the discussion I would like to make some preliminary remarks. Admittedly, our education system is superior in many ways to those of foreign counterparts. This is borne out by the steady demand abroad for graduates of our higher education institutions. But one can hardly deny that we have not yet learned to derive the maximum benefit from these advantages. Meanwhile education occupies one of the leading places in the world economy, it has long become an expensive and most valuable commodity, and sustained development of countries has long depended not so much on their resources as on the level of education. And indeed, what is the use of oil, gas, metals and other minerals if there is no one to extract and process them and even sell them well. What use is all that?  Second. Economic modernization demands structural change in the system of vocational education, which should be professional in the broadest sense of the word.  Today this system takes little notice of the labour market. As a result, we have a lot of people with a higher education, but we are desperately short of truly modern specialists, as you know. Big companies already today pay huge amounts of money employing tens and hundreds of foreign specialists. I think the experiences of some domestic corporations which have launched their own large-scale information and education projects merit attention. I believe that businessmen and their organizations could take a more active part in the reform of vocational education. A third important problem is making education accessible. People should have a clear idea where they can count on government support and the government must know to what extent and how it must interfere in the sphere of education and where citizens can and must rely on their own efforts and potential.  I would like to stress however that free education is the cornerstone of our government policy. But we should not turn a blind eye to another thing. Fee-paying education is also developing and it must at long last have an adequate legal and organizational form. If it is paid for, then it should be absolutely transparent and understandable. Everybody must know what he or she pays for, how much they pay and what they will gain as a result; no underground schemes should exist. The important thing is that both forms – paid and free – provide quality education. I expect the Government and the working group to present their views on these key issues today. Another problem directly linked with guaranteed education is national education standards. The need to introduce them has been mooted for many years. I am referring to a new system of requirements to teachers and school leaders.  The completion of that task has been unpardonably delayed. The lack of such standards means that the government has still not made up its mind about its obligations in this sphere. We still don’t know exactly the type, quality and volume of educational services that the country and its economy really need. So far such standards are non-existent and many discussions of education reform simply make no sense, including the discussion of the 12-year secondary school that has been taking place among teachers and parents for several years now.  I am convinced that it is high time to establish a reasonable balance between universal and fundamental knowledge and the pragmatic kind of education geared to the real needs of the national economy.  Working out national education standards is not something that can be done by just one agency. Teachers and scientists and possibly the National Education Council, which has recently been much debated, and whose relevance and possible functions and areas of activity have been questioned – all should work actively together.  Often the shortage of budget financing is named as the key and the only problem of education. Granted, that is always important. Financing problems have always existed and will exist.  But there is another side to the matter. The resources the central and local governments, individuals and enterprises put in the education system are still not being used effectively. One possible answer is to abandon financing the cost estimates of educational establishments in favour of financing quotas per student. In this approach, money follows the student and is not “diluted” in the total estimate of the cost of running a school.  A good educational institution is in demand in the market, it attracts people, and government resources are allocated based on the number of students. If students do not come, funding is diminished. Obviously, in some spheres of activity the government will continue to provide the bulk of financial support for this or that institution or this or that type of activity. It is still a debatable issue that calls for serious thought, as the discussion within the working group has demonstrated. There have been a lot of arguments.  I would like to mention the problem of the responsibility of all the levels of government for the education process. It is a joint responsibility of the Federation and the regions. We have talked a lot recently about the need to delimit the spheres and levels of responsibility. The fewer the areas of shared responsibility the better. Yet we recognise that such areas cannot be completely eliminated. I think education could provide an optimum model of delimitation of terms of reference with maximum effectiveness and benefit for all the levels of government.  Finally, I think it is necessary to mention one other topic. And that is the introduction of modern information technologies in education. You know that this is a critical issue.  Thirty years ago a nationwide drive was proclaimed with the aim of “computerizing the whole country”. The gap between this grandiose plan and its results is known. We have no right to repeat the same negative experience. Many new challenges face the education sphere. No wonder the preparation of the working group’s report to the State Council has not been simple, I am told. Different points of view, often mutually exclusive points of view, were voiced during the discussion. I think work on new agreed approaches should continue, but not endlessly. I am convinced that education cannot be seen only as accumulation of knowledge. In modern conditions it is above all the development of analytical skills and critical thinking, instilling the ability to learn and acquire knowledge and keep abreast of changes. These abilities can be instilled only by a new kind of teacher. All education reforms would be doomed if the teacher does not change and the conditions of his work and life do not change. The teacher’s prestige depends not least on his or her salary and material wellbeing, but not only on that. Respect is generated by professional competence. Only then will we get a teaching profession that will enjoy a high social status. It has always been that way in Russia. Only then can we be absolutely sure of the success of this important area of public life. In my opening remarks I have touched only upon some aspects I think are the most important. I hope that our conversation will have a wider range. In conclusion I would like to stress that the government’s education policy must be understandable to every Russian citizen and feasible in practice. Ultimately, it should be effective, feasible and accessible. Thank you."
2001-09-01 00:00:00,Interview with the Finnish TV Channel Uleisradio,,[],"I even find it hard to say how many times I have been to Finland. Many times and I have the best of impressions. As you know I was born and grew up in St Petersburg, a city that historically has always been closely linked with Finland. I know that even before 1917, the Finnish intelligentsia liked to spend their weekends in St Petersburg. We have always had a lot of Finnish tourists. In general, over the years we have come to like the Finns, have kind feelings towards the Finnish people and think of them as very good neighbours and very reliable people in that part of Russia. On the one hand, they belong to the European culture and, on the other, they understand Russians and readily find a common language with them.  I think that during the Cold War Finland played a very important role in Europe precisely because of its neutral status. At the time it was definitely a kind of bridge between West and East. It was not by chance that the Helsinki Final Act was signed in Helsinki. It played an important role at the time, and Finland has not yet lost that role today. If you asked me whether it makes sense to forge a special relationship, I would say that it is already in place. The thing is to preserve this relationship and develop it in the right direction. If we look at the economy we see that despite the downturn, especially after 1998, we have recently seen significant growth in economic ties. Our trade registered a 48% increase within the last year. Russia accounts for much of Finland’s foreign trade, about 7%. Our mutual trade is $5 billion. Russia ranks approximately fifth among Finland’s main economic partners, and Finland’s rank among Russia’s partners is roughly the same.  As for my relations with the Finnish leadership, I must say that I had good relations with the previous President and with his predecessor. I have very good relations with the current Finnish President, Ms Halonen. She is a recognised European leader and highly regarded in Europe. I am proud that we have developed very good and friendly relations with her. Definitely so. We know that forestry and wood processing are highly developed in Finland, but that is not the only reason why we are interested in Finland. We have many opportunities for developing bilateral cooperation in other spheres, for example, in telecommunications. We know that Nokia and other leading Finnish companies have shown an interest in cooperating with Russia in this sphere. We are aware that major Finnish companies are working successfully in the metallurgical industry, and that provides another field for discussion and joint work. I must say that the Russian economy and the Russian laws adopted recently offer some opportunities for Finnish businessmen. You will have heard or read that today Russia has a flat income tax rate of 13% regardless of income size. As far as I know, income tax in Finland for high-income people is up to 60%. That is one opportunity to use the favourable investment climate in this country.  Second, we recently passed a law whereby the tax on the profits of legal entities, of businesses, will be 24%. In Finland, I think, it is 40% or more. This offers major opportunities for direct investments, for moving Finnish production facilities to Russia.  If we follow that road, the gap in living standards between the people in Vyborg and the neighbouring parts of Finland will be bridged quickly.  I think this is an area of activity, in this case in the humanitarian sphere, where the countries of Northern Europe and Finland have a good record and take the right approach in the handling of sometimes delicate issues. The right of minority languages to develop and survive is a priority in the northern countries and Finland, and I think that is absolutely right. We will do the same not only in the north of our country, not only in Karelia, but in other places in the Russian Federation. You may have noticed that the students at Petrozavodsk University were singing songs in the Finnish, Karelian and other languages of the Russian North. These territories were being developed simultaneously by Scandinavians and Russians from Novgorod. They were developed at about the same time. A unique situation exists in that part of Europe. There have never been ethnic clashes there. It is a very interesting experience which is highly relevant for Russia as a multinational state.  As for cooperation between Karelia and Finland, and not only Karelia but all the other Russian territories bordering on the Finnish Republic, that is very important. When I was the Deputy Mayor of St Petersburg, I headed the Government Commission on Cooperation between St Petersburg and Finland. I was its Russian co-chairman. And it was obvious to me even then that the development of regional cooperation between Finland and the neighbouring parts of the Russian Federation was very important because problems in the development of bilateral ties are more apparent at the regional level and ways to solve these problems are also more apparent. It applies not only to humanitarian issues but of course to issues of economic development.  As you know, before the decision was taken to build the port, an ecological study was carried out and the results of the study were presented to our Finnish colleagues. Currently, specialists do not have any fears about that issue. I would rather speak not about the building of the port, but about the need for all the Baltic countries – and Russia is currently the president of the Baltic Council – to pool their efforts to enhance the safety of navigation in the Baltic Sea and in the Gulf of Finland.  No. We have spelt out our position clearly. We do not see NATO as a hostile organisation, like in the times of the confrontation between the Warsaw Pact and NATO. The Warsaw Pact no longer exists, and the Soviet Union no longer exists. Democratic Russia takes a very different attitude towards NATO. I repeat, we do not consider it to be a hostile organisation, but we see no point in its expansion because there is no threat to European countries, at least not from the East, from the Russian Federation. That is an obvious fact. So, we believe it would be proper to speak about creating a single security system in Europe. That is an issue of principle, because if there is no equal security for all, then the key element, trust, will be lacking. The mere advance of NATO borders to the East, unfortunately, does not solve that problem.  As for Finland, we said at the start of our talk that Finland has played a unique role in recent European history owing to its neutral status. In addition, accession into NATO requires new members to greatly increase their military budgets, to 2% of the GDP. What for? Secondly, it requires the adoption of the new standards, NATO standards of weapons, which means a virtual replacement of all military equipment. What for?  I don’t think it is warranted by the realities of present-day Europe. The objective reality is that we all face common threats which we must confront together. What are they? The spread of terrorism, the spread of fundamentalism, the spread of narcotics and organised crime. All these are real threats, but these problems are not addressed within NATO. They can only be solved through the joint efforts of all the European countries.  Take the Russian-Finnish border. If Russia were to loosen the protection of its border – and let us be realistic and honest about it – Finland may face problems that are similar to those experienced by the Central Asian region, odd as it may seem because it is a region far removed from the Finnish borders. Finland would immediately feel the impact of the problems connected with drug trafficking, organised crime and even fundamentalism. We support the strengthening of a united Europe, including its enlargement. Russia is a European country if only because it is in Europe. And not only because of that, but above all because it is what it is because it is a centre of European culture. We see the enlargement of the European Union in a different light than the expansion of NATO. We believe it is a positive process and we support it.  Today, about 35% of our trade is with Europe. If potential members of the EU are admitted, that indice will top 40%. The main thing is that in the process of admitting new members to the EU, they should not face obstacles and impediments to their traditional links with the Russian Federation. This is in the interests both of Russia and would-be members of the EU from Central Europe or the Baltic countries.  There is a set of humanitarian problems, too. You have just mentioned the importance of minority languages, and I would again like to bring up the positive experience of Scandinavian countries and Finland in terms of supporting the languages of ethnic minorities. This experience and these standards must be applied to the Russian-speaking population in the Baltic countries. There must be a common European standard. We want nothing beyond that standard for the Russians living in the Baltic countries. I think that is absolutely fair.  But we can also speak about common European standards in the humanitarian sphere. If for example, the Albanians in Macedonia who account for 20% of the population in some of the country’s regions, are pressing their demands for making their language an official language, if proportional representation of the Albanians in the government bodies and even in the police force is regarded as fair – I am not going into the rights and wrongs of it now – then there must be common European standards. Then the same must apply to the right of the Russians who live in the Baltic countries. There should be no double standards for northern and southern Europe like there should be no different standards on humanitarian issues.  Yes, everything is OK. As you know, our European partners, including Holland, are actively involved. The first challenge to be addressed during the lifting operation is of course nuclear safety and environmental safety. In fact, one of the reasons for lifting the Kursk is to solve environmental problems, that is in addition to the military and moral obligations to the families of the dead sailors. If the nuclear reactor can be lifted from the seabed it must be done. Experts, including from Europe, say it is possible, and Russia is doing it partly in accordance with our obligations to preserve the environment in that part of Europe. Water samples are constantly being taken, not only close to the submarine, but directly from inside it. These samples are studied by our experts and are sent to Holland for analysis. There are no signs that would give cause for concern. "
2001-09-01 00:02:00,Interview with the Finnish Newspaper Helsingin Sanomat,,[],"The Finnish President and I agreed on my visit a long time ago and I am very pleased that these plans will shortly come true because, frankly, I have special and very warm feelings for Finland. This is not only because I have lived next door to Finland for many years, having been born in St Petersburg, but also because I was involved in Finnish-Russian relations for a long time with my work. In Soviet times about 60% of Finnish goods were sold on the Soviet market. Today according to our rough but realistic estimate, about 50% of Finnish businesses are in one way or another linked with the Russian economy. During the past year, we have accomplished a great deal together. We have increased our mutual trade by 49%. From my data, Russia accounts for 7% of Finland’s trade. That is a lot. The figure for Germany, I think, is 12–13%. Finnish businessmen know Russia well. We know that the Finns are highly reliable partners. Good knowledge of each other, the Finns’ experience of working in a market economy and a shared vision – all these are good prerequisites for broader contacts.  But there is something else that is very important and underlies this state of affairs. It was created by the previous generations of political leaders of Finland and Russia, in fact, of the former Soviet Union. I would describe this situation as a high level of mutual trust. That is very important. It created a very solid base, and we must be careful to preserve it.  I would refrain from expressing any wishes. I think that would be impolite, but I can make a suggestion. As you know, we have the lowest income tax in Europe, a flat 13% regardless of the size of personal income. In Finland it is as high as 60%. We have just set a company profit tax at 24%, also one of the lowest in Europe. In Finland, the tax is over 40%. That is a good reason for locating production facilities in Russia.  I am aware that some Finnish businesses suffered as a result of the 1998 crisis. We remember that and are exerting the necessary efforts to prevent the same thing from happening again. And I should say that all our actions are geared to making Russia safe for investment, both Russian and foreign.  Russia is a European country and the European track of our foreign policy is a priority. After World War II and the emergence of blocs, as a result of the Cold War, Russia suffered more than any other country from the division of Europe, from isolation. We have learnt these lessons well and of course all our actions today and in the future will be aimed at preventing any dividing lines from appearing in Europe. As for the Northern Dimension, we support that Finnish initiative and think it is very sound. But I think we could do more together to invest it with substance in terms of developing specific projects and attracting capital.  We have been discussing the Northern Dimension for several years. All the right words have been said, but I think we should act more vigorously. Both Finland and Russia are interested in it. You know as well as I do what bureaucracy is like, not only in Russia, but also in Europe.  NATO was born as a response to the Soviet threat. The Soviet Union no longer exists and there is no threat. We do not believe there is any objective reason for NATO expansion. In our opinion, it would make more sense to create a single security framework in Europe that would not establish new dividing lines. What problems does NATO address? Against whom does it protect its members? The real threat today is terrorism, the spread of narcotics, organised crime and the illegal arms trade. These are the real threats, and we should fight them together. I repeat, we should create a single security framework that is equal for all the European countries. Only then will the main prerequisite for the development of the European continent as a centre of world power be in place, and that is trust.  Yes, of course. I think the biggest mistake would be to present claims to each other rather than conducting a dialogue. I am very pleased with my meeting with the leader of Lithuania. I also had a very positive dialogue with the President of Latvia. When you start talking, you come to understand the real problems of your partners; you get better insight and understand possible ways of solving these problems. And you realise that the people who are interested in = the development of relations between states outnumber those who oppose it.  For Russians in the Baltic countries, we want nothing more than common European standards in the sphere of human rights. The Scandinavian countries set a good example, and Finland is a prime example for the use of ethnic minority languages.  So, if you think about what is happening in southern Europe, for example, in Macedonia, we see how acute these issues are. I think we should work together to come up with common European standards. There should not be different standards for southern Europe, for northern or eastern or western Europe if we are talking about a single Europe.  If a Muslim population of 20% demand proportional representation in the government, including in the police force, if they want the language of a minority to be recognised as the official language, and these demands have broad support in Europe, why is it that the Russian-speaking population in some Baltic countries has no right to present the same claims? What’s wrong with them? In Latvia, I think 30% of the population are ethnic Russians. And it is the same in Estonia. I don’t remember the exact figure, but it is a high percentage.  I am not saying that it is wrong when I talk about Macedonia. I am not making any value judgments. I merely say that there must be a common European standard. No one should advance exorbitant claims or create problems, and the government bodies, the authorities of European countries should have these common standards to guide them.  And another thing regarding the Baltic countries. Unfortunately, anti-Russian rhetoric still runs high. I think it would be counterproductive if once the Baltic countries join Europe, it finds its way into European institutions. Some day it must be stopped and constructive dialogue must be initiated.  Yes, but if we do nothing to introduce these standards, they will never be applied. Everybody will use the differences of culture and living standards and so on as an excuse. I find it hard to disagree with you, of course all this has to be kept in mind, but international law is usually not binding; it offers recommendations, and works out and proposes the principles for solving problems. As for the position of Russian speakers in the Baltic countries, I would like to comment on that. I don’t want to turn it into an issue that impedes the development of inter-state relations because that would be bad even for the Russians who live in the Baltic countries. We will join forces with reasonable politicians in the Baltic countries who genuinely want to promote contacts with us.  We are aware of our inter-dependence in the economic sphere, above all in the transport sphere. Of course we are building a port in Primorsk, in Ust-Luga, and we can build a lot of other ports and become less dependent on the port infrastructure of the Baltic countries, but we have not set that goal for ourselves. We want our relations with the Baltic countries to be natural and mutually beneficial. We will not proceed from a position of strength or seek to create economic difficulties for them. No, we believe that if we engage in a normal dialogue, we will stand to gain from being part of the European division of labour, provided we structure our joint work correctly.  First of all, the President of the United States is an important political leader. Of course he must proceed from the current international realities and from the economic situation in his country. In my opinion, he is a constructive and meaningful partner for dialogue and in tackling the most serious issues. At the same time, we know the adage that “the king is played by his retinue”. Of course, he has the final word, but we have a feeling that his team has yet to make up their minds about some priorities. Once that is done and options for solving the issues of strategic stability and some other issues are presented to us, our dialogue will assume a substantive character. But the mere fact that we have agreed to hold consultations on all these complicated issues is a positive sign. And the very fact that it was Mr Bush who declared that he will not see Russia as an adversary or an enemy is important grounds for us to believe that this is the man with whom you can engage in a dialogue and come to an agreement, despite his tough stand on some issues.  Major changes, indeed, historic changes in the former USSR became possible only because the boundaries of the information community expanded. So, the existence of a free press and its development is without any doubt a prerequisite for the preservation of democracy and freedom. It is a necessary condition. And supporting the press, a free press, is one of our undoubted priorities. However, the press can only be genuinely free if it has its own economic basis. Corresponding economic conditions must be created for that.  However, if certain media outlets cater exclusively to the interests of individual oligarchs who have made their fortunes mysteriously or, let us face it, in semi-criminal ways, that has nothing to do with the freedom of the press. That has everything to do with the protection of their own economic interests.  As for the takeover of NTV by Gazprom, it’s very simple. The former owner of NTV incurred loans of over $1 billion dollars, about $1.2 billion. And he got the lion’s share of these loans either directly from Gazprom or against Gazprom’s guarantees, about half a billion, and he hasn’t paid back any of that money. By the way, the next instalment, in the amount of $200 million, is due. And the former owner has been running a criminal and unlawful system of paying some of his journalists. They received money in envelopes bypassing current legislation and evading taxes. Some members of the staff were paid hundreds of thousands of dollars a year.  This and the credit history are being investigated by the Prosecutor General’s Office of Russia. It has nothing to do with the freedom of expression. We will not allow anyone to blackmail us through the media or by other means, we will protect the interests of the state.  You know, apart from Peter the Great, Russia had other outstanding leaders who did a great deal for the Russian state: for example, Catherine the Great and Stolypin. Europe too has many other outstanding figures who made great contributions to the development of their countries on the European continent, in addition to Erhard and de Gaulle. I think making an icon of anyone is a very dangerous thing, but we remember and will ever remember outstanding Russians. Of course we look at what they did and how they did it, but we are making adjustments for the requirements of the present day. Our goal is to make Russia an effective modern state in the full sense of the word, a reliable and effective partner whose existence and development supports the European civilisation and creates conditions for a worthy life for its own citizens.  Where is the fundamental contradiction? I don’t think so. You have said that Europe is somewhat worried about the relations between Russia and the US. I would like to reassure you. Russia will on no account do anything to complicate the international situation. Russia itself has changed dramatically and we stand nothing to gain from a complicated international situation. Russia’s main foreign policy goal is to create a situation around our country that will help us to solve our internal economic and political problems. And that means stability in the world, friendly relations with our neighbours and our main partners, who of course include the US. Look at our foreign policy steps, especially in the security sphere. We have acceded to all the international obligations. We had for a long time been under pressure to ratify the START II. We have done so, but not our American partners. Today we say: “Weapons of mass destruction must not be placed in space”. There are currently no weapons of mass destruction there and no one should take that first and very dangerous step. We shall see how our American partners will respond.  We do not have the kind of computers that model nuclear explosions like the Americans have, and yet we have renounced nuclear tests. We do not intend to carry out nuclear explosions, at least as long as our partners, especially the Americans, do not. We have proposed to cut offensive weapons to 1,500 warheads, but let me stress that it only makes sense if confidence measures and verification on both sides are preserved; if it is impossible to reverse the situation. That is, one can remove a warhead and store it nearby and put it back at any moment. That should not happen.  We have not violated any of our obligations. We are satisfied with everything. We are told that some treaties such as the 1972 ABM Treaty are obsolete. But we are not saying it, they tell us this. We do not agree that the treaty is obsolete. Nevertheless we display good will and we are ready to negotiate.  Of course one can imagine an extreme approach, a very tough approach to any negotiations on the premise that America is so strong that it does not need any negotiations or any treaties. Well, in that case we can only shrug our shoulders, but even in that case we are not going to become hysterical.  I would like to stress that this is not so much about us, but about the international security framework. That needs to be understood, because we have enough missiles to guarantee our security for decades ahead; but I am absolutely convinced that for the international community and for Europe it is important that this sphere be transparent and understandable. Everybody must know what is happening in this sphere to feel more secure.  I think that by now all the objectives set at that time have been achieved, not that I expected it to be otherwise. Everything that has happened and the current state of affairs was expected. You know that Chechnya had turned into a criminal enclave because it came to be run by people who have nothing to do with the interests of the Chechens. Large militia groups have been eliminated, and social and economic reconstruction of the republic is starting. We cannot and will not press ahead until we have stamped out organised crime because it makes no sense to restore what will be destroyed tomorrow. Nevertheless the process has started and these efforts will be intensified.  I have said this on more than one occasion, but I would like to recap some of the basic things for the benefit of your readers. As we know, in 1996 Russia, while not officially recognising the independence of Chechnya, in fact granted it full independence. All the troops had been removed from Chechnya, all the government and administrative bodies, the police, the law courts and the prosecutor’s office had been dismantled. Their staff left Chechnya. The only thing Russia did in the period between 1996 and 1999 was to regularly send large sums of money to finance pensions in Chechnya. True, not a single rouble reached the pensioners. As the prosecutor’s office later found out, all the money, down to the last rouble, had been stolen.  Russia left a power vacuum in Chechnya, a political and ideological vacuum that was instantly filled by fundamentalists from some Muslim countries. The whole territory of the republic had been divided into pieces run by warlords. The economy and the social sphere were totally destroyed. The only source of livelihood was plundering neighbouring Russian territories and crime. Chechnya became a base for a criminal invasion of the Russian economy, drug trafficking, the production of narcotics and kidnapping.  Because Russia was afflicted by an ugly syndrome after the events of 1996, it did not react to these crimes in any way. All that of course encouraged and radicalised the ambitions of those who ran that territory, and in the summer of 1999 launched a large-scale attack on the neighbouring Republic of Dagestan under the slogan of severing more territories from Russia and creating a Muslim Caliphate from the Black to the Caspian Sea, the United Islamic States.  But the attackers had miscalculated because Muslims in Dagestan did not support them. In fact they took up arms and organised resistance. It became clear to us that these people – though their ideologists are abroad, many mercenaries from some Muslim countries are still fighting in Chechnya – that they would not leave us alone.  The important thing for us is to prevent that territory being used as a base for attacking Russia and destabilising it from within. Russia has experienced it before and will not be treated in this way again.  Many Chechens today support us. That is why the terrorists more and more often kill their own compatriots, especially those who collaborate or seek to become free.  To be sure, political issues can only be solved by political means. And we will move in that direction as the situation matures. Ultimately we should hold elections there, elect the head of the republic and parliament. I hope it will happen in the not too distant future.  We have just taken a decision and turned over municipal property to the republic in accordance with Russian laws, including schools, hospitals and other social amenities. We have disbursed funds for their restoration, maintenance and development. We will continue to involve the local population in government. We will transfer the levers of administration to the local people because the problem of Chechnya cannot be solved without Chechens. "
2001-09-03 00:01:00,Statement to the Press and Answers to Questions at a News Conference with President Tarja Halonen of Finland,Helsinki,[],"I would like first of all to thank the President of Finland for her invitation. As you noticed, a sufficiently representative Russian delegation has arrived in Helsinki. They are people who make independent decisions in their fields, not mere crowd-fillers. This is an indication of the level of our relations and of Russia’s attitude to Russian-Finnish ties. We are also very pleased with the results of the negotiations just completed with the President of Finland. This is our second official meeting since Tarja Halonen visited Moscow. We have met more often at international forums. I must say that this time we have been able, in a favourable atmosphere, to raise and discuss very serious aspects of our bilateral relations and international issues. We value the relationship of trust established between Russia and Finland during these years. What is important is that today our relations are free of political issues. I do not think anyone will doubt that Russia and Finland have only benefited from this in the past few decades. In 2000, trade between our countries topped the $5.2 billion mark. I am convinced that as the Russian economy expands, coordination of trade and investment activities will grow. Our principal objective today is to create legal guarantees for business, and we and our experts spoke at length on these subjects yesterday: how to build and strengthen a legal framework for cooperation.  One particular area of our trade and economic cooperation is the timber industry. Next March we are planning to hold a joint conference on this theme under the chairmanship of heads of Government of the two countries.  A few words about the situation on the Russian-Finnish border. For Russia it is now one of the calmest sections around the perimeter of its frontiers. And this despite the fact that more than 6 million people cross it annually. Our countries are investing liberally in border crossing points and roads, including their improvement and modernisation. Before the end of this year, we are planning to open two more points for motor traffic – at Svetorgorsk and Salo. Consideration is being given to starting regular passenger traffic from Petrozavodsk to Yoensuu. We have likewise discussed in detail the development of the transport structure and high-speed rail between Helsinki and St Petersburg and from St Petersburg on to Moscow. If these plans succeed, then the travel time to St Petersburg will be somewhere around three hours, and from Helsinki to Moscow, seven or so hours. These are quite realistic plans and can be carried out within three to four years.  These measures are intended to make life easier both for businessmen and millions of ordinary people – tourists, students, athletes, scientists and artists – all those who want to learn about the life and traditions of the neighbouring country.  There is one more point I cannot help mentioning. We know that Finland treats expatriate Russians well and is sincerely interested in the Russian language and culture. The prevailing tendency here is to give a considered and realistic assessment of different and often ambiguous events of the past. I think this is a good example for our other neighbours, where the Russian-speaking population is still not treated adequately as required by the European Union.  Over the course of the meeting we also discussed key issues related to world politics. I want to note that on most of them our positions are very close and on some they simply coincide. Russia and Finland firmly advocate the primacy of international law and the leading role of authoritative organisations such as the United Nations and the OSCE. Russia applauds Finland’s non-aligned status and acknowledges its vital significance for stability and security in the Baltic region and northern Europe. I must say that, on balance, Finland’s status has helped it to make a unique contribution to current developments in the world and Europe. We also believe that Finland’s EU membership is opening up new vistas for business cooperation between our countries, and we propose to turn it to good account. Russia highly estimates the readiness of Finland’s leadership, and President Halonen in particular, to develop friendly partner relations with us. We, for our part, will strive to preserve all the valuable elements achieved by our peoples over recent decades. I am sure we have many things to be proud of and to prize. There are no large-scale hostilities under way there now. In point of fact there are no hostilities at all. We are currently encountering only individual attacks by terrorists, and moreover, I would like to draw your attention to the fact that we are not talking about a Chechen problem as such, although this aspect also exists, but primarily about the opposition of the so-called religious extremists, about establishing normal life in the republic. Despite all the difficulties, civilian institutions will continue to be established there and be gradually provided with all power in the republic. We have budgeted sizeable sums of money for 2002 to rebuild the social and economic infrastructure of that territory of Russia. And when the necessary climate is created, representative bodies of authority will be elected. I think the processes are complex but they are moving in the right direction. I am sure that by working together with the help of the international community we will be able to tackle even very involved matters – humanitarian matters. We had a rather lengthy discussion on this topic. We are pleased that there is a country like Finland which enjoys quite a high level of cooperation and very good relations both with Russia and the Baltic states. And its example, at least its example, can do a lot to improve relations between Russia and the Baltic countries. Russia isn't seeking to exert any kind of pressure on the Baltic states and is insisting only on one thing: that the common European social principles should extend to the Russian-speaking population of the Baltic countries. We need nothing else. But we will be insisting on that: it includes the language, representation in bodies of authority and administration, and so on. In my last interview with Finnish media I spoke about that, but I can repeat what I said. If in a region like, say, Macedonia, ethnic minorities that make up 20% of its population, in this case the Albanians, demand and negotiate certain conditions for themselves: official recognition of their language and representation in bodies of authority and administration, including in security agencies, why should we deny such things to the Russian-speaking population in the Baltic states, who make up a higher percentage in some of them than the Albanians in Macedonia: 36% and 28%?  We must, without any ill feelings, come together and agree on common principles and rules in this area and see to it that all countries and continents stick to them. But this, of course, can be done only in an atmosphere of benevolent dialogue and positive cooperation. I think Finland can make a very substantial contribution. You know our position regarding the expansion of NATO. We do not believe that this has been guided by the objective realities of the current international situation. No one is threatening anyone else in Europe. It could probably only occur to some sick, fevered imagination that even some acts of aggression could be launched by anyone in this region of Europe today, including Russia, primarily Russia. We recognise the independence of states and are ready to help with its development. I think only this can explain the urge of some countries, including the Baltic countries, to join the North Atlantic bloc in order to reassert their independence once more. In the final analysis it is their choice. But, I repeat, we see no objective reasons for expansion, even to include the Baltic countries. But surely this is not the point. People all over the world, all over Europe talk about the need for a favourable political climate in Europe, about the need to tear down old barriers in Europe. Does NATO’s expansion solve this problem? It certainly does not. So why deceive ourselves? The decision simply pushes NATO’s frontiers to the Russian border. The move does not create a common security space on the continent. It fails to solve the key problem. I do not think we should take advantage of this situation to launch a campaign of hysteria. That would only worsen things, but, I repeat, we are not happy with this. We consider it a mistake which will fail to solve global problems and problems of European security. To begin with, I must say that we have just discussed NATO and whether one should join it or not. I must say that in recent decades Finland has made impressive use of its neutral status and its relations with the Soviet Union, and is today successfully developing relations with Russia. We really believe that our relations with Finland can set an example for other states, the European Union included, on how to develop relations with Russia. Many technical and technological questions and questions of a legal nature have been cropping up. It was these questions that our experts examined and President Halonen and I discussed. We consider it necessary to strengthen the legal framework, and a mutual investment-support agreement and investment guarantees are a very important part of our programme. Experts have so far been unable to agree on all the details, but we are not dramatising things, the experts are on the right track, and we are sure all these questions will be answered. To be sure, as the European Union expands, Russia and our traditional partners are facing many questions. Incidentally, we are counting on Finland’s support in negotiations with the European Union on these matters. By and large we see no problem that does not have a solution in sight.  In conclusion, I would like through the media and you, my colleagues, to thank the people of Helsinki and Finland for their kind reception. I see many groups of demonstrators following me in an orderly way. They all demand a redrawing of European borders. I do not think this is the optimum way of resolving pan-European issues. If we allow Europe to plunge into this process, no one will be left unaffected, but neither can we ignore these people. The President and I discussed this matter. We see only one solution to all these problems – to combine our efforts and integrate European countries into a single structure. Then it would not matter where a person chooses to reside in a united Europe, a bit closer to Helsinki or a bit closer to St Petersburg. But on the whole, I want to thank the people of Helsinki for their friendly reception, because different people, not only the organised ones who followed me from place to place, but people from many walks of life, sincere in their expression of feelings, gave me a warm welcome in the streets. That is very gratifying. And on behalf of all members of our delegation, I want to extend the warmest words of thanks to them."
2001-09-03 00:02:00,Opening Address at a Meeting with Finnish Businesspeople,Helsinki,[],"Ms Halonen, Mr Chairman, Ladies and gentlemen, I am happy to have a chance to speak before such a representative audience. You have firsthand knowledge of Russia, its advantages, weaknesses and problems. You are active in the Russian market. Finland is to us a partner out of the ordinary. You owe your progress to hard and persistent work. All citizens of your country now enjoy every benefit of the market economy, democracy and supremacy of the law. As everyone knows, special relations with the Soviet Union did much to spur on Finland’s development, and we must preserved the scope of contacts we achieved in the previous decade. We are glad to be Finland’s neighbour and we cherish our confidential partnership with it. This partnership emerged long ago and took years of patient work. It is our duty now to strengthen and develop our positive teamwork. I want to say a few words about the situation in Russia before getting over to our economic cooperation. I think you are all well aware of the changes in Russia, of its new stability. Contacts between legislative and executive bodies became closer and smoother after the latest parliamentary and presidential elections, which has made it possible to pass laws whose absence had badly impeded the nation’s progress. We are further streamlining state administration and developing federal relations. All this has a beneficial impact on the economy. I don’t want to quote too many figures, but still I will give you some statistics. Last year Russia’s gross domestic product was up 8.3% and total industrial output was up 11.9%, which are the biggest growth rates for the last 30 years or more. We attach great importance to close compliance with the federal budget. Last year’s was a surplus budget for the first time ever. Russia pays its debts on schedule, complies with all its obligations, and has not needed foreign refinancing for several years. A tax reform is underway. Its main goal is to reduce the fiscal burden. We have Europe’s lowest private income taxation rate, 13%, since this year. Despite its radical reduction, income tax revenues have skyrocketed. The increase was 54% for the first seven months of this year. Gross fiscal revenues grew by more than 30%. We also want to make our fiscal system just and transparent. We will go on with this job. A recently adopted law reduces corporate profit taxation rates from 35% to 24%, also one of Europe’s lowest. This is crucially important, and I want you to take note of it. All kinds of privileges and non-transparent schemes have become obsolete with the tax rate reduction.  We are streamlining taxes on the use of natural resources. A single tax has replaced the previous three. What matters most, it is convenient and rules out arbitrary bureaucratic action in levying taxes. We know how important it is to put an end to situations that breed corruption. A package of laws we call “de-bureaucratising” has been designed with that goal in mind. It implies economic liberalisation.  Here are two examples. It used to take three months to register a new company and now it takes just several days. Two thousand types of business activities required a licence before, but now it is only a hundred. I don’t think we will stop at that. The Russian domestic market is getting more dynamic. Industrial companies are working, and the real public income is growing. True, our living standards remain rather low, but ordinary people are regaining optimism. That is what’s most important. The public expects not more hardships and crises but lasting progress and improvements. Now, for bilateral trade and economic partnership. Despite certain problems and misunderstandings, its scope exceeds even what Russia has with certain CIS countries. Last year’s Russian-Finnish trade turnover amounted to $5.2 billion, and this year promises to raise it to $5.8 billion. I agree with Mr Chairman, who evaluates the potential trade turnover at 7 billion euros. All this cannot but make us enthusiastic, but we do not rest on our laurels. It would be wrong to think we have found the Sampo, the magical artefact you Finns are so fond of. We partly owe our success to a beneficial situation in the international finance and energy markets. I must say, however, that the latest energy revenues were smaller than what engineering and some other industries brought. Be all that as it may, fuel and raw materials account for the greater part of Russian exports to Finland. Some people even allege Finland’s energy and raw material dependence on Russia. That is not true. Dependence comes from unequal partnerships. I don’t think this will ever be the case with Russian and Finnish companies. We understand that geographic proximity to Russian resources gives Finnish industries major advantages over their European competitors. Nevertheless, Russia intends to restructure its exports to Europe, Finland being no exception. I don’t mean we will reduce energy and raw material exports. No doubt, Russia is interested in ever-closer energy partnership with Finland and the entire European Union. We look forward to the closest possible partnership on such projects as opening up the Shtokman gas condensate deposit and the Timan-Pechora oil province, and laying the North European Gas Pipeline. We have another strategic priority in foreign trade, however. We want to improve the export structure, and supply not only raw materials but also finished products. In this, we have stored positive experience of partnership with Finland. Russian-Finnish trade and economic partnership is rooted deep in history. Politics occasionally determined its development. Much has changed since then, and both countries prefer a pragmatic approach now. That is why no commodities can have a preferential status in our markets merely because they are tagged “Made in Finland” or “Made in Russia”. Russia is sure about its economic partnership priorities. It is willing to advance projects that have good prospects for joint ventures. But it is wishful thinking to expect any kind of preferential terms for such projects. Our privileges and preferences are in our mutual proximity and good understanding of each other, which give us major benefits. Then, there are joint infrastructure projects, which enjoy both Governments’ support and personal support from the Finnish President. Today, we concentrate on elaborating lasting and explicit economic rules, which would make the Russian market comfortable and lucrative to all investors. An essential part of our cooperation is to promote investment. Russia is especially interested in Finnish investments. Finland is firmly established among countries that are well aware of the benefits offered by the Russian market. But we think we need to do much more, as the prospects are vast. The scope of our partnership allows us to expect a major increase in Finnish investments. That is why we are willing to discuss what Russia and Finland should do in that field. An agreement on the protection of mutual capital investment is among our basic instruments, which will promote new investment contracts. That reminds me – Interros and Outokumpu, the two countries’ leading metal producers, are signing a partnership agreement today to build an ore-dressing factory in Norilsk. We share many goals. The Russian-Finnish border is a generally recognised gate for Russian-EU commodity transportation. We must maintain and develop it together, improve checkpoints, and smooth the cooperation of customs and frontier services. Much has been done in this respect, but we should even now weigh the prospects for commercial transport corridors, such as the Northern Railway project. Stretching from Perm to Oulu, this route will link the Urals with Finnish ports in the Gulf of Bothnia. The construction of the Northwest thermal power plant, and a ferry and speed railway to link St Petersburg with Helsinki, and a number of environmental ventures belong to projects of vital importance for both countries. As we know, large timber companies intend to make major investments in Russian timber processing. We promise such companies all-round support.  Russian economic development promotes our partnership and gives grounds for optimism. We expect 4% economic growth this year – but, I daresay, it will most probably make 6%. This and last year’s achievements promote Russia’s international cooperation – in particular, with Finland, our close partner. I would like to say by way of conclusion that Finnish businessmen are among the best in Europe for their knowledge of the Russian market. We, too, know you well. This is why it is easy for us to work together. We have so many reasons for fruitful partnership that it is simpler to work than enumerate them. I wish you every success and look forward to regular meetings not only in Helsinki but also in Moscow. Thank you."
2001-09-04 00:00:00,Opening Address at a Meeting with Israeli Prime Minister Ariel Sharon,"The Kremlin, Moscow",[],"Good afternoon. I am happy to welcome all of you in the Kremlin. Thank you for coming to Russia for negotiations despite the complicated situation in your country. There is no doubt that Middle Eastern settlement is an urgent matter today. Regional developments worry us all the more as immigrants from the Soviet Union and Russia make a considerable part of the Israeli population. We are not indifferent to their future, and we want them to live in peace and safety. An overwhelming majority of those people maintain contacts with Russia, where they have friends and relatives. They revisit Russia, speak the Russian language, and treat Russian culture as their own, with great interest and respect. On the other hand, as you know, we have good and long-established relations with the Arab world, Palestinian Authority being no exception. We see such relations as a good basis for Russia to make a significant contribution to the settlement cause as everyone realises that a political decision will be necessary, in the final analysis.  You know our principled anti-terrorist position. Nothing can justify terrorist attacks on civilians. So, Mr Sharon, if you have no objections, we can open this meeting with a discussion of the settlement problem, next to go over to bilateral relations.  Welcome to Moscow!"
2001-09-06 00:00:00,Excerpts from a Transcript of a Meeting with Dugulubgei Village Elders,Kabardino-Balkaria,[],"Russia is a unique place. As nowhere else in the world, people of different cultures and religions have lived here together for decades and centuries. They have been not just good neighbours for many hundreds of years but have been helping each other and felt like close relatives. In this unique country, Christianity and Islam complement each other and live side by side in peace and accord to beneficially influence the young generation. Theirs is a harmonious coexistence. This is what makes Russia different from the rest of the world. That is what makes the destructive influences from the outside so dangerous. They sever links between generations and undermine the moral foundations of our life. I would like to emphasise the extreme importance in this situation of elder people’s beneficial influence on the young. This is all the more essential for the Caucasus. Kabardino-Balkaria is a great success in this sense thanks to your efforts, and the efforts of the republic’s leadership, mainly its President. I hope it will set a good example to other parts of the North Caucasus and to the entire country.  I wouldn’t like to restrict Russian nationals’ right to travel and choice of a place to live by imposing registration. Once officials in some place deem it possible to bar off settlers from certain other regions, we will see the very next day bans on leaving the place for any other, for some reason. I think we must choose a different way. Unemployment is a bad problem, as we know, for the entire Russian South—in particular, for Kabardino-Balkaria. It is more acute here than anywhere else in the country except Chechnya. But then, its situation is very special. As I see it, we must deal with this problem by developing production to offer new jobs.  A Russian citizen of any ethnic background and religion must have the right to live wherever he wants. We have many problem-laden places, and people will be anxious to leave them for more comfortable areas. That will be so as long as problems persist. But despite the difficulties Kabardino-Balkaria might be experiencing, peace, order and kindness reign here thanks to your efforts and the efforts of the republic’s leadership. All that is essential for anyone’s normal life. That is why so many people are eager to settle here. There is another factor here. That is a Constitutional Court verdict. Even I as President have no right to intrude in decisions of the Constitutional Court. Now, the Court has ruled it illegal to restrict resettlement through registration."
2001-09-07 00:01:00,Opening Address at a Meeting with Regional Governors of the Southern Federal District,"Kislovodsk, the Stavropol Region",[],"Good afternoon. I visited Kabardino-Balkaria yesterday, and I am very glad I went there. Not that we can name it among the most prosperous parts of Russia, but now I have firsthand knowledge of its public mood and, after I spent a day to see the fruit of the republican leadership’s work, I know now that Kabardino-Balkaria can, in some aspects, set an example to many other Russian regions, especially in the South. I am sure you can guess what we discussed yesterday. I think those same issues will come on the agenda of our expanded-attendance discussion today. Above all, we must take stock of the economic development of the North Caucasus and the entire Russian South. Political stability must also come under discussion. I want to say from the start that the democracy of public rallies, so characteristic of the early 1990s, is over. We achieved a great deal in those years. Now, we must proceed from those positive achievements to creatively develop our state. It is high time to put an end to the public opinion of the North Caucasus as something conflict-ridden, as a hotbed of confrontation. I think we should have done that long ago. We can succeed at that, I am sure. The situation in Kabardino-Balkaria convincingly proves that we will. We talked a lot yesterday about the versatility of Russian culture. At my latest meeting with Balkar spokesmen, they called to preserve multi-lingualism. An extremely complex and deplorable process is underway in the whole world as many nations are losing their cultural identity. Several languages die every year. Humanity is losing them. In that sense, Russia is a unique place. We possess an inimitable cultural wealth, and we must preserve that treasure. Clearly, ethnic minorities’ culture and languages will not survive without direct state support. Whatever we might say about the benefits of the market economy, direct support is indispensable here. It is the Government’s duty to make it explicit. We can launch such a policy now that our economy is growing. This policy does not require much, but we must at least announce that the state is paying due attention to those issues. I would like to finish off by what I started it with – economic development and the domestic political situation. Seven regions of the Southern Federal District will elect their leaders this year. That will be a severe test of the North Caucasus and the entire nation. I have no doubt that the electorate will make the right choice in favour of those candidates who are guided by national interests and not by personal ambitions. I am sure the people will elect the candidates who are determined to improve the situation in their regions and consolidate everything positive that Russia possesses. I am sure this will have an extremely beneficial influence on Chechnya. Whatever might be said in the past and even now, there are people in Chechnya who hold community interests far dearer than their own ambitions, and are not afraid to get under militant fire.  I am sure, if this year’s South Russian election campaigns go well, and if we rely in them on the values of the progressive democratic society, that will greatly improve the situation in Chechnya. I will have a special talk with the head of the Chechen Administration about the situation in that republic."
2001-09-07 00:02:00,Excerpts from a Transcript of a News Conference after a Meeting with Regional Governors of the Southern Federal District,"Kislovodsk, the Stavropol Region",[],"As for Mr Nemtsov’s idea of talks with Mr Maskhadov, I always prefer negotiations to violent action. We are willing to get in contact with anyone on the condition of compliance with the Constitution of the Russian Federation and its validity in all Russia’s constituent entities, Chechnya being no exception. There is another essential proviso: all insurgent formations must be urgently and unconditionally disarmed, and all notorious rebels whose hands are smeared in Russian blood must be extradited to federal authorities. If any State Duma member, including Mr Nemtsov, is able to guarantee compliance with those provisos in the foreseeable future, let us say within a month, let them do so. If they can’t, they must stop their hustle-and-bustle on the political arena and cede their parliamentary competences. We can wait for a month or two, even three months, but it will be pointless to wait any longer because procrastination will make such activities absurd."
2001-09-11 00:00:00,Opening Address at a of Conferring State Ceremony Awards on Journalists,"The Kremlin, Moscow",[],"Good afternoon. To begin with, I would like to congratulate you from the bottom of my heart on receiving state awards. These awards symbolise the state’s high opinion of journalism—of the contribution you have made to the emergence and development of the Russian mass media, and the development of Russian democracy, civil society and statehood.  Your job demands the highest possible dedication and professionalism. Many journalists in this audience have come through hotbeds of conflicts. I want to make a special mention of journalists’ work in Chechnya. The peace process is gaining momentum there largely through your achievements. You have been working all these years in extremely hard conditions. In fact, you were frontline correspondents. You have firsthand knowledge of what the Chechen people have come through under the rebel sway. You know what Russian soldiers have been through, and what price the Chechen people have paid for peace and the right to live a normal life. In that, you encountered well-organised and generously paid propaganda warfare. Meanwhile, life itself has shown who’s who and what’s what. International terrorists waging a war against their own people are legally and morally outlawed. We all now share a goal—not to repeat the blunders of the past, and make Chechen peace irreversible. We all know how hard the coverage of Chechen developments is. Those developments are deep-rooted in history. They demand profound knowledge, responsible and balanced attitudes, and thorough personal evaluation of your own work. To tell the truth is the main secret of success. The truth is that the situation in Chechnya has changed spectacularly. Many things come back here after many years’ break. The republic has met its own demand for grain for the first time in many years. Chechen conscripts have for the first time appeared in the Russian Armed Forces. Chechnya has transferred fiscal revenues to the federal budget for the first time in many years. That is only a part of important recent developments. All that is the result of our joint efforts—your efforts, too. Huge political and economic changes would be impossible in Russia without its free mass media. Their stability remains among the basic prerequisites of the development of our state and society. Millions of our compatriots see the situation in Russia through your eyes and depend on what you say for their judgements. An overwhelming majority of Russian citizens believe you, and rely on journalists’ competence and responsibility. I once again congratulate you on your high state awards. Thank you for your brave and honest work. You never spare yourself and, thanks to your selflessness, you rescue many lives. I wish you health and luck, and every success to you and to your near and dear."
2001-09-11 00:03:00,Statement on Terrorist Attacks in the USA,"The Kremlin, Moscow",[],"The United States today faced an unprecedented act of aggression on the part of international terrorism. First of all, I express sincere and profound condolences to all the victims and the families of the dead.  The event that occurred in the US today goes beyond national borders. It is a brazen challenge to the whole humanity, at least to civilized humanity. And what happened today is added proof of the relevance of the Russian proposal to pool the efforts of the international community in the struggle against terrorism, that plague of the 21st century.  Russia knows at first hand what terrorism is. So, we understand as well as anyone the feelings of the American people. Addressing the people of the United States on behalf of Russia I would like to say that we are with you, we entirely and fully share and experience your pain. We support you."
2001-09-12 00:00:00,Opening Speech at a Meeting with the Heads of the Russian Aircraft Industry,"The Kremlin, Moscow",[],"Good afternoon, Before we discuss the main issues, I want to draw your attention to the problems of ensuring the safety of high-risk facilities and systems, including aviation and air transport. Today, I have asked the Prime Minister to analyse existing departmental regulations and instructions. I want to ask everyone concerned to promptly assist Government leaders and to submit their proposals on improving our work in this sphere. And now let’s discuss the meeting’s agenda. Numerous resolutions in the sphere of aircraft construction and aviation activity have recently been adopted. The Government has repeatedly examined these issues at its meetings. At the same time, I want to say that it is still too early to talk about any substantial progress. Unfortunately, many top-priority problems are not yet being solved; and, considering global developments and tough competition in this field, we are running out of time. Numerous ministries and departments, including the Russian Aerospace Agency, the Defence Ministry, the Transport Ministry and the Economic Development and Trade Ministry, are dealing with aviation issues. We must focus on the aviation sphere because it inevitably suffers from managerial and organisational setbacks. It is important that we choose the most effective methods for solving the basic problems of Russian aviation. This primarily concerns the need to overhaul the civilian air fleet. As you know, this issue is becoming particularly important in the context of the International Civil Aviation Organisation’s latest decisions. Only 24% of the Russian air fleet meet the new operational requirements. A mere 0.3% of the air fleet is being replaced each year, 20 times below the global average. The mainstay of our national air fleet consists of planes that are several decades old. We will lose our traditional international and our domestic routes if we do not quickly build modern aircraft and overhaul our models currently in operation. Certain steps have recently been taken in order to rectify the situation. The Government has approved a strategy for developing civilian aviation and related activities. However, these measures are being implemented too slowly. We have so far failed to streamline the relevant financial mechanism that would enable companies to operate at full capacity, and which would help overhaul the national air fleet.  It took us a lot of time and effort to introduce leasing plans, which are still the only option, and which are being implemented too slowly. I want to know what leverage could be used to attract additional funding. Second, we have been discussing the restructuring of the aircraft industry for many years; however, everything grinds to a halt when we try to implement specific proposals. Third, I want to focus on the current state and prospects of aviation science and its experimental base. All of us realise that this is the foundation of all aviation activity, and that it must be strengthened. Unfortunately, there are many unsolved problems in this sphere. International cooperation is the fourth aspect. We must take advantage of all positive achievements in this field and must not opt for isolation because this would lead nowhere. We must pool our efforts with leading aviation powers, choose the right partners in specific areas, deal with the United States and the European Union and more actively promote our products on the global market. Our latest talks with our Chinese partners have produced concrete results. This is a small but positive step in the right direction. I want to emphasise that the Government must handle today’s agenda. And we have gathered here today because I promised to meet after visiting the air show. And I want to hear the opinions of different ministries, departments, governmental and non-governmental agencies on this issue. We should discuss the problem in a broader context, choose specific priorities and draw up a timetable for implementing the Government’s programmes. And we might need to make some changes to it along the way. "
2001-09-15 00:00:00,Press Conference following Russian-Armenian Talks,Yerevan,[],"First of all, ladies and gentlemen, I would like to thank the President of Armenia and the Armenian leadership for inviting me to Yerevan. We have finished an important stage of our work in the capital of Armenia. We have held negotiations at the highest level. We can say that by signing the Declaration of Allied Interaction between the Russian Federation and Armenia in Moscow in September 2000, we secured considerable progress in all areas of our interaction. The main purpose of the visit today is to discuss trade and economic issues. The potential of Russia and Armenia can be used to its utmost in this field.  The situation is favourable for the development of trade and economic ties. As you know, the Russian economy is beginning to pick up and the economic situation is improving. Last year, economic growth was 8 percent. We can say with confidence that there will also be considerable growth this year, more than is planned, and favourable conditions will be created for the development of trade and economic ties.  The President of the Republic of Armenia, Robert Kocharian, and I have reached concrete agreements. Prerequisites for setting up Russian-Armenian enterprises in key fields of the Armenian economy will be created in the near future under the auspices of the inter-agency commission on economic cooperation. We hope very much that new and well-paid jobs will be created. These enterprises will work for the benefit of both the Armenian and Russian economies.  We signed the Treaty on Long-Term Economic Cooperation up to the Year 2010 as the main document of the visit. We signed it in your presence, dear colleagues. It will lay a firm legal foundation for enhancing our joint business activities. During a broad-format discussion today, the President of Armenia noted that the legal basis between the two countries seemed sound enough. At the same time, the Treaty on Investment Support, which is one of the cornerstone documents, as we can say now, in the legal basis of cooperation, had not been signed until now. We filled in this gap today.  The synchronization of the positions of Russia and Armenia on the main issues of international politics revealed identical views, including on key aspects of strategic stability. Armenian-Russian political interaction is proceeding at the highest level and in the most effective way, both in the UN and the OSCE.  The negotiations showed that Moscow and Yerevan are determined to further strengthen the CIS. We have noted the need to support and develop our cooperation within the framework of the Collective Security Treaty. I would like to express gratitude to Robert Kocharian as Chairman of the Collective Security Council for his work to make the Treaty more effective.  I cannot but touch upon what happened in the US on September 11. These tragic events made us reevaluate the existing collective security system. Terrorism has become the main threat in the new century. This is why we will continue to enhance the CIS Anti-Terrorist Center as a tool to fight this evil. We also had a detailed discussion of problems in the Caucasus. We consider the Caucasian Four to be a good model for building a regional system of security and cooperation in the Caucasus.  We could not, of course, ignore the Karabakh problem. I want to stress one more time that Russia is ready to play a positive role in the policy of conflict settlement pursued by the President of Armenia and the President of Azerbaijan.  Russia considers Armenia as a reliable partner. The policy of enhancing and improving Russian-Armenian interaction is a fundamental choice of not only the leadership of Russia but of all peoples of the Russian Federation.  Thank you very much for your attention.  You know, the situation in the world has changed not because of the terrorist acts. It changed a long time ago. Unfortunately, we simply didn't notice this. The tragic events in the US only confirmed these changes. Of course, terrorism has become one of the main threats to modern world, and we cannot but respond to this. But the parameters of new security systems have yet to be discussed. I will soon meet with the US President in Shanghai and I will make a visit to the United States later this year. There will be a meeting with the EU leadership and at the NATO headquarters in Brussels this month. And we will discuss this problem in all these meetings. I would only like to avoid looking for scapegoats for what happened. I think that the accusations we hear now that someone overlooked the strike, that someone failed to do something properly are unfair. It's just that the old security system was not adjusted to avert such threats. Having drawn conclusions from what happened, we have to create this system. I am sure that everybody is interested in this, at least Russia is.  You know, we should not, of course, act like bandits who strike stealthily. We must weigh our decisions and adopt them on the basis of real facts, veritable facts we will have. I am absolutely convinced that evil must be punished. I have no doubt about this. As for the participation of Armenia and Russia in some anti-terrorist actions, we believe that we can solve such questions at the regional level within the framework of the recently created CIS Anti-Terrorist Center. This is a problem we have inherited from previous times. We did not create this problem. It concerns, first of all, the peoples of Armenia and Azerbaijan. And it is these peoples and the leaders of these countries that should find a solution to this difficult problem. Russia will support any solution that is acceptable to both countries and is ready to act as a guarantor. You must surely know about the discussion that was under way in Russia and CIS countries in the beginning and the middle of the 1990s when we were determining ways of attracting foreign capital into our economies. Today, thank God, hysteria about ”selling the motherland“ has stopped. Everybody understands very well that attracting foreign capital means entering the economy of Europe and the entire civilized humankind. Robert Kocharian is a very progressive person. He is very knowledgeable of modern economic development. He initiated closer interaction between the Russian and the Armenian economies. What matters are not even debts but how to attract the attention of Russian business and how to attract Russian capital to the Armenian economy. This is actually what Robert Kocharian's proposals boil down to. We understand this and share his position. We think this is a correct thing to do. However, it is necessary to choose a promising area. The President of Armenia and I, when we discussed this problem, talked about concrete enterprises and concrete areas and industries. I am not prepared to tell you right now that Russia or Russian business will come here tomorrow with such and such amount of investment or such and such package, but our negotiations on this issue were concentrated as much as possible on concrete facilities and concrete topics. And I hope that we will be able to tell you about decisions before the end of the year."
2001-09-15 00:01:00,Excerpts from Speech to the Armenian National Assembly (Parliament),Yerevan,[],"We attach great importance to expanded inter-parliamentary ties. I want to say that we are quite satisfied with the positive and sustained development of Russian-Armenian relations. However, expanded and strengthened parliamentary ties are called on to play an extremely positive role in improving the entire system of Russian-Armenian relations. We therefore consider it important to invigorate the work of the Inter-parliamentary commission for cooperation between the Armenian National Assembly (Parliament) and the Russian Federal Assembly. As I see it, both national parliaments must more effectively oversee the implementation of previously signed bilateral treaties and agreements.Members of Parliament could then make a substantial contribution to invigorated contacts and could help elevate them to an entirely new level. In our opinion, dialogue involving members of Caucasian parliaments, including Armenian and Azerbaijani legislators, could help overcome mutual distrust between nations and would expedite the settlement of the Nagorno-Karabakh conflict. I want to say once again: Russia advocates continued, direct dialogue between Presidents Robert Kocharian and Heidar Aliyev. Russia would support any mutually acceptable solution to the conflict. As I have already said, and would like to repeat it once again here, in the Parliament of Armenia, Russia could guarantee the fulfilment of such agreements. We are ready to take part in the post-conflict reconstruction of Nagorno-Karabakh and adjacent territories. The discussion of bilateral trade and economic cooperation, which, in our common opinion, still lags behind the current level of military-political cooperation, is a top-priority objective of my visit. The Russian-Armenian treaty on long-term economic cooperation was signed after the September 15 top-level bilateral talks. I hope that the Parliament of Armenia will ratify this treaty as soon as possible. And I promise that the Russian side will promptly submit this document to the State Duma. We are moving to establish Russian-Armenian joint ventures in key sectors of the Armenian economy. Moreover, we discussed the situation in the fuel and energy sector and in some metallurgical companies during our talks.  President Kocharian proposed converting his country’s debts to Russia into Russian property. To my mind, President Kocharian wants to involve Russia and to make Russia interested in solving the problems of Armenian economic sectors and enterprises, , which now require additional investment. The situation is very good for accomplishing this objective because the Russian economy grew by 8.3% last year; we expected 4% economic growth this year but will post 6% instead. We have the required resources, and some industries are chalking up growth of 25–30%. Export-oriented sectors are growing even more quickly, with revenue increases of 40–70%. They are ready to invest available resources and would like companies and entire sectors to prosper. We must choose attractive and mutually acceptable projects and areas of mutual cooperation. We are no longer in a panic over the alleged sale of our Motherland; in my opinion, people here are also grown-ups and understand everything. We must therefore promote our mutual interests, and that is possible. <…> Parliamentary ties are necessary to formalise bilateral allied cooperation. At the same time, we must pass legislation aimed at enhancing and expanding mutually beneficial cooperation in different spheres. The State Duma has already ratified important agreements, including those on avoiding dual taxation and on the delivery of Russian diamonds to Armenia. Both national Parliaments must ratify several legislative acts on joint military planning in the interests of Russian-Armenian security. The President of Armenia and I have discussed ways of strengthening the status of the Russian language. I want to stress once again that I have told colleagues from executive agencies that we do not want to impose anything on anyone, but that we are tackling this problem in a broader social context. The Russian language is the foundation of our cooperation and a spiritual aspect that has united our nations over the ages. <…> I want to discuss cooperation in the sphere of education and culture. We are always paying attention to these aspects. The Parliaments of Russia and Armenia will help open a Russian science and cultural centre in Armenia as stipulated by a bilateral agreement. Russian sponsors plan to set aside large sums for repairing the Russian-Armenian Slavonic University. And we hope that Armenian organisations will also join this effort as equal partners. <…> We are closely following efforts to ensure ORT and RTR television-channel broadcasts in Armenia, and we have discussed this issue with the President of Armenia. This is mostly an economic issue. Russia will try and settle it as soon as possible. We know that Armenians want to watch Russian TV channels, and I must admit that this problem is mostly Russia’s fault. I believe that we have never had any problems guaranteeing the rights of our compatriots in Armenia and Russia, nor will we ever experience such problems.  Thank you very much. "
2001-09-15 00:02:00,Excerpts from Opening Address at a Meeting with Teachers and Students of the Yerevan State University,Yerevan,[],"Thank you for the warm reception. Thanks to the republic’s administration and the Armenian people for their hospitality. The university’s scientific council awarded me an honorary doctorate on September 11. You know, we are all impressed with the events in the United States. I feel responsibility for these events. Yes, we had talked a great deal about this threat, but evidently not enough. Perhaps, we didn’t find the words needed to create an effective defence system. A horrible evolution of terrorism has taken place in front of our very eyes. Now it is a global threat of the new century. I can say without exaggeration that we have every reason to compare these events with the horrifying crimes of the Nazis. The events in the United States have a special significance for Russia and CIS countries. The world community has been taught a lesson: it needs to work out a defence system which will guarantee security for all. Today, during the talks with Robert Kocharian, we discussed this problem. We discussed a wide range of issues. I think that the talks were very successful. We reached important agreements and now we should realise all that has been put in writing. It will improve the lives of the Russian and Armenian people. We agreed on general directions of Russian-Armenian relations. <…> Our present relations have a good, solid legal base: The Treaty of Friendship, Cooperation and Mutual Assistance, signed in Moscow in September 2000. This is also the Declaration on Strategic Cooperation between Russia and Armenia. Today, we signed some more good agreements. We have shared views on the main problems of the world policy. Both Armenia and Russia support strict compliance with international laws, and we fruitfully cooperate in international organisations. Our countries stand for strengthening the Commonwealth of Independent States and work on formalising the Collective Security Treaty. We are grateful to the Armenian government for the favourable environment it has created for the Russian soldiers. Naturally, the situation in the Greater Caucasus is a long-standing issue in our talks. Both parties actively oppose international terrorism in the region. We are building an effective security system with the efforts of Armenia, Azerbaijan, Georgia and Russia. Russia is a principled supporter of a fair settlement of the Nagorno-Karabakh conflict. I believe that Armenia and Azerbaijan, as Robert Kocharian said, should reach a consensus between themselves. Russia will accept their compromise and guarantee it. We will stand for any option the Armenian and Azerbaijani people support. It is important not to retreat from the negotiations. This work is difficult, but we will make a breakthrough only if stick with it. <…> There is one more important point I would like to mention. Armenians living in Russia along with Russians living in Armenia are a sound human bridge between our two countries. This bridge needs to be protected and strengthened. The Union of Russia’s Armenians can serve as an example of successful people’s diplomacy. The union is working actively and contributes to developing the Russian-Armenian friendship. The treaty on the status of citizens living in both countries, which came into force in 2000, gives Armenians in Russia and Russians in Armenia almost the same rights as to the citizens of its own countries. I think the fact that we have concluded an agreement which is so beneficial to every citizen shows the success of our foreign policy. After all, everything we do is focused on the improvement of ordinary people’s lives. The Russian language draws Armenians and Russians together. We have talked much about that with the President and in the parliament, and we have agreed to pay more attention to the development of contacts in the social sphere and encourage scientific and student exchanges. Today, we have signed an intergovernmental agreement on the mutual recognition of documents on higher and secondary education. There are no obstacles for Armenian citizens to enter Russian universities. <…> Once again, thank you for the warm reception and I wish you all the best."
2001-09-18 00:01:00,Interview with the German Newspaper Bild,Sochi,[],"Yes, I have been studying documents, talking by telephone with my colleagues, and naturally I have been working here with my aides. <…> I think that the incumbent German Chancellor Schroeder pays at least as much attention to his Eastern policy, in particular, the relations with Russia. Simply, Kohl and Schroeder are different people and they go about developing relations with Russia in different ways. But I can repeat that the current Federal Chancellor, Mr Schroeder, is at least as attentive to these relations. I rate Helmut Kohl among outstanding international-class politicians, outstanding political figures of our time, on the same scale as, for example, Henry Kissinger in America. And besides, Kohl is a historian by training. He could look back on the past, assess the present and peep into the future, and that too is a unique combination of knowledge and experience.  Helmut Kohl is a person of another generation. So, perhaps because of that I find it easier to deal with Gerhard Schroeder.  We have developed relations that are more on the personal than on the business side. He has a special manner and a way of expressing his emotions, but I would like to stress that we have a very good personal and business relationship, and I value it highly.  <…> Of course, I have never before been in such a situation. Nobody had prepared me for it, least of all I myself. I had never expected to become a Russian President. I never set such a goal for myself. And so all this was new and even unexpected for me. Above all it means a restriction on the freedom of movement and communicating with friends. I can’t go freely wherever I want, I can’t meet with whom I want and when I want. It involves a lot of technical problems and questions of security. Unfortunately, I often cannot afford to say what I want to say, and I sometimes want to say a lot. You know, I am aware that this discussion has been going on for a long time, especially in the intellectual circles. I understand the fears of German intellectuals who recall again and again the times of Hitler’s tyranny and conclude that Germany should keep a low profile in the world and in Europe. Otherwise, they feel, imperial ambitions may again show themselves. I think that view is mistaken. No country and no single people has to bear the burden of responsibility for everything that has happened in its history. We should not forget it, we should bear in mind what happened in Germany, and, incidentally, in Russia under the communist regime. We should remember all this, but it need not prevent us from developing. I don’t know if it is a characteristic trait, but it is at once a plus and a minus. I will draw a general conclusion later, but first I’ll give you an example to illustrate. When I lived in Germany I once called on a good friend of mine. I don’t think I need to name him, it doesn’t really matter. Well, when I walked into his flat and looked around, my first reaction was to say: “Your home looks like a hospital.” Everything looked so sterile, so neatly arranged. On the one hand, it was good and I told him so. But I went on to add: “Normal people don’t live like that.” You know, German punctuality in everything is a huge plus, no doubt about it. But there are certain elements to it that may create problems connected with various limitations in different fields. I think I should leave it there.  First, I think you are mistaken. During the Cold War there was such a division between the Soviet Union and the Western part of Germany, but the Eastern part of Germany was seen as the closest ally and partner. So, one should on no account say that there were no strong ties with Germany during the Cold War. At any rate, relations with East Germany existed and were very fruitful. Of course, they were based on ideology and the cooperation often did not fit into the framework of Western democracy. But this did not prevent the relations between the Soviet Union and Germany from growing. There was no “Iron Curtain” between us and the Western part of Germany even during the Cold War. In any case, a breakthrough was achieved in our relations when the Social Democrats led by Willy Brandt came to power. And if I were to say what unites us most of all, it is hard to define this element, but I would describe it as similarity of our mentalities. I have been observing with some surprise and wondering why, in spite of such hard and grim pages in our history as the two world wars in which we were enemies, the Russian people have not developed a hatred of Germany.  <…> From the chief of intelligence. Yes. And I watched television all day long. I cancelled all the scheduled meetings. Then I called in the heads of all the security and military agencies for a meeting. I felt like crying. After the first shock has passed, we should approach the matter seriously and professionally. Nothing should be done that could cause the situation to deteriorate and lead to more such actions. We shouldn’t act or say anything of this kind. But we should combine our efforts and work professionally to prevent such things happening again. I don’t think anyone needs convincing how dangerous it is. And nobody needs convincing that any state can be targeted.  On our part there has been no change. We are already open. We think that the tragedy will bring it home to the whole world that the openness Russia offers for cooperation should be used. It is useful and necessary. My contacts with my counterparts (I have developed good contacts with the leaders in Europe and America) have long developed from the purely business into personal relations. And I would like my personal relations to develop into interstate relations, so that the contacts between Russia and Western countries follow the same pattern as my personal contacts with the leaders of those countries. I want to see them reach a similar high level. Twice. That I won’t tell you. President Bush is an experienced enough man and he doesn’t need advice. But I would like to warn everyone, including the Americans themselves, against putting all the blame for what happened on him. I think it would be absolutely unfair. First, it was only recently that he assumed responsibility for America. Second, he hasn’t even completed forming his team. He inherited the country in the shape it was in, and this is what determines his involvement in world affairs. We have discussed the political threats many times. That is well known. I think this is not the right time to be gleeful and say: we have warned you, but you didn’t listen and now you have suffered this tragedy. I for one have talked with the previous US Administration and alerted it to the bin Laden problem. I was surprised by their reaction. They simply shrugged helplessly and said: what can we do? The Taliban refuse to turn him over. I remember being surprised: if they refuse to extradite him, something has to be done about it. That was the kind of America Bush inherited. We should now think in terms of working together more closely. I sensed such a determination on his part and on the part of the West. And the main problem is the problem of trust between us, the problem of common standards. It is the problem of religious extremism, fanaticism and separatism. These problems exist in many countries, including Europe. Perhaps not to such an extent as in Russia. In Russia these problems are more acute. And no wonder because after the break-up of the Soviet Union many destructive processes spilled over into the Russian Federation. But it would be wrong to conclude that the people who blow up houses in Moscow are freedom-fighters and those who do the same in other countries are terrorists. They are all criminals. We should go back to where we started, we should recall Goethe who saw all life as a single whole. And he treated development as a means of constant struggle for the good. The evil is also a single whole. We know that the financing centres, training bases and the cadre of terrorists are all the same. That evil manifests itself in different parts of the planet. To get rid of the tree of terrorism we have to eradicate its roots and not to use a stick to knock down the fruit. I think in the post-9/11 situation it would be wrong to try to hold America back and hinder its actions, but at the same time these actions should be coordinated. They should be directed towards eradicating the evil and not towards generating its new forms. And that of course opens broad opportunities for acting together, for helping America, partly by providing the necessary information, bringing influence to bear on certain circles in some countries and creating a single front against international terrorism. It has made it evident to us that there are threats at least as huge as those we have been talking about during the past decades. A single strike on the United States inflicted more loss of life than we lost in Chechnya. A single strike. Imagine the scale of the threat. And of course we should counter this with some joint instruments. I don’t know what they will be. I have some ideas, but I am not ready to formulate them now, but something has to be done and it has to be done together. This is something to be discussed with the leadership of those countries. And I had to answer it. I don’t think so. We needn’t panic. I can tell you confidently, I am absolutely sure of what I am about to tell you: together, we are much stronger than all the terrorists. One of their few weapons is panic in our midst. Our strength is incomparably greater than theirs. We shouldn’t allow them to divide us. We should act in every area, above all in the sphere of culture and education. We should think about the economic problems of developing countries and underdeveloped regions. The more brazen manifestations of terrorism and criminal acts should meet with a powerful and proportionate response. And we need to strengthen the international legal system of security. And one more thing. We must not allow any quasi-state entities to be formed in Europe. The states should be responsible for what happens in their territories. We should strengthen the legitimate governments.  We had Chechnya. What is it? Is it an independent or a dependent entity? Russia pulled out of it, but Chechnya never became an independent country in the full sense. Its territory was broken up into several regions, each under its own warlord. There wasn’t even anyone to talk to. You remember that representatives of Western humanitarian groups and businessmen went there. They were killed, beheaded. What for? To this day no one can answer this question because the situation there was a haven for criminals. We must not allow this to happen in the world. Yes, if we act resolutely. Events can take an undesirable course precisely if we try to placate and beg. I tell them that today no one doubts that if all the resources at the disposal of the civilised countries are pooled, it will be effective and it would be the best guarantee of a positive scenario. On the whole the reaction would be positive. Of course, much would depend on what shape it took. So far, we don’t know that. In principle, a positive reaction to a military operation depends greatly on how the operation is carried out, where and over what period and on the basis of what data. That is up to the American leadership to determine, because the US is currently collecting data on the persons involved in these terrorist attacks and on the whereabouts of the potential killers. We for our part provide them with the necessary information support. That is, we are ready to hand over what our special services have; and after they put everything together and analyse the whole database of information, they can draw the final conclusion, comparing this information with that from other sources. You can take my word for it, there are many ways of doing that. I think you would agree with me that potential suicides cannot be regarded as normal people. We all know that to achieve a positive result one has to take advantage of weaknesses. And you can believe me, terrorist organisations and terrorists have a lot of weak spots. First, it is necessary to block all the financing of terrorists. Sources of financing must be identified and presented with corresponding requests no matter whether these happen to be states or firms or legal entities, and borders must be sealed to prevent such cash flows. That danger must be taken very seriously. You remember that during the Cold War representatives of opposing blocs managed to penetrate into each other’s holy of holies. There were information centres that seemed to be impenetrable, and yet they were penetrated. I am sure that if we take terrorist threats seriously and focus our attention, our efforts, material resources and organisational capacity on it, we will be able to neutralise these threats, I have no doubt about it.  No. I think it is a harmful theory. To fight manifestations of religious fanaticism today it is necessary first of all to find a support base in the region from which that religion originates. This is a precondition of a successful fight against terror. The world should not be divided on the basis of cultures. And, by the way, we have some positive experience in our work. My answer to this question will be a follow-up to the answer to the previous one. One should look for a base of support and for allies inside Afghanistan. And there are many forces there one can rely on. One of the best known and understandable forces is the Northern alliance and President Rabbani. We have quite accurate data. It was a terrorist group from Chechnya. Some of the criminals have been arrested. But houses were blown up not only in Moscow, but also in Dagestan. Hundreds of people died. Bombs were also set off in public places, including markets. It is one of the most real dangers. But religious extremism is characteristic not only of Islam, it exists in other religions as well. And the fact that it is engendered above all in Islamic states is because many international problems are unregulated and there are economic difficulties in the countries where Islam is the official religion. It is very convenient to transform socio-economic and political problems into problems of religious character; some countries find it very convenient. It is possible. As a rule, terrorists coordinate their actions. And secondly, as we have often repeated, their activities and financing as a rule are coordinated from a single centre. Instructions on flying Boeing planes were recently found in a hideout of Arab mercenaries in Chechnya. We have already passed on this information to our American partners. It does not mean that these were the very people who carried out the terrorist acts in the United States. But it indicates which centres study such methods of terror and can use them. The US became the first victim of such a method.  We have already said that the American anti-missile defence system is no protection against such things. I have repeatedly said that terrorist attacks can be launched not only from the air. Other weapons of mass destruction can be used: chemical and bacteriological weapons. And besides, the American NMD is a protection only against ballistic missiles, but not against other missiles. What worries us is not the American plans of changing something in the agreements on anti-missile defence, we are worried about the possibility of the whole system of agreements, the entire architecture of international security collapsing. This is the main issue. We do not rule out that current agreements may be replaced with others. But other agreements first need to be worked out, and a vacuum should not be allowed to appear. Today we comply with the agreements reached with President Bush on holding consultations, and that gives us hope that we will achieve the necessary agreements in the future.  I think that is a possibility. It is a goal we should all strive for, and not only in the fight against terror, but in creating a safer world for everyone. Germany is one of our leading partners. I know that for a variety of reasons Germany is one of the centres of a united Europe. The Chancellor has managed to build up relations and the foreign policy in such a way that Germany has become an attractive country in Europe even for small states. I know this for sure from my personal talks with European leaders. And I want this visit to strengthen our bilateral relations, chart new coursers of development and thus contribute to a new Europe in which Russia has gained its due place even though it is anything but a small country. QUESTION: All the Germans are interested to know what kind of person Mr Putin is. But of course we will have to touch upon political issues because everybody is currently worried about what has happened in the United States recently. People are afraid and they are coming to pin special hopes on the forthcoming visit by the Russian President. So we would like part of our talk to be devoted to what has happened in America. <…> Yes, I have been studying documents, talking by telephone with my colleagues, and naturally I have been working here with my aides. <…> I think that the incumbent German Chancellor Schroeder pays at least as much attention to his Eastern policy, in particular, the relations with Russia. Simply, Kohl and Schroeder are different people and they go about developing relations with Russia in different ways. But I can repeat that the current Federal Chancellor, Mr Schroeder, is at least as attentive to these relations. I rate Helmut Kohl among outstanding international-class politicians, outstanding political figures of our time, on the same scale as, for example, Henry Kissinger in America. And besides, Kohl is a historian by training. He could look back on the past, assess the present and peep into the future, and that too is a unique combination of knowledge and experience.  Helmut Kohl is a person of another generation. So, perhaps I find it easier to deal with Gerhard Schroeder.  We have developed relations that are more on the personal than on the business side. He has a special manner and a way of expressing his emotions, but I would like to stress that we have a very good personal and business relationship, and I value it highly.  <…> Of course, I have never before been in such a situation. Nobody had prepared me for it, least of all I myself. I had never expected to become a Russian President. I never set such a goal for myself. And so all this was new and even unexpected for me. Above all it means a restriction on the freedom of movement and communicating with friends. I can’t go freely wherever I want, I can’t meet with whom I want and when I want. It involves a lot of technical problems and questions of security. Unfortunately, I often cannot afford to say what I want to say, and I sometimes want to say a lot. You know, I am aware that this discussion has been going on for a long time, especially in the intellectual circles. I understand the fears of German intellectuals who recall again and again the times of Hitler’s tyranny and conclude that Germany should keep a low profile in the world and in Europe. Otherwise, they feel, imperial ambitions may again show themselves. I think that view is mistaken. No country and no single people has to bear the burden of responsibility for everything that has happened in its history. We should not forget it, we should bear in mind what happened in Germany, and, incidentally, in Russia under the communist regime. We should remember all this, but it need not prevent us from developing. I don’t know if it is a characteristic trait, but it is at once a plus and a minus. I will draw a general conclusion later, but first I’ll give you an example to illustrate. When I lived in Germany I once called on a good friend of mine. I don’t think I need to name him, it doesn’t really matter. Well, when I walked into his flat and looked around, my first reaction was to say: “It looks like a hospital.” Everything looked so sterile, so neatly arranged. On the one hand, it was good and I told him so. But I went on to add: “Normal people don’t live like that.” You know, German punctuality in everything is a huge plus, no doubt about it. But there are certain elements to it that may create problems connected with various limitations in different fields. I think I should leave it there.  First, I think you are mistaken. During the Cold War there was such a division between the Soviet Union and the Western part of Germany, but the Eastern part of Germany was seen as the closest ally and partner. So, one should on no account say that there were no strong ties with Germany during the Cold War. At any rate, relations with East Germany existed and were very fruitful. Of course, they were based on ideology and the cooperation often did not fit into the framework of Western democracy. But this did not prevent the relations between the Soviet Union and Germany from growing. There was no “Iron Curtain” between us and the Western part of Germany even during the Cold War. In any case, a breakthrough was achieved in our relations when the Social Democrats led by Willy Brandt came to power. And if I were to say what unites us most of all, it is hard to define this element, but I would describe it as similarity of our mentalities. I have been observing with some surprise and wondering why, in spite of such hard and grim pages in our history as the two world wars in which we were enemies, the Russian people have not developed a hatred of Germany.  <…> From the chief of intelligence. Yes. And I watched television all day long. I cancelled all the scheduled meetings. Then I called in the heads of all the security and military agencies for a meeting. I felt like crying. After the first shock has passed, we should approach the matter seriously and professionally. Nothing should be done that could cause the situation to deteriorate and lead to more such actions. We shouldn’t act or say anything of this kind. But we should combine our efforts and work professionally to prevent such things happening again. I don’t think anyone needs convincing how dangerous it is. And nobody needs convincing that any state can be targeted.  On our part there has been no change. We are already open. We think that the tragedy will bring it home to the whole world that the openness Russia offers for cooperation should be used. It is useful and necessary. My contacts with my counterparts (I have developed good contacts with the leaders in Europe and America) have long developed from the purely business into personal relations. And I would like my personal relations to develop into interstate relations, so that the contacts between Russia and Western countries follow the same pattern as my personal contacts with the leaders of those countries. I want to see them reach a similar high level. Twice. I won’t tell you. President Bush is an experienced enough man and he doesn’t need advice. But I would like to warn everyone, including the Americans themselves, against putting all the blame for what happened on him. I think it would be absolutely unfair. First, it was only recently that he assumed responsibility for America. Second, he hasn’t even completed forming his team. He inherited the country in the shape it was in, and this is what determines his involvement in world affairs. We have discussed the political threats many times. That is well known. I think this is not the right time to be gleeful and say: we have warned you, but you didn’t listen and now you have suffered this tragedy. I for one have talked with the previous US Administration and alerted it to the bin Laden problem. I was surprised by their reaction. They simply shrugged helplessly and said: what can we do? The Taliban refuse to turn him over. I remember being surprised: if they refuse to extradite him, something has to be done about it. That was the kind of America Bush inherited. We should now think in terms of working together more closely. I sensed such a determination on his part and on the part of the West. And the main problem is the problem of trust between us, the problem of common standards. It is the problem of religious extremism, fanaticism and separatism. These problems exist in many countries, including Europe. Perhaps not to such an extent as in Russia. In Russia these problems are more acute. And no wonder because after the break-up of the Soviet Union many destructive processes spilled over into the Russian Federation. But it would be wrong to conclude that the people who blow up houses in Moscow are freedom-fighters and those who do the same in other countries are terrorists. They are all criminals. We should go back to where we started, we should recall Goethe who saw all life as a single whole. And he treated development as a means of constant struggle for the good. The evil is also a single whole. We know that the financing centres, training bases and the cadre of terrorists are all the same. That evil manifests itself in different parts of the planet. To get rid of the tree of terrorism we have to eradicate its roots and not to use a stick to knock down the fruit. I think in the post-9/11 situation it would be wrong to try to hold America back and hinder its actions, but at the same time these actions should be coordinated. They should be directed towards eradicating the evil and not towards generating its new forms. And that of course opens broad opportunities for acting together, for helping America, partly by providing the necessary information, bringing influence to bear on certain circles in some countries and creating a single front against international terrorism. It has made it evident to us that there are threats at least as huge as those we have been talking about during the past decades. A single strike on the United States inflicted more loss of life than we lost in Chechnya. A single strike. Imagine the scale of the threat. And of course we should counter this with some joint instruments. I don’t know what they will be. I have some ideas, but I am not ready to formulate them now, but something has to be done and it has to be done together. This is something to be discussed with the leadership of those countries. And I had to answer it. I don’t think so. We needn’t panic. I can tell you confidently, I am absolutely sure of what I am about to tell you: together, we are much stronger than all the terrorists. One of their few weapons is panic in our midst. Our strength is incomparably greater than theirs. We shouldn’t allow them to divide us. We should act in every area, above all in the sphere of culture and education. We should think about the economic problems of developing countries and underdeveloped regions. The more brazen manifestations of terrorism and criminal acts should meet with a powerful and proportionate response. And we need to strengthen the international legal system of security. And one more thing. We must not allow any quasi-state entities to be formed in Europe. The states should be responsible for what happens in their territories. We should strengthen the legitimate governments.  We had Chechnya. What is it? Is it an independent or a dependent entity? Russia pulled out of it, but Chechnya never became an independent country in the full sense. Its territory was broken up into several regions, each under its own warlord. There wasn’t even anyone to talk to. You remember that representatives of Western humanitarian groups and businessmen went there. They were killed, beheaded. What for? To this day no one can answer this question because the situation there was a haven for criminals. We must not allow this to happen in the world. Yes, if we act resolutely. Events can take an undesirable course precisely if we try to placate and beg. I tell them that today no one doubts that if all the resources at the disposal of the civilised countries are pooled, it will be effective and it would be the best guarantee of a positive scenario. On the whole the reaction would be positive. Of course, much would depend on what shape it took. So far, we don’t know that. In principle, a positive reaction to a military operation depends greatly on how the operation is carried out, where and over what period and on the basis of what data. That is up to the American leadership to determine, because the US is currently collecting data on the persons involved in these terrorist attacks and on the whereabouts of the potential killers. We for our part provide them with the necessary information support. That is, we are ready to hand over what our special services have; and after they put everything together and analyse the whole database of information, they can draw the final conclusion, comparing this information with that from other sources. You can take my word for it, there are many ways of doing that. I think you would agree with me that potential suicides cannot be regarded as normal people. We all know that to achieve a positive result one has to take advantage of weaknesses. And you can believe me, terrorist organisations and terrorists have a lot of weak spots. First, it is necessary to block all the financing of terrorists. Sources of financing must be identified and presented with corresponding demands no matter whether these happen to be states or firms or legal entities, and borders must be sealed to prevent such cash flows. That danger must be taken very seriously. You remember that during the Cold War representatives of opposing blocs managed to penetrate into each other’s holy of holies. There were information centres that seemed to be impenetrable, and yet they were penetrated. I am sure that if we take terrorist threats seriously and focus our attention, our efforts, material resources and organisational capacity on it, we will be able to neutralise these threats, I have no doubt about it.  No. I think it is a harmful theory. To fight manifestations of religious fanaticism today it is necessary first of all to find a support base in the region from which that religion originates. This is a precondition of a successful fight against terror. The world should not be divided on the basis of cultures. And, by the way, we have some positive experience in our work. My answer to this question will be a follow-up to the answer to the previous one. One should look for a base of support and for allies inside Afghanistan. And there are many forces there one can rely on. One of the best known and understandable forces is the Northern alliance and President Rabbani. We have quite accurate data. It was a terrorist group from Chechnya. Some of the criminals have been arrested. But houses were blown up not only in Moscow, but also in Dagestan. Hundreds of people died. Bombs were also set off in public places, including markets. It is one of the most real dangers. But religious extremism is characteristic not only of Islam, it exists in other religions as well. And the fact that it is engendered above all in Islamic states is because many international problems are unregulated and there are economic difficulties in the countries where Islam is the official religion. It is very convenient to transform socio-economic and political problems into problems of religious character; some countries find it very convenient. It is possible. As a rule, terrorists coordinate their actions. And secondly, as we have often repeated, their activities and financing as a rule are coordinated from a single centre. Instructions on flying Boeing planes were recently found in a hideout of Arab mercenaries in Chechnya. We have already passed on this information to our American partners. It does not mean that these were the very people who carried out the terrorist acts in the United States. But it indicates which centres study such methods of terror and can use them. The US became the first victim of such a method.  We have already said that the American anti-missile defence system is no protection against such things. I have repeatedly said that terrorist attacks can be launched not only from the air. Other weapons of mass destruction can be used: chemical and bacteriological weapons. And besides, the American NMD is a protection only against ballistic missiles, but not against other missiles. What worries us is not the American plans of changing something in the agreements on anti-missile defence, we are worried about the possibility of the whole system of agreements, the entire architecture of international security collapsing. This is the main issue. We do not rule out that current agreements may be replaced with others. But other agreements first need to be worked out, and a vacuum should not be allowed to appear. Today we comply with the agreements reached with President Bush on holding consultations, and that gives us hope that we will achieve the necessary agreements in the future.  I think that is a possibility. It is a goal we should all strive for, and not only in the fight against terror, but in creating a safer world for everyone. Germany is one of our leading partners. I know that for a variety of reasons Germany is one of the centres of a united Europe. The Chancellor has managed to build up relations and the foreign policy in such a way that Germany has become an attractive country in Europe even for small states. I know this for sure from my personal talks with European leaders. And I want this visit to strengthen our bilateral relations, chart new coursers of development and thus contribute to a new Europe in which Russia has gained its due place even though it is anything but a small country."
2001-09-19 00:01:00,Interview with the German Magazine Focus,Sochi,[],"I think it depends on what the United States needs. They must tell us what kind of help and support they want from us, and we for our part should think it through and make the right decision. But I can say even now that we are ready to cooperate in the broadest sense of the word and in very many areas. You have rightly pointed out that up until now Russia has confronted international terrorism practically single-handed, and unfortunately, we have some negative experience of that struggle. We have suffered much loss of life in Moscow, as you know, and in other Russian cities, we have encountered very brutal manifestations of terrorism, many people died as a result of explosions of residential houses. Of course, we have considerable experience in dealing with such problems. But one thing I am absolutely convinced of: we won’t be able to conquer that evil unless we combine our efforts. We must not allow extremists of every hue and every stripe and terrorism, the ultimate form of extremism, to take advantage of differences between our opinions and our misunderstanding of each other. We must create a single and solid front against terror. If we do so, I have absolutely no doubt that we will meet with success.  If you look at my public statements, I spoke about the so-called “terrorist international” a year ago. It was a year ago. Nobody should pretend that this scourge will not touch him. So, realising the threat today, we should coordinate our actions in every area. First of all, we should cut the channels of financing and we should influence the Governments of all countries so as to set a barrier to the activities of terrorist organisations on their territories. No matter how hard it may be on the Governments of these countries, we should exact from them compliance with these obligations and induce them to assume these obligations and honour them. Fundamentalist organisations are all but openly acting in some Eastern countries. In some European countries volunteers to fight against Russia in the North Caucasus were to all intents and purposes openly recruited. Today the same people are recruiting volunteers for a possible war in Afghanistan and other parts of the world.  Of course, any Government needs political courage and decisive actions in order to stop these activities. It will probably exact a political cost, but it has to be done, and it has to be done immediately. Of course, we could all together, in the framework of the G8 or the Security Council, think about a set of political, educational and economic measures to deprive extremist organisations of their base of support and, on the other hand, to offer help and support to those elements within Islamic groups and Islamic organisations which oppose terror as a means of achieving political goals. What we should certainly prevent is the creation of quasi-state entities where people are acting out of control. We should not allow any political or power vacuum in any region of the world, especially in Europe.  You have asked me about our experience. We had such negative experience when Russia totally withdrew from Chechnya in 1996, it pulled out all its troops, all its armed units, its entire police; it dismantled everything. The result was a vacuum and an enclave where bandits held sway. In fact we left the Chechen people at the mercy of the militants and allowed them to be humiliated by them. The vacuum was promptly filled by organisations preaching fundamentalist ideology and fundamentalists from various armed groups in the Middle East and other countries. Eventually it created the grave situation we have been trying to bring under control in Chechnya for a year and a half now. In this connection I am greatly worried about the situation in Kosovo and Macedonia. We have effectively squeezed Yugoslavia out of Kosovo. The 300,000 refugees who have left Kosovo have not come back. 300,000. Today we say that we do not recognise the independence of Kosovo, and rightly so. But who is responsible for the current state of affairs in Kosovo? Is it NATO, the EU or perhaps the OSCE or the UN? It is precisely because there are no entities responsible for the situation in Kosovo that we see gunmen freely moving from Kosovo to Macedonia and destabilising the neighbouring country. It is happening before our eyes. By preventing Yugoslavia from pursuing any national internal policy and squeezing it out, the Western community, the European community, has assumed responsibility for the situation in Kosovo. Let us ask Europe whether it is ready to assume this responsibility? I am afraid lest we repeat similar mistakes in Macedonia; that must not be allowed to happen. No matter how events develop in Macedonia, we should not allow an enclave to appear there that is not controlled by the country’s central authorities.  This is what our experience prompts us to conclude.  There is a centre in London for the recruitment of those who want to fight in Chechnya. Today they speak unofficially, but openly to all intents and purposes, about recruiting volunteers to be sent to Afghanistan. This is well known, the mass media have reported it. And there are many such centres in Western Europe. But we should not allow this situation. You know, when an ostrich is in danger, it buries its head in the sand believing that the rest of its body is invisible too. But that is not so. You know what we lack at present? An awareness of how much the world has changed. I think our special services too have a good many people who still embrace the old system of priorities. The same is true of Western special services; they are still battling the Soviet Union without noticing that it no longer exists. I sometimes get the impression that it is not because they are so stupid, but because they have to get their salaries and support their families, and they can’t do anything else except battling the Soviet Union. So they pretend that nothing has changed and that it is business as usual. And there are such misguided individuals in the foreign policy establishments both in our country and in Western countries. So, when the other side sends them some materials and so on, they don’t know what to do with them: they toy with them and look at them and then throw them in the dustbin. I very much hope that the recent tragic events will confirm the need to pool efforts, to trust each other more and will not just encourage but will definitely bring about a drastic change in the joint work in this sphere.  I wouldn’t like my answer to sound as if I were accusing any of our partners of not paying due attention to the materials we handed over to them. And we have transferred materials. This is not the time to exchange recriminations. We should assess the situation, cast aside all prejudice and, I repeat, pool our efforts in the fight against terror and other manifestations of extremism. We are ready for it. Yes, they are. I think so. Concrete negotiations are underway, contacts are taking place and work is being done. I hope it will yield positive results. As you know, I recently met with the Israeli Prime Minister, we discussed the situation in the Middle East and naturally we compared it to the situation in some parts of Russia. I must say that our situation is very special. What makes the Russian situation special is that over the centuries the two cultures – Christian and Islamic – have coexisted quite peacefully and mechanisms for cooperation have been in place over a long period of time. Russia possesses unique experience, not only of its recent fight against terrorism, but unique humanitarian experience of the coexistence of two great cultures and religions. It is a natural symbiosis which few other places in the world have. An important foundation of such a positive symbiosis is the unconditional recognition by one people of the legitimate rights of another people. It wouldn’t occur to anyone in this country to claim that the people of a small republic and a small national entity have no legitimate rights, say, to the territory where they live or have no right to practice their religion or no right to have some other demands met. It wouldn’t occur to anyone to claim that any people can be deprived of its homeland. I would like to point out that neighbours always perceive a people living on its territory as the territory belonging to that particular people. It is deeply ingrained in the minds of all the people who live side by side.  Take even the grave example of Chechnya. Of course, we faced a hard situation, we had to use our armed forces and we did it to prevent the suffering of civilians. We haven’t managed to do everything we should have done. But the Chechen civilians, those who fled their homes, did not go abroad, as it happened in other regions, including the Balkans, nobody is driving them out of their native place, it doesn’t occur to anyone that Chechens should be driven out of their native territory. And they are not fleeing abroad, they are all in the neighbouring regions inside the Russian Federation.  We have a very curious situation even in other former republics of the Soviet Union: a lot of people, and not only Russians, have moved to Russia from the Muslim republics and from the Christian republics. For example, around half a million people have moved to Russia from Azerbaijan and to all intents and purposes they live here. About a million Azeris, and yet it is a Muslim republic. We have about 2 million Armenians living in Russia, as many, if not more, than in Armenia itself. Almost a million people, even more, have moved from Georgia. This is not accidental. It is because the moral atmosphere in Russia is favourable for people from different cultures and different religions.  You know what was happening and is still happening in the North Caucasus? When a certain ideological, religious, legal and power vacuum was created there after Russia pulled out, it was quickly filled with fundamentalist ideas. In general, it was not characteristic of the kind of Islam that has thrived on Russian soil for centuries. And it was in fact one of the main things that helped us to solve the problem of Chechnya. First, because fundamentalists, under the cover of the fight for the independence of Chechnya, started implementing their plans that had nothing to do with the independence of Chechnya: they launched an attack on the neighbouring Republic of Dagestan. And, of course, the people in Chechnya understand that this has nothing in common with the problem of Chechen independence. That’s one thing. Secondly, and very importantly, the ideological aggression of extreme Islamism, extremist manifestations of Islam has met with resentment on the part of traditional leaders of Islam, which has been cultivated in the North Caucasus for centuries. This was one of the reasons why the Muslims of Dagestan put up an armed resistance to aggressors in 1999 when they attacked Dagestan.  Inside Chechnya, the representatives of traditional Islam are today attacked by religious extremists, they are simply killed. And we bear a big share of the blame for it. I feel an immense sense of guilt for not being able to effectively protect the civilians and representatives of traditional Islam against the terrorist attacks by fundamentalists.  But we will do it.  You know, when I spoke about political responsibility and determination to fight terror, I meant that all the problems cannot be solved overnight. And we should prepare ourselves for joint, difficult and responsible work. By staging such acts terrorists seek to create a certain effect: they try to cause panic among the population, cause the people who have been attacked by terrorists to mistrust the political leadership of their country, to cause internal political problems and conflicts. We should give no quarter to the terrorists. We should understand that the fight against terror is a complicated and dangerous thing, and will probably call for sacrifice. We cannot avoid having victims. But if we cave in and get scared today, if we yield to the terrorists, their demands will increase many times over and as a result there will be many times more victims.  So I think it is our duty today to display solidarity with the American people, to support the President of the United States, to demonstrate to the American people that we support them and that we support the actions of the American President.  Nobody has asked us about it. We cannot be more Catholic than the Pope. But we are ready to work together. We will see what exactly they would be asking us to do, at what time, on what scale, etc. We are already fighting international terror on one front. I don’t think fighting on two or three fronts is the best idea. Germany knows it only too well. But if our partners really want to work together with Russia and fight terrorism together, and not just to use Russia, then we are ready for it. But in that case we should fight together on the front where Russia is fighting alone today. In that case we are ready to consider taking part in other areas of the fight against terror.  You can try to believe them. (Laughter.) Have you seen world television channels showing what is happening in Pakistan? We need to realise that complicated processes are happening in this world. And we should support the Governments of those countries that are really joining the international community in the fight against terror. But we should only support those Governments that really want to do it. It is no easy task, and we should support them in tackling that difficult task, and not just support them because we like them. We should proceed warily and we should choose our words carefully not to provoke them. In any case, it is an area where you often have to talk less and do more. We are ready for it. We have no troops in Uzbekistan. Yes, we have the 201st division and border troops in Tajikistan. They are on high alert. But what worries us above all is of course the number of refugees who may flood Tajikistan and other Central Asian republics and destabilise the internal situation there. As for possible military actions by the United States we hope that we will be apprised of such actions and the target of these actions and will get other relevant operational information. So far we do not have such information, so, we will not comment on it.  I have already said that we are ready to contribute to the settlement of that complicated problem to the extent that the parties to the conflict welcome our participation. We have no problem with recognising an independent Palestinian state. In fact, the previous Russian Administration has done so. We are not renouncing that position. We think that a settlement must take into account the legitimate interests both of the Palestinian and the Israeli peoples. We welcome the decision of President Arafat on a uni-lateral ceasefire and we believe that the reaction of the Israeli Government is optimal and adequate. And we very much hope that the emerging situation provides a good basis for a positive development of the process.  Russia has traditionally had friendly relations with many Arab countries and with Palestine. That’s on the one hand.  On the other and, many people from the former Soviet Union and Russia live in Israel and many of them have found themselves on the cutting edge of the confrontation. We are not indifferent to their fate. They account for almost a third of Israel’s population. Many of them speak the Russian language and are proponents of Russian culture. That is a bridge between Russia and Israel. And we understand that all the positive experience accumulated over the years in the relations between Russia and the Arab countries and what has recently emerged between Russia and Israel, all that positive experience can be used to resolve this complicated situation. We are ready to put it at the disposal of the negotiating parties.  First, it seems to me that if we unite our efforts, we will be able to solve just about any problem. In fact, judging from the wording of your questions, I think that I should structure my public statements during my visit to Germany in a certain way. Because you are raising fundamental issues, and I see that they interest not only you personally, but the readers and the public in Germany. As for the actual situation in the Balkans, we are ready to work more closely, but we should coordinate our positions and find solutions that are acceptable for all. And if they are acceptable for all they will be more viable.  We have discussed this problem with the Chancellor many times. I last discussed it personally with him in Genoa [at the G8 Summit] and we spoke about it several times over the telephone, twice during the past week. I must say that our opinions and those of the German leadership are almost identical. Our experts are now discussing these problems. I hope that some common agreements will emerge.  Yes, I think it would be very important. We should set down two fundamental principles: first, the absolute inviolability of borders, and second, the responsibility of states for the situation on their territory. We should ensure that the legitimate Governments are able to operate on their territories and demand that these legitimate Governments respect the human rights and international conventions and other international legal norms and moral values of civilised society, but we should demand from them compliance with the obligations they assume. I think such a conference, at which the participants would confirm their obligations to comply with their rules and the inviolability of borders would be a substantial factor for stability of the Balkans.  You know, I don’t think it is right to put off the visit and cancel any events in connection with an upsurge of international terror. First, we must not be afraid of terrorists, they should be afraid of us. But we must not behave heedlessly, we must get our experts to work more effectively to ensure the security of civilians and of international events. That was the second point. Now for the third point. I think that under the circumstances we should, on the contrary, strengthen our unity and that requires contacts. The best way is personal contacts between the leaders of states. So I look forward to my meeting with the German Chancellor. Germany is one of our key partners in the world and especially in Europe, and it is very important for me to meet with him and personally discuss the situation that has emerged in the world in the wake of the international terrorist attack on the United States.  Yes, the Chancellor has proposed some actions at the summit level, and I absolutely agree with him. We will discuss with him what we can realistically do together. I think what the Chancellor has proposed is highly relevant and may have a positive effect. As for cooperation in the fight against terror, I can say that I see the contacts between our special services as more effective than with any other Western special services. At any rate, from my information, I can say that the people who work there have a very sound and professional grasp of the situation and in general experts in this sphere have very good contacts, mutual contacts, mutual understanding and a high degree of trust.  As far as I remember – I have no time to follow everything that happens in the world, in Europe and in Germany – but I think some German special services officials have come in for criticism in the Bundestag. I think today these critics must admit that the representatives of the German special services were right. But this is not to say that we should not heed criticism, we stand to benefit from it too.  As for the possibilities of investment, the investment climate is linked to very many factors. You will know that after the start of military actions in Yugoslavia a lot of capital fled Europe, they put the figure at about $400 billion. And the value of the euro dropped by 10%. There is the result of destabilisation in Europe: money flees unstable regions. As for Russia, we have yet to do a lot for investors to feel comfortable here. But we understand what needs to be done and we are working in this direction. First of all, we must achieve a measure of stability, political stability. As we see it, in spite of what is happening on the periphery of the Russian Federation, notably in the Caucasus, political stability exists in society, I can say it with absolute confidence.  We have introduced large-scale changes in our legislation, the changes that have been mooted over the past decade, but which have been made only in the last year and a half. That truly signifies movement towards modernising the economy. In effect we have made revolutionary decisions in the sphere of taxation, we have dramatically liberalised taxation and we intend to move forward in this direction. We will continue to implement the plans for economic restructuring. Among other things, we will adjust the big monopolies to the requirements of the day, the requirements of the market economy.  We are planning major transformations of the judiciary system, which should provide a good basis for a more favourable business environment and for a sound investment policy. We hope that it will become very real for investors, both ours and foreign, who will feel better protected. To pursue a good investment policy and to create a good climate it is necessary to conduct a balanced and sound social policy. As you know, real incomes in this country have grown by more than 9% during the past year. And that of course creates a certain atmosphere in society, among the population, contributes to the credibility of the administration and enables us to pursue further reform. In the social sphere we are planning some major steps, for example, a pension reform. I am aware that this is also a much discussed issue in Germany.  We are going to introduce a land reform, which will also create a good economic and legal basis for the investment process. We are planning to adopt a new Labour Code that will regulate the relations between the employees and employers in a modern way.  We are completing the draft of a new Customs Code and next in line are transformations in the financial system and in the banking system. All that taken together – and only taken together – can create a favourable investment climate. We hope to achieve positive results there.  <…> We did not create the current position of the dollar. This was a given to all of us. I am sure that we should not discuss the problem of the stability of the dollar today because one of the goals of international terrorists has been to undermine confidence in the US economy. And it is one of the underpinnings of the world economy on which the well-being both of Russia and Europe depends. We should take a very balanced view of this. The basic indicators of the American economy have shown that no terrorist attacks, even such brutal ones as have been launched against America, can shake these foundations. But Europe and Russia are not just geographical notions, and in geographical terms we know that Europe reaches as far as the Urals. So if we describe as European the territories in which the European culture predominates, Europe actually stretches from the Atlantic to the Pacific.  Europe is our biggest economic partner. The European countries account for 35% of foreign trade. After the enlargement of Europe it will be 40%-45%. So we cannot and do not want to be left out of the processes taking place in Europe, including in the currency regulation sphere. The euro, of course, will occupy its due place in Russia as a reserve currency. Our Central Bank is actively working with its European colleagues, and we count on the support and fruitful contribution of the European Central Bank.  No doubt about it. If anyone might have had any doubts, they can cast all these doubts aside, and I’ll tell you why. When we introduced the flat 13% income tax rate and when we discussed its introduction there was a heated debate and criticism, including criticism targeted at me. But at the time we hoped that it would encourage part of our economy to come out of the shadow and increase budget revenues, and thus help to tackle social problems, especially problems of the low-paid social strata. Criticism came from the left-wing parties, which said it was unfair to levy a 13% tax on both people with low incomes and the still thin stratum of wealthy people in Russia. But, I repeat, we expected it to increase budget revenues. We expected that tax collection would increase by 15%-20%. But the months after the introduction of the 13% flat tax removed any doubts about the validity of that step, and criticism has practically stopped because tax collection has increased not by 15%, 20% or 25%, as we had expected, but by 70%. It levelled off a bit since, and over the past months the percentage has not been so high, but still the results have far exceeded our boldest expectations.  So, there are no doubts that the liberal transformations on our market have a long-term basis.  As regards the flight of capital, much remains to be done about that. I must say that this is not just a problem for our country. It is a problem for many countries that we describe as developed industrialised countries. It should be divided into two parts. There is illegal export of capital, and there we should take adequate legal measures. But the bulk of capital is exported in a perfectly legal fashion. And there economic means are the only possible and necessary means. And strange though it may seem (though not to the experts), the easiest thing is liberalisation, while the Government preserves and even in some ways increases its control. Liberalisation in the currency sphere, currency circulation and eventual free movement of capital. The fewer the restrictions on capita, the fewer concerns there are that capital will flow out of the country. In countries with a developed market economy a legal system is in place which maximises liberalisation and on the other hand, ensures government control. We cannot make a great leap because we should think about creating a modern system of government control over capital movement. Such a system has yet to be created here. But we are contemplating and we are determined to pass on to liberalisation. I repeat, time is needed to create a civilised modern system of government control over capital movement. The absence of a control mechanism leads to non-market methods in matters of capital movement.  You know, first of all in Europe all the people from the former Soviet Union are considered to be Russian. That is not so. But more importantly, one has to honestly admit that the people who have made fortunes overnight cannot always behave in accordance with the position they have come to occupy due to their unexpected wealth. It takes some time to get used to such a position. But it passes quickly. As for the mafia, that too is a sphere that we should not overlook. But I wouldn’t exaggerate things. Mafia is not a Russian word.  I must say that Gerhard is a very pleasant man to deal with, but he is also a tough negotiator. We feel no discomfort due to the fact that in the course of our business dealings we have to be pragmatic and defend the interests of our economies and our countries. But I must say that in the current situation there are no topics that could wreck our personal relationship. On the contrary, our good personal chemistry creates a favourable atmosphere for the business discussion. But I do not feel in the least uncomfortable when I have to say: “You know, this or that proposal does not suit Russia.” And he for his part told me many times: “This is good, we are ready to discuss it, but that we can never agree with.” This is absolutely normal. Indeed, I know that when he says “no” it is a considered “no”, and it should be an incentive to us to revisit the issue again and again. Moreover, I repeat, when he says “no” I know that the “no” is based on some sound thinking. It is a “no” of a person who does not brush aside any proposal that we make, it is a “no” of a person who regards Russia with sympathy. It should induce us to have another look at the problem and approach it from a different angle and to look for a compromise.  That’s a major coup, you infiltrated your own person into the Chancellor’s family. You know, she is a very interesting person in her own right. When they visited with us, we sat down to talk with Gerhard in the evening and we agreed that our wives would spend 20–30 minutes with us and then retire. As it happened, the four of us talked until 5 a.m. She is a very interesting person to talk to, with a very good background. I don’t think you have done any harm by infiltrating such a person into the Chancellor’s family. I must say that, unfortunately, I have no time to read books about myself. I think I know myself better than those who write about me. If I tell you all, what will happen to all the people who want to write something? As for my impressions of Germany, they are extremely favourable. But this is not surprising. Ask any person who has lived in another country for several years, for five years. It is a long period in the life of any person. It is part of my life, so I can say that Germany is part of my own life. My child was born there, and my children’s first language was German. I too try to speak German. Because I know no other foreign language, it is particularly valuable to me as an additional link with the European culture. It is, I repeat, particularly valuable.  And then, I mixed a lot with Germans. I was not a big boss when I lived in Germany. And we communicated with many Germans on a day-to-day basis, not only in Dresden but in other cities in East Germany. I must say that I have no negative recollections, no negative experience whatsoever. At a certain period I had more friends among Germans than here, because we had lived there for many years.  Yes, of course. And when I worked in St Petersburg my love of Germany made itself felt. I remember that at a meeting with diplomats accredited in St Petersburg, the then US Consul-General said jokingly, addressing his colleagues: “I would like to introduce Mr Putin, the Consul-General of the Federal Republic of Germany to St Petersburg.” You know, at the time I had no reason to hide the fact that I had been a security agent. I announced it openly at once. And it created no problems for me. I could freely work to build the relations between the north-western region of Russia and its biggest city, St Petersburg, with the German-speaking countries. I was in charge of the city’s external relations, and it is one of the country’s largest cities with a population of 5 million. We have many contacts, considering Germany’s traditional interest in north-western Russia, and we had a lot of contacts with German-speaking countries. So I made more friends in Germany.  I try not to think about it, and I think I am succeeding. I see the concrete tasks that I face and that need to be solved and I try to do it as best I can, I give it everything I got, and I work a lot. I think if my fate has shaped up that way, there are some problems of course, but one thing on the positive side is that fate has given me an opportunity to do for my country what other people cannot do because of their position. And I have to make the best use of this opportunity.  I think the unquestioned advantages of a democratic state are that the person at the top of the power pyramid should never forget that he should act in such a way as to be able tomorrow to live in this country, look people honestly in the eye and recall fondly the times when he was taking decisions on which the fates of millions of people depended.  This is particularly so in Russia because Russia is in the process of building its statehood and its civil society. A person who today is a big boss should remember that after a while he will be a rank-and-file citizen and will have to live in the society he is creating today. I try to always keep that in mind.  So what is your question? As regards concrete terrorist attacks, we had no specific information on that. But we had information that terrorists were preparing attacks on American citizens, American property abroad and on the territory of the United States. All this information needed additional investigation. We provided our American partners with this information in a timely manner. It does not mean that they could have known about the planned attack from this data. But I don’t know what they did with that information. Thank you."
2001-09-19 00:02:00,Interview to German ARD Television Company,Sochi,[],"No, of course, no. Technologically I can work here and am working in full, same as in the Kremlin. I must say, perhaps, on the contrary, there is here an opportunity to concentrate on the main themes in international and domestic politics, without being distracted by trifles, as I have to do in Moscow. So I must tell you that I'm here in contact also with my colleagues from Europe, from the United States and, of course, with the entire leadership of the Russian Federation constantly, in full contact: with the Defence Minister, the Minister of Internal Affairs (today alone I talked with both several times), and with the director of the Federal Security Service, of the intelligence service, with the Chairman of the Government. Just the day before yesterday I talked with Mr. Chirac before his departure for Washington, with our Minister of Foreign Affairs I today spoke after his arrival in the United States capital, and so on.  We believe that, as I already said, evil without a doubt must be punished. Moreover the response to the aggression with which the United States has been confronted must be prompt. We, of course, believe that the generally recognized international rules will be observed and the United States will consult as it takes decisions with its allies as well: with the direct NATO allies, with Russia and with other leading powers of the world. That's why the Minister of Foreign Affairs of the Russian Federation, Mr. Ivanov, is in Washington today. You said: CIS — this means the Commonwealth of Independent States. These states are independent in the true sense of the word. We, of course, have certain influence, just as they have some on us. We all come from one state — the Soviet Union — we have many ties, we economically are present there quite weightily, but political decisions of this kind these states make independently. That's the first point. Second, as regards the possible involvement of Russia, we are ready to cooperate with the United States in the struggle against terrorism in the broadest terms. We haven't yet had any specific requests on this question, but security services have long since been cooperating. The question is, this cooperation should be taken to a new qualitative level. We are ready for this. And, of course (I cannot fail to say that), all of our actions must and will be in full conformity with Russian law and the international obligations assumed by Russia and the rules of international law.  You know our position, it is a principled one. The use of the Armed Forces outside the Russian Federation, in the first place, calls in our country for a special legislative procedure and requires endorsement by the Federal Council, that is the upper house of the Russian parliament. Besides that, use of the Armed Forces in third countries may occur only by a decision of the Security Council of the United Nations. We have up until now observed these rules and intend to do so. But this does not mean that we cannot discuss questions of this kind and together with our partners think over a possible response in connection with the terrorist acts.  I must say that members of the UN Security Council, in any case its permanent members, have wholly and entirely identified themselves with the United States and support the struggle against terrorism. Only yesterday, as I already said, I talked with the President of the People's Republic of China, who also stressed that his country did not accept terrorism in any of its manifestations and was willing to cooperate with the international community in the struggle against this evil, which is becoming ever more dangerous.  I have sufficiently clearly defined my position at the first reaction after the terrorists dealt their strike against the United States. I said that this was a strike against the whole of humanity, at least against the entire civilized world, of which Russia considers itself a part. Therefore we regard the strike against the United States in the broadest sense as a strike against the entire civilized world. In this sense we do not divide our interests with those of other countries, including with the interests of the United States. I believe responses to the most malicious, most dangerous manifestations of terrorism ought to be sufficiently effective and quick. The involvement of Russia in such actions, I repeat, is limited to Russia's internal laws and our commitments to our partners. So far we have received no specific proposals. And, of course, we will make our decisions, bearing in mind the level and nature of our partnership with the United States and with the NATO countries.  The struggle against terrorism cannot, must not and is not limited to military methods, if we want to achieve positive results. As to our plans, military plans in the Caucasus, they have been achieved. And I cannot agree with you that our military actions there have not led to the results which we had expected. Indeed, we didn't expect any other results. We've destroyed large bases of terrorists, have destroyed their organized structures, they don't exist. We set ourselves this task, and it has been achieved. But we never really thought that the very roots of this phenomenon could be fully eradicated there in a year and a half or two. That requires lots of intense, large and many-sided work. This work is associated with improving the social-economic standard of living for the population of the North Caucasus and Chechnya, in particular. This is associated with cultural work, it is associated with religious-ideological work, because we must offer the bulk of the population something other than the man-hating ideas being put forward by religious fanatics.  As for the peaceful population, I draw your attention to the fact that we used to be told eighteen months back we would never find a single Chechen who would cooperate with federal forces in the slightest way. Today a civil administration of Chechnya has been established, in each district the heads of administrations work, Chechens by nationality, and bandits keep striking at them. As you know, many people from among the Chechen population have already died at the hands of bandits, including noted religious workers. All this suggests that the population of Chechnya understands what is happening there and they are turning towards the federal center. We have no doubt on that score. Of course, this requires a certain time and, of course, it will require certain efforts.  The same thing, I think, we will all have to do together internationally, the same thing will have to be done against other centers of terrorism. That we are interconnected, I think, today does not need being proved. It is an obvious fact for all. Support comes from certain centers and we have to work together against those centers.  Of course, with just military operations this cannot end. It will not lead to positive results, but here the cohesion of the world community is needed and effective actions on a whole number of issues, the first of which is to deprive bandit groups and terrorist organizations of financial support, to exert a positive economic influence on the state entities and on the states in which terrorism takes place, and to cooperate with these states in the humanitarian regard. This a whole large range of work.  Yes, absolutely right. Of course, no. For what was it that the terrorists used? Civilian aircraft. And a national missile defense system protects only against missiles and only against ballistic missiles. You understand the difference between a civilian aircraft and ballistic missiles? Even ”rogue countries“ in the next 50 years will not be able not only to have, but even to come nearer to such technologies. Of what are we speaking? There is simply not even a subject for talk. This, though, does not mean that we must not think of how to adapt the system of security in the world that has developed as of now to the possible dangers which may await us in some historical perspective. And we are ready for this dialogue. No, we do not want to and will not have any haggle here. To us the question of combining efforts in the struggle against terrorism is an independent topic of our cooperation. Of course, we are aware that if in this matter, in this field we reach mutual understanding, and on this ground, can effectively cooperate with each other, this will create a good climate for solving other problems too. But, I think, it would be wrong here to haggle with each other and to exploit the difficulties with which our partners are confronted to solve some other tasks. We've got no such aim and we will not be doing that. I, strictly speaking, already spoke of this. This is a decision which America can take independently. It has a right to do so, because in the Treaty itself on Antiballistic Missile Defense of 1972 there is an appropriate provision which envisages a procedure for dissolving this Treaty unilaterally. Either side which intends to take such a decision must notify the partners six months in advance. Therefore if our American partners take such a decision, half a year before withdrawal from the Treaty they must inform us, and we in this case will not stage any hysteria. But we do think that this would be an erroneous step. And here's why. Today's system of international security is largely based on the ABM Treaty of 1972. The START-1 Treaty is connected with it, and so is the START-2 Treaty, which we have ratified. Our US partners so far haven't, unfortunately. Associated with it is a whole series of other international legal obligations in this sphere, in the sphere of international security, approximately 30 treaties and agreements. This will be destroyed overnight. We are not proposing anything in return. We consider this is incorrect. We hold this to be a mistake. There will be no great harm to our own national interests from the Americans' withdrawal from the ABM Treaty, because Russia in the next 30 years will certainly be able to ensure its security. We know this, our US partners know this. The position of Russia protects rather not its own security, but the position of Russia proceeds from the need to take care of the international structure, of the international security architecture which has developed as of now. You know, there is a saying, it may not sound very nice, but I think it would be appropriate: we believe that meat and flies should be kept separate. Let us separate flies from meat. As for nuclear cooperation with Iran, we are talking about cooperation in the field of atomic energy, the building of atomic power plants and so on. Our American and some other Western partners are planning to do exactly the same in North Korea which is also called a rogue state. Why should everybody else be allowed to work there while Russia shouldn't be allowed to work with the same technologies with Iran? We see this as a political justification of unfair competition. That's one thing.  Secondly, as regards cooperation in the military-technical field. Yes, we do sell weapons to other countries. You know in what place we are in terms of sales? I think we are in fourth or fifth place. We are well behind the United States, Great Britain and some other countries. We are in fourth place. The arms market is fairly limited. If our Western partners can offer to compensate us for the possible losses if we stopped our activities in the sphere of military-technical cooperation, we can think about it. But we must comply with our obligations under the treaties we have concluded.  And the last thing. In this cooperation we never go beyond the framework of the international commitments we have assumed and we will never transfer any technologies connected with the spread of mass destruction weapons, including nuclear military technologies. Russia has signed a corresponding agreement on non-proliferation of mass destruction weapons and it strictly abides by these accords.  Absolutely. Let me draw your attention to the fact that Germany has provided Iran with a loan of 2 billion marks guaranteed by Hermes. Why are European countries working in Iran actively and Russia has no right to do the same? And I would like to end my answer to the question where I started it: flies should be kept separate from meat and we should know exactly which is where.  Everything will depend on what will happen in the world. But I think that in the current situation, on the contrary, I must go to Germany, unless, of course, the leadership of the Federal Republic finds that the time of the visit does not correspond to the events happening in the world. Germany is one of our leading partners both in the economic and in the foreign policy sphere. We have twice spoken with the Chancellor by phone about the recent events in the United States. He put forward very important initiatives, in my view, very timely initiatives in terms of activating the G-8. I support him and I think that, on the contrary, it would be right to meet with the leaders of Germany, to discuss the emerging situation and talk about coordinating our efforts. Yes, of course, I don't see how we can avoid this topic. Of course, we will discuss our interaction, of course, we will think how to support our American partners together morally, politically and at the level of special services. Germany is a locomotive of a united Europe and in that sense the position of Germany on very many issues is important for us. As for the fight against terrorism, I can tell you that it is an area in which we should proceed, in spite of all the acuteness, and perhaps being mindful of the acuteness, in an extremely cautious manner. This is an area where sometimes it pays to say less and do more. And in any case we should not provoke criminal elements to some negative actions by rash remarks, let alone rash and ill-considered actions.  In general we would like to establish a closer dialogue with Europe on security issues. The military and defence topics are being actively discussed in Europe today. We watch these processes attentively. I have said and I would like to repeat that it does not give us any cause for concern. Only, we would like the actions in this direction to be as transparent as possible. As you know, we are building our relations with NATO within the PJC. I see no reason why we shouldn't cooperate with the Europeans in the same way and perhaps even more closely. As I have said, one of the key elements in the uniting Europe is, of course, the position of Germany and we regard it as being of fundamental significance. We watch especially closely what Berlin says and how. Let us face it, the positions of Germany and Russia differ if only because Germany is an active member of NATO, which Russia is not. The Alliance has decided to invoke Article 5 of the North Atlantic Treaty and all the NATO members are in full solidarity with the position of the United States. We are not members of NATO, they don't want to admit us. So, of course, our positions will differ. As for the possible participation or non-participation of the Armed Forces of the Federal Republic of Germany, the decision rests with the German government, the German people, the parliament and the Chancellor. I am the President of the Russian Federation and not of the Federal Republic of Germany.  At the same time I think that if you ask me whether the participation of German Armed Forces in a military action outside the territory of Federal Germany will cause any concern in the Russian Federation, my answer would be no. I see nothing worrisome about it. The Federal Republic has the right and the possibility to comply with its obligations within NATO. If such a decision is taken, so it will be. The decision is up to the German people.  I've said everything. We have just been discussing global problems, the problems of world politics and even possible deployment of military operations in some regions of the world. But, you know, we have a saying, probably a very sound one, that war or no war, lunch must be served on time. So, in this area, too, I attend to economic issues practically every day and communicate with ministers, vice premiers and the chairman of the Russian government. We discuss the budget which the State Duma has now begun to debate and we discuss our immediate tasks that we have to accomplish by the end of the year in order to improve the economic mechanism in the country.  Unfortunately, in the previous ten years because of a measure of political instability, normal economic life has not been put on track. Now that we see a degree of consolidation, political consolidation in society, a great deal has been accomplished in the economic sphere. No such economic results have been achieved in the last 30 years in the Soviet Union or in the Russian Federation. In general, it is not a bad platform to build on. We have done a great deal in terms of creating a sound legal basis. But, of course, it was impossible to accomplish everything within a year and a half. As you know, we have passed some very serious laws in the field of taxation. Just today I discussed with the vice premier who is in charge of economics and finance the priorities for the next half year. They include the land reform and adoption of the Labor Code. You have mentioned the legal system. Improvement of the activities of the law courts and what we call the reform of the justice system is on the agenda. And you are absolutely right to draw attention to it. There is something to discuss here, and there are many shortcomings. You have mentioned the problem of the customs. It exists and we see it and are aware of it. Intensive work is underway on a new edition of the Tax Code. The main meaning of the proposed changes will be to minimize the decision-making powers of the bureaucrats and to make the provisions of the law self-implementing so that customs regulation should not be governed by internal departmental instructions but directly by the provisions of the law.  And there are other provisions and plans, including improved administration, that are sure to improve the situation in this area. So, we are aware of all this, we see this, but it is a fact that movement, fairly positive movement, has begun.  As for the dollar, I think it's pretty simple. It's you and not us who made it the main reserve currency of the world. You are introducing the euro now and I think you are doing the right thing. All this strengthens the European space as a center of world politics, as one of the leading centers of world politics. The issues may be simply technical. First, I must draw your attention to the fact that today we should discuss this topic very cautiously. We know that the terrorists have struck not only at the prestige of the United States, but also at the world economy. The basic foundation of the American economy is very strong as the recent trading in the stock market has shown. All this should reinforce our conviction that the terrorists have not achieved and will never achieve the goals they set before themselves. But we should act and speak circumspectly, including on the issue of the dollar because it is, properly speaking, to a large extent the basis of the world economy. Whether it is right or wrong, this is so. And we should be considerate of this. This is not to say that we are not following the processes in Europe attentively. On the contrary, Europe already accounts for 35 percent of our trade and after the admission of possible new members in the European community the figure will rise to 40–45 percent. Naturally, we cannot and do not want to be in isolation. The Central Bank of the Russian Federation is today actively studying possible ways of introducing the euro in the settlements between our partners in Europe and Russian legal entities. We very much count on effective support in this matter from the Central European Bank. And, frankly speaking, I see no problems there.  There is one technical detail which we must draw your attention to. But this is not something we can resolve ourselves, we can only resolve it together with the Europeans. Our main currency revenues come from the sale of our traditional commodities in the foreign market. These commodities are normally traded in exchanges and the settlements in exchanges are in dollars. It is not our invention, it's yours. So, we should think about this problem together. I repeat, the Central Bank of the Russian Federation and its colleagues are working actively on what we will do after January 1, 2002 and how.  You know that if we look at Western Europe itself, it's not a large entity territorially, even there democracies differ markedly from one another. You can take the example of France or the Federal Republic of Germany, Italy or some other European country. Democracies are different everywhere. The forms of democracy and the practice of democracy differ everywhere. This is due to history, tradition and so on. There are, of course, basic things that everybody shares and of course Russia will try to see to it that these basic things totally and fully integrate Russia into the European humanitarian and political democratic space. And there is no question, in this context, that the security service or the army will acquire a special and independent political power or political significance. All these structures, all these power structures, as we call them, should be under the control of the state and society.  In any normal democratic society the mass media and the press are, as a rule, in opposition to the establishment. This is a natural position. At the end of the day that is how it should be, otherwise it makes no sense. And from that point of view we will, of course, support press freedom. But the problem with us is that at present the main thing required for press freedom is lacking, no economic basis for freedom has been created. At present our media market and the advertising market that make it possible for the mass media to function as a commercial enterprise is practically non-existent. Normal effective information media as a commercial enterprise can hardly exist without the assistance of some outside sponsors. And once it is so they have to cater to economic interest groups. This is where the problem lies. And I see my task in creating such an economic base for press freedom. I won't challenge the fact that the press faces some difficulties in the regions. And I don't think everything is perfect in that way in the center either. And of course, there is a lot to be done. It is a complex and multi-farious work that calls for constant attention, above all, in the sphere of the economy and in strengthening the legal framework for press independence. We will certainly move forward on that. You know, to get at the causes of the disaster a lot has yet to be done. First, we hope that the sunken submarine will be successfully lifted and towed to dock and the first to board the submarine will be the investigators of the Prosecutor General's Office. You are the first to learn it. So far, neither military specialists, not the navy men know about it. It is a firm decision. The first to go on board the submarine, if everything goes well (and I expect it will), will be the investigators of the Prosecutor General's Office and the technical specialists who will work under their control. We very much hope that the information obtained will bring us closer to solving the riddle that confronts us today, to solving the question of the causes of the disaster. I don't think I need explain to you why we have decided to go ahead with this complex and costly enterprise of lifting the submarine. Above all, we need to meet our moral obligation to the relatives of the dead, and also to solve the ecological issues, the ecological problems that may arise if the submarine is not raised. As we know, there is a nuclear reactor and a large number of missiles. If they can be removed and put into their places of storage, it must be done. We have analyzed this situation together with West European specialists and both our and West European specialists, I repeat, came to the conclusion that the Kursk can be lifted. And this work can be done absolutely safely. There is constant monitoring there, including radiation monitoring. No alarm signals have yet come.  As for faith, I prefer never to discuss it publicly. That's one thing. And secondly, my visits to such places have come to attract attention only now because all my movements inside the country and even more so abroad have attracted such attention. There was no such public attention before and I could afford to do what I wanted. All I want to say is that it doesn't mean that I haven't visited such places previously.  Thirdly, it was pleasant for me to spend the short week-long vacation that I took in my native places, and that is the Northwest of the country. You know that my birthplace is Petersburg, it's a very beautiful place. So, I just wanted to be in my native region.  As for Church, I can tell you honestly that there was a certain additional agenda to this trip. You see, after the collapse of the communist ideology we have been left without any ideology. The Church is separated from the state, it has been in a humiliated position over decades, but man cannot live without a moral basis. And so, attention to the Church is just a manifestation of attention to moral human values. I think it is very important for Russia today.  And besides, I got added proof that the material basis of the Church is in a sorry state. Churches in Moscow, say, and cathedrals in Petersburg have a shiny, festive look. But as soon as you are out of the regular tourist beats you see the real position of the Russian Orthodox Church. It is deplorable. And I think it would be right for Russian society to pay attention to it.  (in Russian) As for the fears that humanity may be on the brink of large-scale military actions, a big war, I think these fears are without grounds. I don't think anything like that will happen. The leading countries will not allow that to happen. There needn't be such fears. There is nothing to presage a large-scale military conflict. At any rate because all the leading countries of the world, all the permanent members of the UN Security Council are determined to combat terrorism together, and terrorism and religious extremism of the most diverse stripe are always the main causes of unrest. As for the German language, I will have an opportunity to speak German in Germany.  Thank you."
2001-09-24 00:02:00,Russian President’s Statement,"The Kremlin, Moscow",[],"Following the barbaric terrorist acts in New York and Washington on September 11 this year, the world is still living under the impression of this tragedy. The Russian Federation has been fighting international terrorism for a long time now, relying exclusively on its own resources, and it has repeatedly urged the international community to join efforts. Russia's position is unchanged: we, naturally, are still ready to make a contribution to the struggle against terror. We believe that first and foremost it is necessary to give attention to reinforcing the role of those international agencies and institutions which were established for strengthening international security. These are the UN and the UN Security Council. It is also necessary to energetically get down to improving the international legal framework so that it would make it possible to promptly and efficiently respond to acts of terrorism.  As for the planned anti-terrorist operation in Afghanistan, we formulate our position as follows.  First, vigorous international cooperation between special services. Russia is supplying and intends to continue to supply the information available to it about the infrastructure and locations of international terrorists and about the bases training militants.  Second, we are prepared to make the Russian Federation's air space available for the flights-through of planes carrying humanitarian cargo to the area of that anti-terrorist operation.  Third, we have agreed the above position with our allies from among Central Asian nations. They share this position and do not rule out for themselves the possibility of making their airfields available.  Fourth, Russia is also ready, if need be, to take part in international search and rescue operations.  Fifth, we will broaden cooperation with the internationally recognized government of Afghanistan led by Mr Rabbani and provide additional support to his armed forces in the form of arms and military hardware supplies.  Other, more extensive forms of Russia's cooperation with the participants in the anti-terrorist operation are possible. The extent and character of this cooperation will directly depend on the overall level and quality of our relations with those countries and on mutual understanding in fighting international terrorism.  I have formed a team led by Defence Minister of the Russian Federation Sergei Ivanov to coordinate work on all the matters I have outlined above. This team will collect and analyze incoming information and collaborate with the participants in the operation in practical terms.  We also believe that what is happening in Chechnya cannot be viewed out of the context of the fight against international terrorism. At the same time we understand that these events have a history of their own. I allow for there still being people in Chechnya who have taken up arms under the influence of false or warped values. Now that the civilized world has defined its position on fighting terror, everyone should define his or her position as well. This chance should also be offered to those who have not yet laid down arms in Chechnya.  That is why I offer all the participants in the unlawful armed militias and those who call themselves political leaders to immediately cease all contacts with international terrorists and their organizations and to contact official representatives of the federal authorities within 72 hours to discuss the following questions: procedures for the disarmament of these unlawful armed militias and groups and procedures for their integration in peaceful life in Chechnya. Viktor Kazantsev, the Plenipotentiary Representative of the President of the Russian Federation in the Southern Federal District, of which Chechnya is part, will be authorized to make such contacts on behalf of the federal authorities.  I would also like to use this opportunity to say a few words about my meeting today with the heads of the Moslem religious boards of Russia. That meeting took place on their initiative. They have proposed holding an International Islamic Conference in Moscow on the theme ”Islam against Terror.“ I share their concern over the situation taking shape in the world. Undoubtedly, support will be given to holding the conference. I believe that it is only with the active involvement of religious communities themselves that effective struggle could be mounted against religious extremism and fanaticism, not just Islamic but any other as well.  Thank you."
2001-09-25 00:00:00,Press Statement and Joint News Conference with German Federal Chancellor Gerhard Schroeder,Berlin,[],"Good afternoon. To start with, I want to thank the Federal Chancellor for his invitation to visit Germany. Germany is among Russia’s closest partners. Our comprehensive treaty contains a clause envisaging consultations when the international situation comes to an edge. Proceeding from that clause, we opened our meeting today with discussing the situation following the tragedy in New York and Washington. We spoke about an effective all-round response to terrorism, and I fully agree with Mr Schroeder on that score. I have said on many occasions, and I repeat now, that flirting with terrorists and their appeasement must be ruled out anywhere and at any time. I want also to quote President George W. Bush: we must above all concentrate on stopping the financing of terrorism. Terrorists must see they are in complete political and ideological isolation. Practically all the leading countries of the world share this position. I informed Mr Schroeder about Russian contacts with the Chinese leadership. We are partners in the Shanghai Cooperation Organisation, which also has an anti-terrorist structure. But I think it would be best to concentrate on bilateral relations in our meetings today and tomorrow. We have taken stock of our priorities, and we will discuss political, economic and social priorities at our upcoming meetings. We have highlighted obstacles to active development of our partnership, and we will tackle those problems. The entire range of trade and economic links is among our most important themes. I think we’ll be right to pay special attention to the development of Russia’s economic ties with industries in the German east. We can only regret that things occasionally go wrong in certain fields we regard as priorities, especially when we launch large projects and announce their support on both sides. As for the spheres to which we fail to pay due attention, their development is effective, despite all the problems. One of such spheres is high technologies, information technologies, communications, R&D and everything connected with it. They have excellent prospects, and offer a vast field for breakthrough projects. Many of our ministries and departments, including the military, have been stepping up contacts in the preceding months. I would like to mention here an agreement between our Defence Ministers for a joint peacekeeping exercise in Russia and Germany, in 2002. Cultural partnership has always been an important part of Russian-German cooperation. Germany and Russia will take turns for each other’s Culture Days in 2002–03. A first joint Russian and German language contest will be held next spring. The Federal Chancellor and I both think that public initiatives deserve the greatest possible support from officials. This point also concerns the recently established forum St Petersburg Dialogue. You know, what I especially like about Russian-German partnership is that when I meet with the Chancellor and other German leaders, there is no need to talk about problems in general—what we call “beating about the bush”. Our discussions are completely practical. I had another chance to see it today. Mr Schroeder appeared really concerned about what had happened, and we thought together what we could do to protect our nations from possible attacks, and how to join hands against terrorism. It is clear that we are both ready to step up those efforts. We have practical ideas in this field, and I am sure we will implement them. If Germany makes such a request, we will consider it."
2001-09-25 00:01:00,Speech in the Bundestag of the Federal Republic of Germany,Berlin,[],"Distinguished Mr President, Distinguished ladies and gentlemen,  I am sincerely grateful for this opportunity to speak in the Bundestag. This is the first such opportunity for a Russian head of state in the entire history of Russian-German relations. And this honor granted to me today only reaffirms the mutual interest of Russia and Germany in dialogue.  I am moved by this chance to discuss Russian-German relations, the development of ties between my country and united Europe and international security problems here, in Berlin, a city with a difficult fate, a city which happened to become the focus of confrontation with almost the entire world on more than one occasion in the modern history of humanity, but also a city in which never, even in the darkest periods, did anyone succeed in stifling the spirit of freedom and humanism that had been nurtured way back by Wilhelm von Humboldt and Lessing.  Nor was that done in the grim years of Hitler tyranny. Our country deeply reveres the memory of heroic anti-Nazi fighters.  Russia has always had special sentiments for Germany, and regarded your country as one of the major centres of European culture – a culture, to the development of which Russia has also made a significant contribution, a culture which has known no borders and has always been our common asset and a factor of bringing peoples together.  That is why today I will take the liberty of delivering the main part of my message in the language of Goethe, Schiller and Kant, in the German language.  (Follows translation from the German.)  Distinguished ladies and gentlemen,  I have just talked about the unity of European culture. However, in the past that unity did not prevent two horrible wars from being unleashed on the continent, two world wars within one century. Nor did it prevent the building of the Berlin Wall, the formidable symbol of the deep division of Europe.  The Berlin Wall is no longer. It was destroyed. And today it would be relevant to recall why that became possible.  It is my conviction that the dramatic change in the world, in Europe and on the expanses of the former Soviet Union would have been impossible without the main preconditions, namely, without the events that took place in Russia ten years ago. These events are important to understanding what precisely took place in our country and what could be expected from Russia in the future.  The answer is simple, as a matter of fact. Under the impact of the laws governing the development of information society, Stalinist totalitarian ideology could no longer oppose the ideas of freedom and democracy. The spirit of these ideas was taking hold of the overwhelming majority of Russian citizens.  It was the political choice of the people of Russia that enabled the then leaders of the USSR to take decisions that eventually led to the razing of the Berlin Wall. It was that choice that infinitely broadened the boundaries of European humanism and that enables us to say that no one will ever be able to return Russia back into the past.  As for European integration, we not just support these processes, but we are looking to them with hope. We view them as a people who have learned the lesson of the Cold War and the peril of the ideology of occupation very well. But here, I think, it would be pertinent to add that Europe did not gain from that division either.  It is my firm conviction that in today's rapidly changing world, in a world witnessing truly dramatic demographic changes and an exceptionally high economic growth in some regions, Europe also has an immediate interest in promoting relations with Russia.  No one calls in question the great value of Europe's relations with the United States. I am just of the opinion that Europe will reinforce its reputation of a strong and truly independent centre of world politics soundly and for a long time if it succeeds in bringing together its own potential and that of Russia, including its human, territorial and natural resources and its economic, cultural and defence potential.  Together we have already taken the first steps in that direction. The time has now come to think about what should be done to make sure that a united and secure Europe becomes the harbinger of a united and secure world.  Distinguished ladies and gentlemen,  We have done a great deal in the security sphere over the past few years. The security system that we have built over the previous decades has been improved. One of the achievements of the past decade is the unprecedentedly low concentration of armed forces and armaments in Central Europe and the Baltic. Russia is a friendly European nation. Stable peace on the continent is a paramount goal for our country, which lived through a century of military catastrophes.  As everyone knows, we have ratified the Comprehensive Nuclear Tests Ban Treaty, the Nuclear Non-proliferation Treaty, the Biological Weapons Convention, and also the START-2 Treaty. Regrettably, not all the NATO countries have followed our example.  But once we, distinguished ladies and gentlemen, have started to discuss security, we should first and foremost understand from whom we are to defend ourselves, and how. In this context I cannot but mention the catastrophe in the United States on September 11. People the world over keep asking how that could have happened and who is to blame. I will give you answers to these questions.  I think we all are to blame for what happened, and first and foremost we, politicians, to whom the ordinary citizens of our nations have entrusted their security. And this happens first and foremost because we have so far failed to recognize the changes that have happened in our world over the past ten years and continue to live in the old system of values: we are talking about partnership, but in reality we have not yet learned to trust each other.  In spite of a plethora of sweet words, we are still surreptitiously opposed to each other. Now we demand loyalty to NATO, now argue about the rationale behind its enlargement. And we are still unable to agree on the problems of a missile defence system.  Over long decades of the 20th century the world was indeed living under conditions of confrontation between the two systems, confrontation that pushed humanity to the brink of annihilation on more than one occasion.  That was so fearsome and we grew so accustomed to live with that anticipation of catastrophe that we are still unable to understand and appreciate the changes taking place in today's world. We seem to be missing the fact that the world is no longer divided into two hostile camps.  The world has become far more complex, distinguished ladies and gentlemen.  We do not want or are unable to understand that the security structure built over the previous decades that was effective in neutralizing former threats is no longer able to cope with new threats of today. Too often we continue to argue over issues which we think are still important. They probably still are.  But at the same time we do not recognize new real threats and turn out to be unable to foresee terrorist attacks – and so ruthless terrorist attacks at that!  Hundreds of innocent civilians died in the bombing of residential houses in Moscow and other large Russian cities. Religious fanatics, having captured power in Chechnya and having turned ordinary citizens into their hostages, mounted a brazen large-scale armed attack against the neighboring Republic of Daghestan. International terrorists have openly – quite openly – declared their intention to establish a fundamentalist state on the territory between the Black and the Caspian Sea – the so-called khalifate, or the United States of Islam.  I would like to stress right away that talking about any ”war between civilizations“ is inadmissible. It would be a mistake to put the equation mark between Moslems in general and religious fanatics. In our country, for example, the defeat of the aggressors in 1999 was predetermined by the courageous and tough rebuff of the residents of Daghestan, a Russian republic the population of which is virtually 100 percent Moslem.  Shortly before my departure for Berlin I met with the religious leaders of Russia's Moslems. They came up with the initiative of convening an international conference on ”Islam Against Terrorism“ in Moscow. I think we should support this initiative.  Today we are coming up against not so much the aggravation of the well-known international problems as the rise of new threats. Russia is taking practical steps to put up, together with some CIS nations, a real barrier in the way of the traffic of drugs, organized crime and fundamentalism from Afghanistan via Central Asia and the Caucasus into Europe. Terrorism, national intolerance, separatism and religious extremism everywhere have the same roots and bear the same poisonous fruit. That is why the methods of fighting these problems should be universal as well.  But first agreement needs to be reached on the fundamental matter: we should not be afraid of calling a spade a spade. And it is extremely important to understand that evil deeds cannot be used to achieve political objectives, however noble such objectives may seem.  Naturally, evil must be punished, and I agree with that. But we should also understand that no retaliatory strikes will replace comprehensive, purposeful and well-coordinated struggle against terrorism. I absolutely agree with the US President on that.  I think our partners' readiness to joint efforts in countering real rather than illusory threats will demonstrate how serious and reliable they are as partners. These threats are quite capable of spilling over from the distant frontiers of our continent to the very heart of Europe. I talked about that on more than one occasion, but after what happened in the US there is no need to prove anything.  But what are we lacking today for cooperation to be efficient?  In spite of all the positive achievements of the past decades, we have not yet developed an efficient mechanism for working together.  The coordinating agencies set up so far do not offer Russia real opportunities for taking part in drafting and taking decision. Today decisions are often taken, in principle, without our participation, and we are only urged afterwards to support such decisions. After that they talk again about loyalty to NATO. They even say that such decisions cannot be implemented without Russia. Let us ask ourselves: is this normal? Is this true partnership?  Yes, the assertion of democratic principles in international relations, the ability to find a correct decision and readiness for compromise are a difficult thing. But then, it was the Europeans who were the first to understand how important it is to look for consensus over and above national egoism. We agree with that! All these are good ideas. However, the quality of decisions that are taken, their efficiency and, ultimately, European and international security in general depend on the extent to which we succeed today in translating these obvious principles into practical politics.  It seemed just recently that a truly common home would shortly rise on the continent, a home in which the Europeans would not be divided into eastern or western, northern or southern. However, these divides will remain, primarily because we have never fully shed many of the Cold War stereotypes and cliches.  Today we must say once and for all: the Cold War is done with! We have entered a new stage of development. We understand that without a modern, sound and sustainable security architecture we will never be able to create an atmosphere of trust on the continent, and without that atmosphere of trust there can be no united Greater Europe! Today we must say that we renounce our stereotypes and ambitions and from now on will jointly work for the security of the people of Europe and the world as a whole.  Dear friends,  Today, thank God, Russia is talked about in Europe not only in the context of oligarchs, corruption and Mafia. However, there still is a substantial lack of objective information about Russia. I can say with absolute confidence that the key goal of Russia's domestic policy is first and foremost to ensure democratic rights and freedoms, decent living standards and safety for the people of the country.  However, distinguished colleagues, let us look back at some events of the recent past. Russia took the painful road of reform. The scope of the tasks we had to address is without parallel in history. Naturally, mistakes were made. Not all the problems have been resolved, but today Russia is a quite dynamic part of the European continent. Moreover, it is dynamic not only politically, but also economically, which is especially encouraging. Political stability in Russia is ensured by a number of economic factors, not the least by one of the world's most liberal taxation systems. Our income tax is 13% and profit tax 24%, and this is real. Last year our economic growth was 8%. This year we expected to get just 4%, but most likely we will have about 6% — say, 5.5–5.7%. We will wait and see.  At the same time my conviction is that only large-scale and equal pan-European cooperation will make it possible to achieve qualitative progress in resolving such problems as unemployment, environmental pollution and many others.  We are set on close trade and economic cooperation. In the nearest future we intend to join the World Trade Organization. We count on international and European organizations' support for our bid.  I would like to draw your attention to things which you as members of parliament will undoubtedly be able to appreciate better and which cannot be dismissed as propaganda. As a matter of fact, our nation has gone through a revision of priorities and values.  Spending on social needs tops the 2002 consolidated budget. And I would like to stress specifically that for the first time in Russia's history spending on education has exceeded defence expenditures.  Distinguished colleagues,  Permit me to say a couple words about Russian-German relations. I would like to dwell separately on this matter. Russian-German relations are as old as our nations. The first German tribes appeared on Russian territory in the late first century. In the late 19th century Germans were the ninth most numerous ethnic group in Russia. But what is important is not just the numbers, but the role played by these people in the development of the country and in Russian-German relations. They were peasants and merchants, intellectuals, military men and politicians. "
2001-09-26 00:01:00,Speech at a Meeting with German Businessmen and the public,Berlin,[],"Prime Minister, Mr Chairman,  Ladies and gentlemen,  Gathered here today are leading figures of the German economy, politicians and businessmen for whom cooperation with Russia is a priority. Among them are Mr Rau and Prime Minister Clement. Such meetings are very important to me because we can frankly discuss all issues related to our business cooperation.  We appreciate the German business community’s steadfast and consistent attitude to Russia. We know that you are demanding and uncompromising. We for our part seek to have businesses in Russia that are transparent and based on legal principles. Ever since the time of Peter the Great, Russia has not only felt itself to be, but actually has been part of the European continent in the broadest sense. Solid European economic and cultural traditions have taken root in Russia since those times. One can in fact add, traditions of European secular life.  Today basic European values are becoming an integral part of the Russian way of life. By following the European path, Russia will strengthen its position and assert its individuality.  We are well aware that the process of strengthening the state can be closely linked to the development of public and civil institutions. This is, at the end of the day, the “European path” for Russia. But the economic dimension, Russia’s participation in building a common European economic space, is at least as important.  Already the European Union countries account for up to 40% of our trade. They are the source of 64% of direct investments. This is tangible proof that our countries are moving closer together and that they complement each other. There is a huge need for modernisation in Russia. Most importantly, there is a will and a commitment to modernisation.  What has been done in the last year and a half to develop the economy was thought inconceivable until recently. Never has our country flung its doors so wide open for reform as they are today. Let me just cite some facts to prove it.  Last year the country’s GDP grew by more than 8% and industrial output by 11.9%. This is the highest rate of economic growth in Russia in the last 30 years or so. This year growth is expected to be at least 5.5%. It is driven partly by the tax reform, whose main aim is to reduce the fiscal burden. Starting this year, the tax on the incomes of individuals is 13%; it used to be 30%.  As a result – the main result – budget revenues have grown, and have grown beyond our expectations, by 54% in the first seven months of this year. And the total tax collection in the country increased by 30% as a result of a more balanced tax policy and improved administration.  We intend to continue work in this direction. A recently passed law cuts the corporate profit tax from 35% to 24%, and for banks, from 43% to 24%, by almost half. That too is one of the lowest tax burdens in Europe. We hope that these measures will stimulate investment activities in the Russian banking sector.  We have just been discussing the issue and we understand that things will not stop there, especially in the banking and financial sectors.  Many tax breaks have been abolished, which is very important for making our tax system more transparent. I would like to stress that along with reducing the tax burden, the elimination of all sorts of preferences granted on obscure grounds is also a serious step towards a civilised market economy.  I must say that much of the package of legislation aimed at reducing red tape has this in mind. To use traditional terminology, it is nothing if not liberalisation of the economy.  Beginning on July 1 of next year it will take no more than five days to register a new business in Russia, instead of three months today. In addition, the licensing system has been streamlined and codified. The number of types of activities that need to be licensed has been cut from 2,000 to 104. That is still too many, but we shall see how it all works out.  I consider efficient use of the state budget to be very important. We had a budget surplus last year for the first time. There will be a surplus this year too. We are committed to preserving it in the future. The draft 2002 budget has a surplus built into it, and it is a considerable surplus (1.2% of GDP).  Another important thing to note is that the budget is consistent with a liberal economy and has been formed on a largely new legal basis. Its underpinnings, as I said, are low taxes and a reduction in red tape. In spite of what I have just said, we are committed to pursuing a balanced social policy. We must raise the living standards of our population to generate popular trust in what the Government and the country’s leadership do and to build on that trust. So, major shifts are planned to raise wages, which will not in any way jeopardise the main budget parameters.  I would like to stress that the budget envisages the servicing of our foreign financial commitments. We regularly pay our debts, practically single-handedly, without any financing or assistance from international financial institutions. We reduced our debt by $2.6 billion during the first half of the year. Our GDP this year will top the $300 billion mark. As a result, debt as a percentage of GDP will diminish to 60% compared with 120% in 1999.  Another important component of our economic course is accession to the WTO. We understand that it will bring not only benefits but also additional obligations. This is the subject of heated debates in this country; not all economic sectors are ready for open competition on the world markets, and we are aware of that. But we are convinced that our business community should share with the Government the burden of responsibility and the costs.  I also hope that patently impossible demands will not be made on Russia during the process of WTO accession. Unfortunately, in the negotiations on Russia’s accession to the WTO we see the use of standards that have not been applied to other potential members of the organisation during the negotiating process.  Ladies and gentlemen,  Positive trends are gaining momentum in our bilateral economic ties. Our mutual trade hit a record 41.5 billion Deutschmarks last year. Further growth of 24% was registered in the first half of this year. You will agree that this is an impressive indicator. If things continue like this we will be able to report very good results at the end of the year.  In this connection I would like to extend my gratitude to the Federal Chancellor, Mr Schroeder. With his serious political manner free of any theatricality, he has not only preserved what has been created between our two states during the past decade, but exhibited political courage in a situation several years ago in order to move our relations forward. If our relations continue to develop in the same positive way, our mutual trade will reach 44–45 billion Deutschmarks a year. Considering the downturn in the world economy, that could be very useful for the economic development of Russia, Europe and Germany, and indeed have a positive social effect on European countries, and Russia and Germany.  We are ready to continue studying the issue of gradually adopting the euro for payments in our trade relations. This question has been brought up frequently, and I would like to report to you that we are ready to work on this. I think the German side should be interested in making this form of payment more attractive. We will count on your proposals in this field.  But our goal should not only or even largely be to maintain the progress in our mutual trade. I think the time has come to consider qualitative changes in our cooperation. Especially among this audience, it is important to avoid the misconception that Russia intends to build its prosperity mainly on the export of oil and gas. Needless to say, we are not talking about cutting supplies. Russia is interested in broader cooperation on issues related to European energy security. Moreover, if regional conflicts arise somewhere, Russia is ready to supply additional amounts of hydrocarbons to compensate for a possible drop in supplies to the European market. I am saying that in earnest.  But I must say that our cooperation in the sphere of high technology is potentially as beneficial as cooperation in the energy field today.  Russia is a world leader in the field of aviation and rocketry, with many original scientific ideas. We took a step in the right direction by signing an agreement on cooperation in peaceful space exploration in St Petersburg last April.  We already have 66 joint projects, most of which belong to the hi-tech sectors. These are projects in the field of nuclear and thermal physics, geochemistry and molecular biology. I am sure that they have a bright future ahead of them.  Investment is another key issue. The dynamics are promising. The amount of foreign investment in Russia in the first half of this year was almost 40% larger than in the same period in 1999. Your country shares with the US the first and second places as the biggest investors in Russia.  Today Germany has a stake in more than 1,900 enterprises in Russia, and there are more than 900 representative offices of German firms. There are some examples of successful investment projects lasting many years. This year, in response to the wishes of investors, including German investors, we organised an agency for foreign investment which is already operating a “one-stop” system. It has a unit working with German investors which will have a permanent staff representing the interests of German industry.  But on the whole, investment cooperation is lagging way behind the growth in trade. Annual German investments in Russia are 2.5–3.5 times less than in the Czech Republic, Hungary or China, and 4–6 times less than in Poland.  Russia, as we all know well, is a huge potential market. But in order to get into it one has to reserve places in advance. We understand that in business, much depends on us. Success on the Russian market has been critical for the future of a whole number of German concerns. I am sure that history offers us a good example and it will be emulated today.  If German companies gain a firm foothold in Russia, it will give you a head start in developing the markets of neighbouring states. As for our plans of reforming the economy and creating a favourable investment climate, I will mention just some of them.  First, there will be a radical change in the system of customs administration and customs law. We are going to pass a new Customs Code.  As regards the Customs Code, we will try to maximise the number of self-implementing laws so as to minimise the opportunities for corruption of any kind, so that regulations do not take the shape of departmental instructions and various circular letters.  Secondly, we will speed up the passage of bills to protect the rights of owners and creditors.  Thirdly, we will continue to cut down on red tape, which impedes the development of business. And I should stress the importance of the legal reform and the court reform, which should increase the responsibility of the courts for their rulings and enable these rulings to be enforced. Ladies and gentlemen,  Our main shared capital is the experience of many years of Russian-German cooperation and the fact that we know and trust each other. Today much is being done by our strategic group on economic and financial cooperation, set up under our agreement with the Federal Chancellor in Berlin last July. Its main task is to develop a strategy for bilateral economic interaction. But you should not expect government guarantees for any investments.  I think you can try to build your relations with Russian business on the basis of trust and within the framework of the laws that operate in any decent economy.  I think that the issue of trust in business, like in politics, is the core issue both in internal and external policy. That brings me to another important thing I would like to mention. I mean the start of compensation payments for the victims of nazism in Russia. I think this is a very welcome gesture and it has been highly appreciated in Russia, and it creates a very good atmosphere in society, including for business.  I thought I would say that even though it has no direct bearing on the subject of our meeting.  Ladies and gentlemen,  Our bilateral ties today can be described as highly promising. We are analysing our experience, building up our strategy, and deriving lessons from various mistakes that have been made. Our relations are solid and long-standing, but in many ways absolutely new. It is important that the huge potential be translated into practical plans and joint projects.  From the bottom of my heart I wish success to all those present and all those who hear us today or are engaged in concrete work to promote our economic partnership which, undoubtedly, must and will provide a good basis for cooperation between Russia and Germany in the political, cultural and all other fields.  Thank you. "
2001-09-27 00:00:00,Excerpts from the Transcript of a Joint News Conference with German Chancellor Gerhard Schroeder on the Results of a State Visit to Germany,Dresden,[],"I think we can sum up the results now. I can say that everything we planned, all our objectives have been fulfilled. I would like to repeat something I said at a meeting with businessmen in Dusseldorf yesterday: I would like to thank the Chancellor for the position he adopted a year and a half ago. I think you understand what I’m talking about…the public opinion wasn’t as kind to Russia as it is today. But the Chancellor could keep and clearly denote the positive way of intergovernmental relations.  I have to say that the efforts of Chancellor Gerhard Schroeder and our British colleague Tony Blair made the West Russia’s reliable ally in the fight against international terrorism. Besides, we are aware that there is a slight decline in the world economy. We hope that this will not lead to serious consequences. Russia’s economy, nevertheless, is experiencing a rise. We don’t want to exaggerate, but the cooperation with Germany, which is actively developing in this situation, can have a positive effect on both Russian and German economies. Russia’s trading volume is 41.5 billion Deutschmarks. It can go up to 45 billion this year, and this is significant growth.  And I would like to add one more thing. You all know about Gazprom’s plans to expand cooperation with its German partners. This guarantees energy supplies from Russia not only to Germany, but through it to all of Europe.  We have also defined the direction of bilateral cooperation, which is very important, specifically in high-tech spheres. Today, we talked to the Chancellor about space and aircraft engineering cooperation.  Thank you. "
2001-09-28 00:01:00,Speech at CIS Heads of Government Council Meeting,Moscow,[],"First of all, I would like to thank you for making a decision to gather in Moscow. This was, as you know, a common wish of the CIS heads of state as well. Because a heads of state jubilee meeting is due very soon this year and we had deemed it correct if the heads of government gathered here in Moscow. And we ask you to think about how to fill November's meeting of the heads of state. I want to ask that special words of appreciation be conveyed to Saparmurat Niyazov for his backing this decision. I know Turkmenistan was preparing to host the meeting of the heads of state, but when I called him he said without a doubt that yes, we hadn't taken it into account that the anniversary in November would be marked in Moscow, so it was more advisable if the heads of government also met in the Russian capital.  Of course I cannot fail to say in what conditions we have gathered for work in Moscow. All of us well know and feel what the world is feeling after the catastrophe in the US, I am certain this cannot but leave its imprint on our work too.  In recent days, the CIS heads of state have held very intensive consultations with each other on defining a common stand in the struggle against international terrorism, and in defining the place of the Commonwealth's states in the international efforts to meet this threat.  It was after consultations with our counterparts – the heads of the CIS countries, and it is no secret, with the heads of the Central Asian states in the first place – that Russia defined its stand on this question.  We have agreed that we will act on a common platform, guided by common principles and common agreements.  I, by the way, the day before yesterday, in Berlin sounded this just so, and presented it exactly as our common stand. I think that the heads of government too should define themselves with the questions relating to support of the structures that have been set up to solve the problem of combating terror. I mean, above all, the Antiterrorist Center. I have a big favor to ask you – to give it attention from the viewpoint of economic support for structures of this kind, timely financing, and so on.  I must also say that our states, just as the Russian Federation itself, are a unique place, all of our states. They are multinational countries, multi-confessional ones. To us, this is not a new thesis, but still, in the context of today's talk about the struggle against terror, I once again want to underscore and outline the position of Russia.  We consider it not only counterproductive, but also harmful and indeed dangerous to confuse terror and Islam. Terrorists who use slogans as a cover, in this case Islamic slogans, have nothing in common with this world religion, however they may try to associate themselves with this.  Terrorists, as we know, can be of every ilk, of varying nationality and can profess any religion. And when we talk of pooling the efforts of the entire civilized world, we mean not least the representatives of Islam as well.  That's why we have actively backed the idea of leaders of Russian Moslem communities to hold an international conference in Moscow under the slogan ”Islam against Terror.“ And my next favor to ask you is that you discuss this with the heads of state and at your level give it support. Nothing more is required of us. As the representatives of the Moslem communities have told me, they will do everything themselves, it is a public initiative. Our job is not to interfere, and where necessary, to support.  Now directly on the themes of your meeting today.  I have already mentioned that your meeting will be held ahead of the meeting of the heads of state. Of course a jubilee is always a festive occasion, but in this case we would like to sum up the results sooner, to see what has been done and review mistakes which always rather abound in such a big task as the building of interstate relations between, without exaggeration, even if this is an old, overused word, fraternal states.  Building relations on a new basis is a large-scale action. And here, too, there may be no mistakes, they also have to be reviewed, weighed up and appraised, defining ways to overcome them, and fixing the direction of our cooperation for the medium- and long-term.  I would like that in the course of work you pay attention to this. Because without your expert appraisal here we are unlikely to succeed, indeed concrete action and concrete appraisals are required here. Basically, that's all I've wanted to tell you.  Once again I want to greet you in Moscow and wish you successful work.  All the best!"
2001-09-28 00:02:00,Opening Remarks at a Security Council Session,"The Kremlin, Moscow",[],"Esteemed colleagues, The question of our agenda is the fight against the illicit drug trafficking and the spread of drug addiction. Today this problem is extremely acute, and not only in and by itself. It is directly connected with the success of the fight against crime, or failure if we poorly fight the phenomenon which we will today be talking about, and indeed a whole variety of social and economic issues. And of course most closely intertwined with the number one theme in the world – the struggle against terrorism.  Narco-business is one of the financial sources for terrorist groups and bandit gangs.  It is well known that 80 percent of heroin is supplied to the world market from Afghanistan. And gunmen of certain movements control drug transfer from there to Central Asia and on to Europe through Russia.  Terrorism and drugs are absolutely kindred phenomena. They have common roots and similar destructive power. Terrorism, just as narco-business, has a ramified international network and without doubt bears a trans-national character.  Narco-business also has a pronounced economic aspect. And you and I know: drug addiction as a medical and social phenomenon doesn't exist without a criminal narco-market network, drug sales. And the specialists will confirm today during our discussion what huge profits this business brings in. And this black market does bring in super profits. And the ”dirty“ money is being spent on ”dirty“ aims. Our country has today become a colossal user of the narco-potion. Today, according to official data alone, there are about 269,000 drug addicts on the register. And the actual figure for drug users is much higher.  Moreover, the narco-market structure is changing. We have a conspicuous growth of the share of highly concentrated drugs, and in the first place Afghan heroin, the proportion of which in total drug use constitutes 28 percent. I think even more.  There grows local drug production in the country, including that of synthetic drugs, cheap and producing instant dependence. What's particularly dangerous is that the number of such laboratories by some expert estimates has greatly increased in Russia in recent years.  Unfortunately, the social base of drug addiction is expanding. Today this disease has percolated to all sections of society, encompassing the territory of the entire country, especially the depressed areas. This is leading to an avalanche-like spread of AIDS. By experts' estimates, 90 percent of the HIV-infected catch the virus precisely through intravenous drug use.  As before, most of the drug addicts — up to 53 percent — are unemployed. It is they who reinforce the army of distributors now as well, which in its turn gives rise to a crime flare.  The saddest thing is that drug addiction has got much younger. The total number of sick persons has increased by nine times over the recent period, and among adolescents by 17 times. The ”average age“ of those who have for the first time tasted drugs barely exceeds 14 years.  In drug trafficking Russia is not only a ”terminal,“ but also a trans-shipment point. Drug syndicates have undertaken a real expansion in Russia. It has become a favorable transit corridor for them.  By experts' estimates, one dollar invested in a narcotic — for example, in Afghanistan — grows into super-profits after the sale of the drug item in European countries. And the overall volume of your and our market — the Russian market — exceeds 1 billion dollars.  Power agencies obviously bear the brunt of the fight against the drug mafia. Here we will inevitably have to strengthen, both financially and with cadres, all of the services that are associated with this kind of activity — the fight against the drug mafia.  By the detention of drug goods alone we cannot solve this problem. Only a small part of merchandise gets confiscated. Experience shows that the detainees are mostly petty retailers, and sometimes also those who need being treated themselves.  In this connection it is time in general to revise the criteria of work in this direction. We must put up a barrier to all the ways for drug penetration into illegal trade, smash the infrastructure of drug networks and eliminate demand.  Dear colleagues,  The reasons for the powerful drug ”invasion“ lie not only in the proximity of the countries of the Golden Crescent. For it there are loopholes in Russia itself — financial, legal, administrative and, of course, social. It is therefore our aim to shut off all the channels for drug distribution — both external and internal.  And one more important aspect of the problem — the attitude to this question of society itself. Drugs are percolating even to social institutions which are responsible for the upbringing of young people. Called upon to serve as an obstacle to drug pushers, the educational institutions, unfortunately, are becoming a bridgehead for drug distribution.  We're encountering the indifference of both the school and parents. Today every fifth recruit brings to the army with him an experience of drug use with all the ensuing consequences for security agencies.  Drug use should not be allowed to become a subculture or fashion. Unfortunately, we're observing signs of this. Even worse, books are being freely sold that propagate a ”narcotic lifestyle.“ All of these manifestations of a grave social disease have to be fought by legal and administrative and educational methods.  Here a considerable workload falls on legislators, legislation in general, and law enforcement practice. Changes ought to be directed toward stiffening criminal responsibility for the most dangerous narco-crimes. Thought should also be given to the introduction of a practice of replacing punishment with coercive treatment for drug addicts. And let us discuss the possibility of providing punishment for drug advocacy.  Obviously the emphasis should be on prevention. We should not limit ourselves to isolated establishments, we must be creating a network of rehabilitation centers. Developing our own methods of treatment and return of people to a normal social life. Unfortunately, drug addiction has ceased to be a ”disease of the rich only,“ and hence we must expand the network of state institutions for the poor. But at the same time we need to develop and create a transparent legal base for the work of private centers.  An important set of tasks is connected with the elimination of financial channels for narco-business, which can be cut off not only by fighting against criminal elements, but also through the use of a whole system of special measures. Including the struggle against the legalization of criminal proceeds.  The border will require intense work. Today the border guards are performing serious tasks and generally working effectively. Over the recent period a particularly great amount of narcotics coming from Afghanistan has been confiscated on the border. Drug pushers and producers are trying to hide away what they have accumulated over many years in huge quantities, commercial quantities, to urgently transfer it abroad, to save it from possible destruction. We must give this our special attention. We also need to consider how to improve the work of the border guards, how to fortify the borders.  The Government Commission for countering drug abuse and trade must, at last, begin to work at full steam. I ask the Chairman of the Government to pay special attention to this problem.  Dear colleagues, the situation with drug addiction in the country is acute. And we must respond to it skillfully and most swiftly. Now I suggest we proceed to discussion."
2001-10-02 00:00:00,Answers to Questions Following Russian-Belgium Talks,Brussels,[],"We did not receive any documents today. It has to be said that cooperation between the Russian and US special services has been developing successfully, especially of late. But I still can’t say that the level of cooperation is satisfactory. At the same time I would like to note something that is of fundamental importance in this context. Russian special services do not need additional proof that bin Laden took part in or was complicit in terrorist acts in the United States. Our special services have no doubt about it as it is. The only thing that is still unclear is that we can’t figure out some details of the case, and perhaps our American partners could inform us about it. But I don’t think it matters now. The meeting with the business community today was constructive and very business-like. The businessmen took note of the positive changes in Russia recently. These include, of course, political and economic stability, positive trends in the economy, and improvements in the law-making sphere, above all, in the tax sphere. But they also mentioned some problems and I could hardly disagree with my interlocutors. They have to do with the need to strengthen the judiciary system, to improve the customs system, and to make structural changes in the economy, including in the financial and banking spheres. I stress that we think these remarks are fair. We do of course have a certain plan, but still it was useful and interesting for us to hear the opinion of our partners. And we will take it into account. In one pleasant and indicative episode during the talks a participant said his firm had invested $350 million in Russia and he did not regret it, in fact he was glad, because his business was doing very well. That is a good sign.  As regards the presence of the foreign military on the territories of third countries, you should ask the Americans and the leaders of the countries you have referred to. In this connection I am reminded of the remarks by the Saudi Defence Minister, who said that there would be no servicemen on their land who are preparing strikes against Muslims. I think that is a fundamental mistake. This is not about servicemen who are going to strike at Muslims. This is about servicemen who are going to strike at terrorists. We support the efforts of the Central Asian countries which are members of the Commonwealth of Independent States aimed at organising the international community’s efforts in fighting terrorism. On the second question, I think military strikes alone are not enough to fight terrorism. And I don’t think anyone has suggested that the fight against terror will be limited only to military means, to some kind of strikes. Of course, we should think how to eliminate the base on which terrorism thrives, how to eliminate the causes. In this connection I would recall the very clear stand taken by World Bank President James Wolfensohn, who says the international community must unite its efforts to fight terror. Of course, one has to work hard to resolve conflict situations in the world. On the practical side, undoubtedly the channels for financing terrorists should be closed and their infrastructure liquidated. The fight against terror will only be effective if it is multi-pronged. Another important thing is that it cannot be effective unless the international community pools its efforts to create a single front to fight terrorism.  I think it is one of the basic issues today. We are ready for broader cooperation both with NATO and the emerging security systems in Europe. We are ready for a qualitative change in our relations with NATO and with the European security systems which are taking shape now. As for Europe, one could think about creating permanent security structures. We discussed it in some detail yesterday evening with the Prime Minister and we continued the discussion today. You know, I think we have to be totally honest and frank with each other. Then it will be easier for us to understand each other and to cooperate, to set goals and achieve results. We are not going to try to get political mileage out of the situation that has arisen in the world in the wake of the terrorist attacks on the US. What happened in Chechnya was undoubtedly connected with international terrorism. That is obvious. Indeed, how else can you assess the attack launched from the territory of Chechnya on the neighbouring Republic of Dagestan in 1999? What has that to do with the independence of Chechnya when they announced that more territories should break away from Russia to create a fundamentalist state between the Black and Caspian seas? But we are not inclined to declare everyone there to be a terrorist. The events in Chechnya have their prehistory. After an ideological and religious vacuum was formed there, international terrorists filled that space and in fact made the Chechen people hostages to their objectives. That is why several days ago I called on all those who have not yet laid down their arms in Chechnya to make contact with the federal authorities to discuss disarmament and ceasefire and integration into peaceful life. This is a clear signal that we want to cooperate with all those who want peace. I think those who want to solve existing problems by peaceful political means should be given a chance to do so and those who do not want to – and this is their considered choice – will remain on the black list of international terrorists. At the end of the day most issues in Chechnya, like in many other parts of the planet, can be solved by political means. With terrorists, we will resolve these issues by force. I would like to stress that we are not going to speculate on the situation that has emerged in the world after the terrorist attacks on the US. But I would like to stress one point. Terrorists, like pernicious bacteria, quickly adapt to the organism which hosts them and behave as parasites. They use the Western institutions and Western ideas of human rights and the protection of civilians to further their own ends, but they do it not in order to promote these ideas, not to protect the Western values and Western institutions, but in order to fight them. Their ultimate goal is destruction. That should be understood and taken into account, and we cannot ignore it in forming public opinion.  This is in fact a follow-up to the previous question. Of course, I cannot rule out that innocent people, civilians, may suffer as a result of military actions in Afghanistan. But I think it would be a fundamental mistake to put the blame for this on those who carry out operations against terrorism. The responsibility rests with those who cover up terrorists and the terrorists who make the people of Afghanistan hostages to their own goals. It is exactly the same as what happened in the Chechen Republic. But of course, everything must be done to ensure the rights of civilians and minimise casualties. Ideally, there should be none. Thank you. "
2001-10-03 00:01:00,Statement and Answers to Questions Following the Russia-EU Summit,Brussels,[],"I would like to thank our host, the Prime Minister of Belgium, for the excellent conditions provided for our work and for the positive commitment to achieving concrete results. Our communication has been – perhaps as never before – very concrete and very hands-on. We discussed the real concerns which both Russia and the EU want to address. The strengthening of European and international security was of course one of the main issues on our agenda. Now that we are building a new European security structure, constant interaction between Russia and the EU is becoming an imperative. I would like to note the creation of the mechanism for monthly Russian-European consultations. That was the initiative of the current Chairman, the Prime Minister of Belgium.  In the wake of the 9/11 tragedy, the European states are realising the need to review the effectiveness of existing regional security services called upon to ensure peace and stability on the continent. We share the serious and responsible approach of our European partners to these objectives. Obviously, it is high time to move from a mere exchange of opinions to jointly planning concrete measures and initiatives. The summit has made an important step forward in that direction. We hope that the mechanism of regular consultations will be a prototype of a special body to address security issues. The provisions and principles of interaction in this field that we have agreed upon are all in the final document of the summit. It provides a good foundation for further joint work.  As regards the common European economic space, we have entered a stage of practical decisions. The summit has appointed the leaders and determined the mandate of the working group. We expect that the implementation of the models of a common economic space and security space will contribute to our common goal of building a single and prosperous Europe. There is potential for such work, as this summit has convincingly demonstrated.  We have discussed issues connected with our scientific and technological potential. It is obvious today that creating a single research-and-development space is also crucial for advancing our cooperation. We have paid due attention to trade, economic and investment matters and to possible consequences of the expansion of the European Union, including the problems of life support of the Kaliningrad Region. We have agreed to set up a task force to deal expeditiously with visa issues and the problems of life support of the Kaliningrad Region in the light of EU expansion.  I think I can speak for all the participants in the meeting if I say that between the Moscow summit and today progress in these areas has not been impressive. We hope that our experts will catch up on lost opportunities. It can already be said that the results of the meeting attest that the partnership between Russia and the united Europe is gathering momentum and becoming ever more profound and diverse. And I appreciate the positive mood of our colleagues. Thank you.  One can comment on NATO and EU expansion endlessly. Our approaches to the expansion of NATO and the expansion of the European Union should be different because these are different organisations. As for security matters, we have seen that to our common regret the security systems established so far do not guarantee security and no one can feel securely protected. I suggested in Berlin that we all give thought to it. And we have discussed it today and will have more discussions later in the day. Yesterday we discussed it quite thoroughly with my colleague, Prime Minister of Belgium. We are all concerned about it. We have become aware of our vulnerability today. I am absolutely sure that we will be able to solve these problems if we unite. And I’d like to stress that today’s agreement on regular consultations is a step in the right direction. We hope that a special permanent body will be created to deal with security issues. As for NATO expansion, that problem can be looked at in a different way if one proceeds from the ideas that have been repeatedly voiced in Europe, namely, that NATO is transforming and is becoming more of a political organisation. We would of course change our position on enlargement if we did not feel sidelined from this process. The nature of that process should be the subject of our common discussion in order to reach some understandings. We have some ideas about it, and we are ready to discuss them with our partners. Energy dialogue is one of the key issues we have discussed regularly, including on this occasion. The problem, like the issue of the common economic space, was raised by Chairman Mr. Prodi. We believe it is the right time to address it. Russia is interested in supplying its energy to Europe, but Europe is equally interested in having its energy needs met on a permanent and stable basis. I would like to repeat what I told my colleagues today: Russia is not behaving in a selfish way and has always been a highly reliable partner. I’ll tell you what our worry is. As the European Union expands, the new members of the community will be covered by existing EU rules regarding certain barriers in the way of cooperation with non-EU countries in the energy field. I think we should put our heads together to make sure that problems do not arise for Europe in getting Russian energy and no damage is done to the Russian economy. We had a discussion on this today and the conversation will continue. But this is not the only topic. We believe that the energy dialogue should be approached in the broadest sense. It applies to all types of energy: nuclear energy, gas and electricity. There is something to ponder there. As for concrete fields, we have some proposals. Today we proposed to think about the development of the Shtokman field. It may become a pilot project in a way. But not necessarily. If there is commercial interest, we are ready to work together. If we don’t find interested partners in Europe, we will do it alone or together with partners from other countries. But the opportunity to work together exists — to exploit the Shtokman gas field, which is one of the largest in Russia.  I already said this to journalists yesterday and I can repeat it today for the benefit of those who didn’t hear me. We are not going to take advantage of the situation in the wake of the terrorist attacks in the United States on September 11 to speculate on the events in Chechnya in the past year and a half. I want to make three points.  First, it is evident to us that there is a link between those who are trying to further their ends in the North Caucasus and especially in Chechnya by force of arms and international terrorists. The explosions of residential houses, markets and other places where people congregate, and explosions in New York and Washington are indisputable proof of the link. They reveal the same hand. We have proof that the substance used for these terrorist attacks has been produced in Chechnya. It has been proven by the investigation. Some of the people who have blown up residential houses and other property in Daghestan have been put on trial and have been convicted. There are no doubts.  Second point. In attacking neighbouring republics the militants announce that they seek to annex these territories from the Russian Federation and create a new fundamentalist state. That has to be understood. What does it have to do with the independence of Chechnya? What is the connection? There is no connection.  Third point. We proceed from the assumption that the events in Chechnya have a pre-history, and that the international terrorists merely took advantage of the situation that arose after Russia withdrew from Chechnya in 1995 leaving a religious, ideological and power vacuum. They quickly filled that space and made the Chechen people a hostage to their goals, which have nothing in common with the interests of the Chechen people. We proceed on the basis that there are people who are still misguidedly fighting for false values, as I said in my television address in Russia. And we are prepared to have dialogue with these people. I said it publicly a few days ago. All we demand is that all the armed people in Chechnya cut all their links with international terrorist centres and organisations, which still provide them with funds, resources and weapons and train militants for terrorist operations in Chechnya and other parts of the Russian Federation. You speak about human rights violations. Whose rights specifically? Give us names, safe houses. We should speak the same language and not use the clichés that obscure the substance of the problem. We recognise the concerns of the European Community about possible human rights violations. We understand that innocent people may suffer during military operations. We do all we can to minimise these losses. You know that the militants in Chechnya use the same methods as terrorists everywhere. Members of the Chechen administration are murdered every day, ordinary Chechens, moderate religious leaders, representatives of traditional Islam and not its extreme fundamentalist wing, are murdered. It happens almost every day, at least every week. Let us bear this in mind.  We should not allow fundamentalists and terrorists to use democratic institutions to attack these very democratic institutions. There should be no fiddling with concepts. As for basic values and human rights, we are ready to cooperate with everyone. We are ready not only to listen but to react to what we are told on that subject. I must say that our interlocutors – Mr Prodi, Mr Solana and the Prime Minister of Belgium – are mindful of this. We are discussing these things frankly and honestly and, I repeat, we are ready to seek solutions together. Thank you.  (adding to Solana’s answer): I would like to make the point that the fight against terrorism cannot and must not be confined to military actions. There is much that we can do together with Europe through international organisations, through fighting poverty, by addressing the problems that underlie the phenomenon of terrorism and resolving international conflicts, for example, the Middle East conflict. I think that it is very important for Russia and the European Union to be more active in the long-simmering conflict in the Middle East. But let us not limit ourselves to this. The Russian Federation has established very good exchanges of special information with certain European countries, which is extremely important for our joint struggle against terror. We should know in advance what these forces are planning and where. I don’t need to tell you how effective it can be in terms of fighting terrorism, if such work is properly organised. I think all these issues will be dealt with within the new mechanism of monthly consultations.  It was not I who first said that NATO is transforming itself, this is a widespread opinion in Europe. People inside NATO say that it is already more of a political than a military organisation. We simply go along with that assessment. We believe that if this process really proceeds like this, it changes many things. In terms of political interaction, Russia could contribute far more than it does today. I won’t expand on it, I think you are with me there. Still, to be quite frank with you, I do not yet have an answer to your question. We discussed this topic with the Chancellor in Berlin, and I asked him to think about it and to bring in German experts. We will discuss it at the upcoming meeting with the British Prime Minister, Mr Blair, who is shortly to come to Moscow. We discussed it here in Brussels with the EU leaders. We should think together and choose an approach acceptable to all. That the problem is there is obvious. If we want to combine our efforts to oppose the threat we have recognised, then corresponding mechanisms should be set up. There is no other way. Things have moved into a practical phase. The solution of the problem depends on all of us. We all want the problem to be solved. I have scheduled meetings with the President of the United States. He is very positive about a Russia-NATO rapprochement. We will discuss everything with our counterparts and then we will be ready to inform the public if we arrive at any decision. (adding to Solana’s answer): We appreciate the agreements reached today in the security sphere, on the problems of expansion and the problems of the common economic space. I can attest that this time our discussions were very substantive. As for common security structures in Europe, those who watch developments will know that while no qualitative breakthrough has occurred there have been substantial incremental changes. Previously, we couldn’t agree on a mechanism of permanent consultations. Now a monthly meeting between the “European troika” and Russia to discuss security is a prototype of a permanent security body."
2001-10-03 00:02:00,Press Conference after a Meeting with NATO Secretary General George Robertson,Brussels,[],"Ladies and gentlemen, I would like to stress that while we focused, of course, on the terrorist threat, we went far beyond that particular problem and discussed the whole range of issues pertaining to relations between Russia and NATO. It was a very frank and substantive discussion. We discussed the situation in various regions of the world and ways to improve the relations between Russia and NATO. We have accumulated a good experience of cooperation. And I think we could profitably discuss the development of our relations in at least two areas. These are joint efforts in the purely political sphere and broadening our cooperation in the fight against terror. The Secretary General did not mention it, but I don’t think I would divulge a big secret if I say that the Secretary General has proposed creating a working body to consider the possibilities of expanding, deepening and qualitatively improving the relations between Russia and NATO. I find it a very good and useful proposal. We will certainly support it. Thank you for the initiative.  Thank you.  I think that within such an Alliance as NATO and those within the context of Article 5, such a request is quite appropriate and quite a normal practice. And quite naturally this list was sent, distributed amongst the NATO members and was not sent to Russia because Russia is not a NATO member. But we are familiar with the contents of the list of the issues and problems. There was no secret about this list for Russia. The exchange of information in the area that you mentioned is underway as we speak between Russia and the United States on a bilateral basis. At the political level we are extremely satisfied with the way things develop while at the operational level the mechanisms that exist would require further improvement and refinement. Let me begin with the second part of your question. I have just been answering a similar question put to me by a correspondent of Le Monde at the first news conference today following our meeting with the European Union leadership. Our position on NATO expansion is known and it has not changed in any way. Of course we said so to the Secretary General today. In the light of the recent events I think what I am going to say should be clear and evident. Let us imagine that NATO expands. New members are admitted to the organisation. Who will feel more secure as a result? Which European country will be more secure? The people of which country will feel more secure? Ask any person in the street in Berlin or Paris or any other capital whether the NATO decision makes him or her feel more secure against terrorist threats of a scale and character that occurred in New York and Washington. The answer, I am sure, will be “no”.  I think we should break the pattern when the problem of expansion keeps rekindling a kind of destructive discussion between Russia and NATO. We should break away from that logic. And this brings me to the answer to the first part of your question. Have the Western leaders heard our signals about our readiness to see closer cooperation between Russia and NATO? We have a feeling that these signals have been heard. It remains to be seen what the practical outcome will be. But I know the clearly expressed position of the President of the United States, and we feel a change in the approach of the Western community and the United States after the clear signals from the US President on the need to change the character of relations between Russia and the United States and the whole Western community. We are aware of practical changes taking place in the quality of our relations. And I can say pretty much the same after meeting with the leadership of the European Union. The practical proposal made by the NATO Secretary General today confirms that NATO too is ready to expand and change the quality of relations with the Russian Federation. We are ready to work towards that end. "
2001-10-04 00:01:00,Speech at a Meeting with the Participants in the 24th Conference of European Justice Ministers,"The Kremlin, Moscow",[],"Good afternoon, I am glad to welcome the participants in the Conference of European Justice Ministers at the Kremlin. Integration into the European Community is one of the priorities of Russian policy. So it is very important for us that this conference is being held in the Russian capital.  Russia is taking part in the building of the Greater Europe, and we hope that it will be taking an ever more active part in the future. This process has many components. However, the foundation is the European legal system. Much still remains to be done to finally form that system, as I think you would agree with me. And besides, ever new challenges are appearing.  I can’t help recalling the events in the US on September 11, which influenced the agenda of your Conference. The issue of terrorism was added to the agenda, and I know that you had a substantive discussion on this topic today. In recent years Russia has repeatedly called on the international community to combine efforts in fighting terrorism. We did it in expert meetings, such as the one being held today, and at the political level.  Now, after the tragic events in the US, countries and international institutions are working out new approaches to rise to the challenge of the situation in which we live and of which we have become aware. All this calls for improvements in the legal framework, and for uniform standards in anti-terrorist legislation, which should then be included in national legal systems. The position of European Justice Ministers, their view of the international legal documents required to fight terrorism are very important. Obviously, it is true to say that we are facing an international threat, so combining our efforts is an imperative. Not a single task in this sphere can be solved without it.  You know that a tragedy has occurred in this country. A civil aircraft appears to have crashed, and it may be due to a terrorist act.  I would like to say a few words on the original topic of your conference. Enforcing court rulings is a fairly sensitive issue for Russia, as our specialists, and not only specialists, know very well. Businessmen and ordinary citizens are very keenly aware of it.  Until several years ago court rulings often remained on paper. It was a real scourge of the court system in the Russian Federation. The introduction of the institution of court bailiffs has dramatically changed things, but it has not solved all the problems in this sphere. The reason is above all that these problems are closely linked with the overall situation in the judiciary. You will know that Russia is in the midst of reforming its judiciary system. We intend to change the situation for the better very soon. And that applies to the enforcement of court decisions. There is a dire need for uniform European standards in this sphere. While in the criminal sphere many problems are successfully tackled at the international level, common European standards are clearly insufficient in the civil law sphere. So it is very important that the justice bodies of European countries are working together on this problem. Of course, every country looks for its own means and methods of enforcing court decisions proceeding from its needs, traditions and available resources.  The overall goal of European justice is to follow precisely and fully the legal standards sealed in the European Convention on Human Rights. It is an undoubted priority for the Russian Federation too. It is important that we work all together towards that end and understand that the territories where civilised law is powerless become “terrorist havens”. It is from there that the threat of terrorism comes, and not only to neighbouring countries but to the whole world.  The work of your conference is sure to be fruitful, we have no doubt about it. It involves experts of the highest legal qualifications and people who are vested with powers and responsibilities.  I wish you successful work, I wish success to all those who have come together with you, successful work for our common good.  Thank you for your attention and I would be glad to take part in your discussions. Thank you. "
2001-10-04 00:02:00,Remarks and Answers to Questions Following a Meeting with British Prime Minister Tony Blair,"The Kremlin, Moscow",[],"Ladies and gentlemen, We would like to brief you on the results of our meeting. But first I would like to once again thank the Prime Minister for promptly reacting to the invitation to come to Moscow to exchange opinions on the current situation in the world.  We see the consultations we are having today as a natural extension of our contacts with the United States, with the EU, with all European countries, and with Central Asian countries in order to define the positions of all those who have firmly committed themselves to the fight against international terror.  The fact that we can meet at such short notice and coordinate our positions is one more proof of the high level of relations achieved recently between the United Kingdom and the Russian Federation.  We have closely followed the recent developments in Britain and the stand taken by the British Prime Minister, and it deserves respect and without any doubt will have Russia’s backing. Of course, we discussed a number of bilateral issues. We will continue to exchange opinions on economic interaction and cooperation in all other areas. But what you have said now and the general prevailing mood gives me grounds for saying that the level or relations achieved between Russia and the United Kingdom will help us to tackle the most acute problem confronting humankind, the fight against terror.  Yes, the things you have mentioned were discussed during our first meeting with the Prime Minister in St Petersburg. I don’t think that Western leaders have treated what I am saying with indifference or didn’t pay attention. Of course, you always hope that you will be spared the tragedy that has struck your neighbour. And you hate to think that this threat is global in character, and this is exactly what I have been pointing out, you have rightly said. But the British Prime Minister is the last person to whom such a reproach can be addressed. I am not saying this because the British Prime Minister is my guest today, but because it is true. He and also German Chancellor Gerhard Schroeder were the European leaders who initiated the building of relations that Russia has with the Western world today, in spite of the fact that the Western public was not as well disposed towards Russia then as it is today. Thanks to the stand taken by these and other leaders at the time, the West now has in Russia a reliable partner in the fight against international terror.  Besides, with what I hope is a temporary downturn in the Western economy – we are not inclined to exaggerate our own potential, but still, considering the Russian economic growth – we are ready to contribute and are already contributing to bilateral economic relations, not least by providing Europe with steady supplies of energy resources.  As for Russia’s immediate contribution to the common fight against terror, I have already described our approach and our contribution to these joint actions when I spoke on Russian television three days ago. This may lead to the neutralisation of the particularly odious international terrorists. We do not rule that out. And as I said, we are ready to expand our cooperation in other areas than those I have publicly mentioned. But that of course will depend on the level and character of relations with our partners. Thank you.  First, will the anti-terrorist coalition’s actions be effective? We will only be able to tell when these actions become a reality and then we will be able to see whether or not they are effective. But I have absolutely no doubt that they can be effective. The main precondition for that is the pooling of efforts of many countries and a genuine commitment to effective joint work. As for the suffering of civilians that may result from military operations, we are of course aware of these problems. But I think several circumstances should be borne in mind. The first circumstance: the Afghan people are already suffering from terrorism and fundamentalism under the regime that has established itself in Afghanistan in recent years. Our main task is to deliver the Afghan people from this suffering. Clearly, the terrorists have made the Afghan people hostages to their goals. Those who will carry out military actions should do everything – and I don’t doubt for a minute that everything will be done – to avoid civilian casualties.  But if such casualties do happen, the blame should not be put on those who plan and conduct such operations. The blame should be put on the terrorists who have made civilians hostages to their goals. I agree with the Prime Minister, of course, that we should do everything to promote social rehabilitation of the people and rehabilitation of the territories and to render assistance to Afghanistan, to the people of Afghanistan. We must render humanitarian assistance in the broadest sense of the word.  The final conclusions about the causes of the tragedy will be made by experts after a thorough investigation and laboratory tests of the fragments of the plane. Our rescue services have reacted promptly. Within minutes of receiving the news about the tragedy aircraft and ships were dispatched to the area. Information and materials are being collected on the spot for final conclusions. Pending that, any statements on the topic would be premature and counterproductive. As you know, I have ordered a commission to be formed to inquire into the disaster, the commission is headed by Vladimir Rushailo, the Russian Security Council Secretary. The commission includes experts from various ministries and agencies. They should draw the final conclusions on the causes of the tragedy.  I have already addressed that topic. It remains for me to repeat that the building of relations between Russia and Britain has a long history, but more recently it was the British Prime Minister, Mr Blair, who initiated moves to lend these relations a new quality. And what is more, he did so at a time when Western public opinion was not benevolent towards Russia. We remember that. We know that it was he, together with the German Chancellor, who laid the first stones in the foundation of our relations with the West. Today we understand that those were far-sighted and correct moves. Of course, much has changed since then. Our relations have grown stronger and more stable. This is visible not only in the sphere of security and international relations, but also in the economic sphere. We are highly satisfied with this, but of course, more can be done. We intend to develop our relations further.  This is not the end of our meeting and exchange of information and exchange of opinions today. This is not the end of our consultations. We will continue. The Prime Minister has kindly agreed to come to my place after the press conference, and we will continue to talk over dinner.  From the information we got from our Ukrainian partners it is true that military exercises were underway in an adjacent area. But, first, all the relevant services had been notified about them. And secondly, the weapons used in these exercises in terms of their performance characteristics could not have reached the corridors used by aircraft in the area where our plane, the TU-154, was at the time.  Our servicemen were not involved in these exercises, but we have observers on the ground. So for the moment everything I have told you is based on the information from our Ukrainian partners. We have no reason to mistrust them. But of course the Defence Ministry – and the Russian Defence Minister has already discussed the matter with the Ukrainian Defence Minister – and these two ministries will clarify the details, including technical details. Considering that we had our observers there, obtaining information is not going to be a problem.  So, I would urge you not to dramatise things. All the information relevant to the problem will be studied and eventually presented to the public.  Thank you. "
2001-10-09 00:00:00,Press Opportunity after a Meeting of the Presidium of the State Council on Agriculture,Orenburg,[],"We all know that there are more problems than achievements in Russian agriculture, although I have noted a very positive trend in grain harvesting when speaking at the Presidium of the State Council. The dynamics are as follows: 48 million tonnes in 1998, 55 million in 1999, 65 million in 2000 and 82.5 million tonnes this year. It is a very good indicator nationwide. <…> At the same time financial rehabilitation of the sector calls for particular attention, as we have just been discussing. The Government has already taken some steps in this direction. Apparently, they are not sufficient. And today we have agreed that I will formulate instructions to the Government, including setting up a mechanism for the financial rehabilitation of the sector. We must definitely discuss the material status and property relations, while approaching the issue of purchase and sale of agricultural land with care. We have already made this point today.  The social problems of rural areas are an important topic: above all, housing, education, culture, communications and transport infrastructure. All these issues are addressed in the Government’s programme of rural social development. It will shortly be finalised and its main parameters will be reflected in the 2003 budget. The social problems of rural areas must always get their share of attention, but the 2003 budget will address them on a large scale.  If all of this is implemented, we will gradually see favourable changes in that sector of the Russian economy, structural changes and, most importantly, the country will benefit from the sector and the people who till the land will live better.  <…> We agreed with the Ukrainian President that Ukrainian experts would join in this work. To the best of my knowledge they are already in the area of the tragedy in Sochi. Only the experts can draw the final conclusions. So, I don’t want to add fuel to the fire and foment some kind of mistrust among our Ukrainian partners. We have no doubt about the objectivity of the documents made available to us, but the experts are not satisfied with their volume and quality. So we will receive additional information and draw the final conclusion together with the Ukrainian colleagues. But make no mistake, we will do everything possible for the true causes to be revealed and presented to the public.  The same is true of the Kursk submarine tragedy. You know that the submarine has been lifted. I hope that the operation to tow it to the dock will be successful. Prosecutor General’s Office investigators and doctors will be the first to board the submarine. So there too we will do all we can to reveal the true causes of the tragedy and make them public. "
2001-10-11 00:01:00,From a Speech at the Opening of the Congress of Compatriots,Moscow,[],"I would like to say a few words about the priorities of the Government’s work with fellow countrymen and the immediate tasks in this area. It has long been known that one of the reasons why work with Russian communities abroad has not been efficient is the negligence of officials, red tape and lack of coordination at all levels of government. I think those present know it better than I do.  So, the first priority is to eliminate the multiple duplicating agencies which merely disperse the responsibility of government bodies and officials. It is known that “too many cooks spoil the broth”, but we don’t even have one cook. At least we should create a government structure to deal with the whole range of complicated problems that you are to discuss today. And we should consider bringing the agencies responsible for this work into one powerful agency. The development of a common cultural and information space is a key instrument of the interaction between the state and fellow countrymen abroad. But as it is, that interaction is inadmissibly small-scale. For a variety of reasons, including objective financial reasons, broadcasting in Russian is shrinking. Russian diplomatic missions still sometimes try to bring undue pressure on Russian-speaking periodicals. We have failed to react adequately even to the closure of Russian schools. Their network, unfortunately, is shrinking.  So, I believe that the national programme Electronic Russia should have a section on the development of electronic communications with fellow countrymen, including Internet technologies. Support of the Russian language, which is the basis of our culture, is another area of effort. It involves the publication of textbooks, and the dissemination of classical and modern Russian literature.  Those who move to Russia – and it pains me to say it – are still often treated as unbidden guests. These issues should not be left to be decided at the whim of individual officials. And there we need a clear and unambiguous legal framework. Russia is interested in having Russians return from abroad. Obviously, it is prompted by economic and moral considerations and by the entire range of problems that confront Russia today.  Yet, neither internal Russian nor international aspects of relations with the Russian diasporas have been properly determined. The laws on migration and the status of refugees are very raw. Work to put the migration policy in order is already under way. We will continue to work on this, and we will set only feasible tasks.  We have a good idea of the true scale of illegal migration into Russia. And yet ordinary people whom Russia is interested in having, are forced to wait to be granted Russian citizenship for years in violation of existing laws. Bringing order to that sphere is one of the key tasks. And it is a task that belongs to the domain of human rights protection.  Finally, one more problem. Russia is firmly on course to become integrated into the world community and the world economy. I think our compatriots abroad have everything to be able to help their country to conduct a constructive dialogue with foreign partners. I think it would be a mutually beneficial process. And we should see how best to organise joint work.  The outlook is promising for business partnership as well. Russian businessmen would only gain from closer interaction with their compatriots. And this is a task not only for the Russian Foreign Ministry, but for the whole business community in Russia, for Russian and foreign business associations, considering that all sorts of people work at our firms abroad.  And of course much depends on Russian citizens – their political and non-governmental associations – and on your organisations. Unfortunately, these resources are poorly used at present. I think the task of this Congress is to make the first practical steps. All this can make, I am absolutely sure, a real contribution to the consolidation of the diaspora and strengthening its ties with Russia. And if it happens, the positive effect will be felt in Russia.  We are fully aware that protecting our fellow countrymen from sweeping accusations and helping them to uphold their human rights is a government task. Business and culture cannot be discriminated against only because they are Russian. Russians abroad should have equal rights with those of the local citizens. And we (when I say “we” I mean the government bodies of Russia) should uphold these rights consistently, competently, steadfastly and firmly.  We can only do that effectively if we work closely with you, discussing and agreeing together every step. The modern Russian diaspora is very diverse in its social, ethnic and religious composition. But the tasks we all face are the same. They are noble and they are feasible: to preserve the national culture, to help uphold human rights and protect them against discrimination. I am sure we are up to that task.  But we are no less interested in having Russia benefit from your intellect and knowledge and your skills in tackling the problems that face Russia today and that you probably understand better than many in Russia. So, I would like to repeat that we are interested in much closer cooperation than we have today. What matters in the modern world is not where you live geographically, what matters is your mentality, your aspirations and, as I said, the person’s self-identification. It is no longer of fundamental importance where he spends the best part of the year: in Moscow, Petersburg, London, Paris or Tel-Aviv. What matters is the result of joint activities. "
2001-10-11 00:02:00,"Address at a meeting with Horst Koehler, Managing Director of the International Monetary Fund","The Kremlin, Moscow",[],"Good afternoon. We are very glad to welcome you to Russia. We have always viewed our cooperation with the IMF as a key factor both in the financial sector and in the Russian economy as a whole, and as a factor which we have tried to use effectively to integrate the Russian economy into the Western world’s economy.  You know that Russia has reached a new level today in its cooperation with the IMF, primarily because we now independently draft our own debt-free economic programmes. But this does not mean that further cooperation is unnecessary. On the contrary, we take a serious view of it and look forward to continuing our active dialogue. We hope this cooperation will be not only methodical and consultative, but also substantive. We are very much interested in the three-year programme our experts are now working on. You know about our economic results for the recent period. I am not going to repeat the basic figures, but I wish to stress that our economy continues to grow. This year we plan to increase GDP by about 5.5% or 5.7%, and perhaps even by 5.8%. People’s real incomes are also rising. In the first eight months of the year, they have grown by more than five per cent. This year’s rate of inflation will be slightly higher than we would like it to be, but lower than last year’s – by more than two percentage points. And as you know, the currency reserves of Russia’s Central Bank are also growing. All this allows us to make you an offer you can hardly refuse. We are ready to begin early repayment of the loans taken out by the Central Bank. Out of the total amount owed by the Central Bank, or $4.7 billion, we are ready to start paying back $2.7 billion this and next year, including our debts due for repayment in 2003. I must say we are very pleased to see you, Mr Koehler, and your colleagues. We also have other things to discuss. And we hope that your stay in Russia will be not only very enjoyable, but also very useful for the Fund and for Russia. We look forward to yet another meeting with you, and we hope for highly constructive and diversified work with the Fund."
2001-10-12 00:00:00,Answer to a Question about Russian-Georgian Relations,Moscow,[],"On the whole, the situation in the North and South Caucasus is fairly complicated. I think that this body of problems should be approached in a calm, sober and professional way without undue emotions. You have asked several questions there. To take the first one, I would say that we consider the level of bilateral relations with Georgia to be highly satisfactory. Let me stress that in our opinion Russia has never refused to meet Georgia’s requirements. Russia has always met it halfway. In the energy sphere, while we sell gas to the West at $110 per 1,000 cubic metres, we charge Ukraine $80, Armenia $53 and Georgia $50. We are ready to cooperate in the energy sector. We have met the request of the Georgian authorities to reschedule Georgia’s debts to the Russian Federation: we did it last December. We have helped Georgia to settle some issues in its relations with the IMF and the Paris Club. Most recently Georgia has asked us to revisit the problems of debt restructuring, and we are ready for it. So, on the whole, we believe that the level of relations is fairly high and satisfactory.  Of course, I repeat, there are numerous problems in the region. By the way, the Georgian leadership knows about them better than most because the Georgian President was a member of the Soviet Communist party and state leadership exactly at the time these problems arose. Today unfortunately, we have to deal with the problem of Karabakh and the problem of South Ossetia and South Ossetian refugees in Russia. We are ready to work together.  I need hardly remind you of the basic Russian position on the issue of Georgia’s territorial integrity. It has always been our position that the territorial integrity of Georgia must be guaranteed. I have never questioned this thesis. At the same time, and in fact for that reason, we regard the complex relations between Abkhazia and Georgia as an internal political problem of Georgia. I would like to stress that Russia does not intend to be drawn into a resolution of conflicts on the territory of third countries – we have enough problems of our own.  At the same time, what happens on our borders cannot be a matter of indifference to us. I have the impression that under the impact of the international community, which is beginning to unite in the fight against terror, the Georgian authorities have also tried to get rid of some groups and terrorist units and militants in the Pankissi Gorge, and have tried to push them out. Nothing wrong about that. But the fact that it is being done without coordination and that these groups surface on other stretches of the Russian-Georgian border is hardly welcome to us and cannot but give cause for concern.  The answer is very simple: we are not going to do anything other than strengthening our own border along its entire length. The border service and other military and security agencies have been instructed accordingly and work is already underway. In this connection I can say that in spite of any Georgian internal political problems connected with Abkhazia, we will abide by our commitments to withdraw our troops from our base in Abkhazia. I would like to reaffirm that the troops will be withdrawn.  Now about peace-keepers. They are not our peace-keepers. They are CIS peace-keepers. They are there at Georgia’s request. If Georgia believes there is no need for them (and they are represented by Russian servicemen and, in addition to trying to prevent ethnic strife, they also provide security for UN personnel who come under attack and some of them, as you know, recently died at the hands of terrorists), if the Georgian leadership assumes responsibility before the international community and its own people – all right, it is their choice, and we will remove our peace-keepers.  As for the CIS, it is not a Russian, but an international organisation. Russia is not dragging anyone into it. If there is an interest in maintaining special relationships and gaining certain advantages, including economic advantages (I have already mentioned preferential treatment in the energy field), if there is such an interest, we are ready to go on working together. If there is no such interest, if you feel that the entire range of problems, including in the economic sphere, can be tackled effectively by other means and using other resources and in a different international configuration, we have no problem with that, and it is not going to be a signal to us to downgrade bilateral relations. On the contrary, I think it should not be detrimental to our bilateral relations. But for Russia it would diminish the burden that the special relationship implies in the political sphere.  I repeat, there is nothing that warrants dramatising the situation. It is a negotiating process. Besides, I absolutely agree with the Georgian President that all the bilateral issues that have piled up should be resolved in the course of our joint work on drafting a treaty on the basic principles of relations between Georgia and the Russian Federation. "
2001-10-15 00:00:00,An Excerpt from the Speech at the Opening of Polish Science Days in the Russian Federation,Moscow,[],"In recent years not only Russia but the whole world has changed. Europe, Russia and Poland are not what they used to be. Great changes, long predicted by scientists, are taking place in the economy, in international and cultural life. We are witnesses and participants in this process. All this confronts science – both fundamental and applied – with a new set of tasks. The intellectual resources of our countries should be used to look for new approaches to research and to methods of cooperation. I think the attention our governments attach to promoting bilateral scientific ties is the best proof of their commitment to giving them a new impetus.  I believe the priorities of scientific cooperation between the two countries should be determined by scientists themselves. At the same time I would like to mention some spheres which I think are important both internationally and regionally.  First, I believe that the priority for our two countries and for the world community as a whole is addressing environmental problems together.  Russia is currently developing its environmental doctrine; it is being done by the National Ecological Forum which includes some of our top scientists. But as part of the bilateral dialogue we could start working on the regional aspect of environmental security and contribute jointly to creating an international system of environmental security.  Second, we need a profound analysis and insight into present-day processes taking place in the two countries in the social, political and legal spheres. That is very important for practical politics.  Third, we share an interest in the study of other problems, including emergent economies as well as the specific character of transborder economy and related changes in the social structure.  I think in seeking to strengthen the ties and confidence between such long-time neighbours as Poland and Russia it is important to proceed from an objective assessment of the past.  Further. High technologies and innovative programmes are undoubtedly the priority practical tasks. We already have some common successes to report. The Programme of Bilateral Scientific-Technical Cooperation includes 100 projects such as the production of new materials and electronics, engineering and transport, the agricultural industry and the social sphere. I think that Poland, rich as it is in natural resources, may be interested in some modern Russian technologies of exploring and developing mineral fields.  The implementation of new ideas requires new people. I think it is high time we restore and develop further the good tradition of exchange of scientists, experts and students. We already have launched some initiatives in this field. For example, at the personal initiative of President Alexander Kwasniewski, 13 Russian students have received scholarships to study in Poland.  I think we can consider joint actions to reinvigorate the Eurofaculty project in the field of economics and law at Kaliningrad State University which tailors its teaching standards not only to Russia but to the Baltic countries, and consider sending students from both countries to study there.  The undisputed leaders in scientific cooperation are the Polish and Russian Academies, as well as the government agencies of the two countries in charge of cooperation. But the dialogue of scientists will only gain if the resources of independent scientific unions, associations and academies in both Russia and Poland are brought in. These associations are dynamic and promising. "
2001-10-17 00:00:00,Final Remarks at the Defence Ministry Meeting,Moscow,[],"Modernisation of the armed forces, meeting the social needs of servicemen and the reform of the military as a whole cost money. We had a very emotional discussion of the issue just now. I think the focus of our efforts should be as follows: first, we should concentrate on the priorities of armed forces development without being distracted by secondary matters and wasting money. The programme of actions should be forward-looking: Russia must have modern armed forces.  Second, we must eliminate duplicating structures within the Defence Ministry and the military establishment as a whole, something that we also discussed at length. I would like to remind the members of the Security Council that work should be finalised faster. No matter how painful it may be for all the other ministries and agencies, where the Defence Ministry is capable of coping with the tasks, they should be assigned to the Defence Ministry. We should move on to standardisation of arms and equipment more quickly. The fact that the Single Procurement Service has actually been set up is a step in the right direction.  It is necessary to rule out wasteful spending. Which raises the issue of how effective our international military cooperation is. Of course, that involves other factors, including political ones, but the general “cost/benefit” approach should apply here too. Any steps in the military sphere should lead to broader trade and economic cooperation with these states.  The financial resources released should be directed to modernise and rearm the Armed Forces, notably to increase the capacity of the space assets, as we were just told by the Chief of the General Staff.  As I have said, after the detailed study of the issue the decision was taken to withdraw the military contingent from the Kam Ranh base in Vietnam, and the withdrawal will start January 1 next year, as the Navy Commander-in-Chief has told us. I think the Vietnamese colleagues do not need Russian servicemen to help them implement their plans of putting the infrastructure to commercial use.  Furthermore, after a profound and all-round analysis of the situation and extensive talks with our Cuban partners it has been decided to withdraw the radio-electronic centre from Cuba. The Chairman of the State Council of Cuba has been apprised of the issue.  I would like to stress that these decisions do not indicate a downgrading of our interaction with our partners. As regards Cuba, we have maintained and intend to maintain relations in every sphere. As before, we will consistently advocate lifting of the economic blockade of Cuba and we support our joint efforts and position in the fight against terror.  As regards Vietnam, we have worked out an extensive programme of economic cooperation and development of relations in other areas. We will implement all these plans.  On the subject of our meeting today: the armament programme must be further improved and strictly adhered to, as we were told by Ilya Klebanov today. The Government must remain committed to these goals in 2002. And as Alexei Kudrin has said, the Government should proceed in a transparent way so that we are assured that the funding of the programme in the following years will increase, and considerably so. Amendments must be introduced in the draft 2002 budget to increase financing of a salary raise for servicemen.  I think pending a final decision on the budget these issues should come under further study at the Security Council and the Government’s economic agencies with due account of what the officers taking part in this meeting have said.  In conclusion I would like to thank Vladimir Kuroyedov and all those who took part in the lifting of the Kursk nuclear submarine for successfully completing the main stage of the work. After the operation is over, we will meet with all the main participants in the operation in the Kremlin.  Thank you for taking part in the meeting. "
2001-10-19 00:00:00,Answers to Questions from Participants in the APEC Business Meeting,Shanghai,[],"The answer is very simple. It lies on the surface. As for direct support for the United States, I think I should not repeat it once again. We have declared our direct support for the United States. We have already done that. If you want to know whether we are going to change our position I can tell you that we are not. The framework of our interaction has been laid down and we are ready to continue cooperation in that framework. As for my mentioning the UN instruments and international law, I have this to say: odd though it may seem, many national legislations and national legal systems do not have a clear-cut definition of terrorism. The threats today are so massive and so global that they call for a quick and adequate response. Unfortunately, the political toolkit at our disposal prevents us from responding to these threats adequately and quickly. Such a toolkit must exist. Therefore I believe that we should create this system in a clear-cut way, with insight into the problem and through joint efforts.  In fact, what I am saying is shared by many of my colleagues in the European Community with whom I met recently. Such work is already underway in many parliaments. Moreover, if we fail to do it, or to do it quickly, it will create a legal vacuum which the terrorists will take advantage of: they will mislead the international public using the human rights thesis as a cover and civilians as a shield. They are a very resourceful lot and they can quickly adapt to changing conditions. We should develop precise and clear-cut criteria of what exactly terrorism is. And I repeat, we should have an instrument to enable us to react to these threats promptly.  Your question gives me pleasure on two grounds. First, you have a great interest in Russia, for which I would like to thank you. And second, by asking me what young people in Russia think you thereby include me in that group. That is also very good to hear. Now for the substance of the question. In my statement I talked about it in general terms, but what I said is probably not enough. I would like to elaborate. I don’t think we need to be afraid of globalisation. That is an objective process. I am saying it as a citizen of a country which has suffered from isolation more than any other. Nothing can be worse than isolation. It is disastrous for any country, for any economy. But we should not overlook the negative consequences of globalisation. We should approach this matter very carefully. We should foresee the dangers and respond to them together. And the countries which enjoy certain advantages – above all highly developed industrialised countries – should understand that it is not in their own strategic interests to take advantage of the fact. Because unless we put in place an effective system of international economic relations we will create more and more crises. We will create a basis for more and more dangers and threats. To take the main issue, if for example, we fail to conquer poverty, then poverty will provide the basis for corruption which erodes the economies of various regions, the basis for terrorism which will strike us in various regions of the world and destabilise the economy. In principle, the leaders of the big powers understand this. The problem is to find a consensus for a decision. I think it is possible.  I don’t want to go into details, but one thing is important for us: Russia has traditional – and I want to stress that – traditional relations of cooperation with North Korea. The Democratic People’s Republic of Korea is our neighbour. A lot of people of Korean extraction live in Russia. All these factors lead us to pay special attention to what is happening on the Korean Peninsula. We very much hope to be able to make our contribution to inter-Korean settlement. It is in the interests both of North Korea and the Republic of Korea. The leaders of both states have repeatedly said it to me. We have a whole range of proposals on how to develop ties between the North and South Korea and expand multilateral cooperation on the Korean Peninsula, including three-way cooperation between the Republic of Korea, the DPRK and Russia. We are aware that China, Japan, the US and many other countries have reacted favourably to that proposal. I am absolutely convinced that the leadership of the Democratic People’s Republic of Korea is committed to developing its country, and with due account of historical and political features, is thinking in terms of integrating it gradually, and not only in the framework of the inter-Korean dialogue, but integrating it into the international economic and political system.  I don’t want to go into detail, but we all understand that this is not easy. But I think it is possible and, secondly, I have no doubt that the DPRK leadership has a genuine wish to promote its relations with its neighbours.  Your statement of the problem is correct. It is true that over the past decades Russia has witnessed a renewal of its political sphere. It was often done on an impulse. It was often done according to abstract schemes that did not take into account the historical features or the real state of the Russian economy, but invariably there was the commitment to bringing Russia into the international community. It was a sincere commitment, a consistent commitment and it absolutely reflects the trend of Russia’s development. At the same time, certain problems arose that led to a measure of political instability – and you know all about that. Who would care to invest resources in an unstable region? Today, as you know, we have achieved some sort of consensus in Russia. This is not only because I have forged a good relationship with the country’s parliament, it is because the main social forces in Russia have realised that political stability is vital for our economic development as well. There is an awareness that political stability can and must provide the natural basis for the economic development and upsurge of the Russian Federation. This is not a passing trend. It is just the next natural stage in the evolution of Russia into a normal, civilised, modern democratic society whose economy is market-based and whose politics are democratic.  All this has increased the flow of investments. You may find it strange, but the biggest amount of investments last year came from Cyprus and the Netherlands.  For those who are not aware of it I can explain that this is really the return of Russian capital which had fled the country through various channels. But we know very well that it is the first step or the first sign that a favourable investment climate is emerging in the country. The return of national capital taken out of the country is always the first sign. This is world practice. It is a good signal. The next biggest investor in Russia recently has been Germany and then the US.  All this shows that Russia is gradually forming a stable, reliable and investment-friendly climate. We hope that those present will feel it and draw the right conclusions.  Thank you. "
2001-10-21 00:00:00,Opening Remarks and Answers to Questions at a Joint Press Conference with US President George W. Bush,Shanghai,[],"Ladies and gentlemen, We will brief you about the meeting and talks with the President of the United States. In our opinion, it was a highly productive and useful meeting. Like in our previous talks in Ljubljana and Genoa, it was a frank and trusting conversation. Russian-American cooperation is in a steady uptrend. We respond to the global changes that took place in the world and we consistently strengthen the foundations of our renewed relations. Our strategic priority in the new century is a long-term partnership. A partnership based on the common values of world civilisation. A partnership geared to the common goals of global development and progress. This is the direction we intend to move in. Full-scale talks in the United States are scheduled for November. We will have a detailed review of Russian-American relations and discuss the most significant international issues. Our ministries, agencies and experts in charge of preparing the summit have received corresponding instructions.  The political, economic and psychological consequences of the September 11 tragedy are felt acutely in many countries and practically on all the continents. I think no one has any doubts any longer that the unprecedented challenge of fighting terrorism calls for pooling efforts of the world community. And we have prepared and issued a joint statement on that.  We have made a thorough analysis of the Russian-American dialogue on strategic stability. As you remember, an agreement was reached in Genoa that the interrelated issues of strategic offensive and defensive weapons will be discussed together. In our estimation there is some progress, in the first place as regards strategic offensive weapons. We have reaffirmed our mutual commitment to reducing strategic offensive weapons. Now the task is to determine the parameters of reductions and to put in place a reliable and verifiable mechanism of reducing the nuclear potentials of Russia and the US.  We have also moved forward on the issues of anti-missile defence. I for one believe we have an understanding that we can reach some agreements to meet the national interests of Russia and the United States with due account of the need to strengthen international stability in that important sphere. During the talk we exchanged opinions on acute regional issues: Iraq, the Middle East, the Balkans and others. We are still to discuss Russia’s relations with NATO.  We attach particular importance to business cooperation with the United States. We agreed in Ljubljana and Genoa that we would pay special attention to that. These agreements are working. Russian-American trade, economic and investment links have greatly expanded. US Secretary of Trade Donald Evans came to Moscow twice during the past months. We have hosted Treasury Secretary Paul O’Neil and US trade negotiator Robert Zoellick. I must say that we have received a clear signal from the President of the United States. All our partners have shown a genuine commitment to broadening our relations. The Russian-American business dialogue is moving forward. What is particularly important is that it is gradually bringing in not only major Russian and US companies, but also medium and small businesses. We have agreed to work closely on a concrete plan of economic cooperation. We will discuss it in more detail in November. Thank you.  I would like to say a couple of words on the first question. First, I fully agree with the position of President Bush and I think that his actions have been balanced and proportionate to the threat that the United States faced. Second, and it is important that everybody realises this, if we have started the fight against terror, it must be carried to the end. Otherwise terrorists will get the impression that they are invulnerable. And then their actions will become even more dangerous, more brazen and still more devastating. Now as regards the 1972 ABM Treaty. I can merely reiterate our position, which is widely known. We believe that it is an important element of stability in the world. But we agree – as I have said more than once – that we must think about the future and adequately respond to possible future threats. We are ready to discuss this with our American partners provided we are presented with the initial parameters of the discussion. First, I would like to confirm what you have said about the quality of our relations. It is true that President Bush has said many warm words about me, he said them publicly and I am grateful to him for that. I am aware of his attitude outside the framework of official events. I hope he feels the same way when he communicates with me. By the way, it does not prevent us from having our own points of view and sticking up for them on the most serious issues, defending the national interests of our countries. Among other things, we have a continuing discussion on the ABM. I agree with many of the President’s points, and one cannot but agree with them. We have a common platform on which we can talk, have discussions and offer solutions. But for instance it would be difficult for me to agree that some terrorists will be able to capture intercontinental missiles and will be able to use them. So we always have a subject for discussion, we constantly engage each other in a debate, and our good personal relations do not stand in the way. However, speaking about our teams, bureaucracy is always a threat. At the same time I would like you to note that we always select teams of like-minded people. And if a team does something differently from what we recognise as the right way of pursuing our relations then it is not a team, but a rag-tag band. I wouldn’t like to be surrounded by such people.  Thank you. "
2001-10-22 00:00:00,Statement for the Press and Answers to Journalists’ Questions Following the Meeting with President Emomali Rakhmonov of Tajikistan and President Burhanuddin Rabbani of Afghanistan,Dushanbe,[],"First of all, I would like to thank the President of Tajikistan for hosting this meeting in the republic’s capital Dushanbe. I would like to thank our Afghan colleagues, Dr Rabbani, the Defence Minister of Afghanistan and the Foreign Minister of the Islamic State of Afghanistan for the meeting today. Everybody knows that the Russian Federation is a consistent and long-time supporter of the internationally recognised legitimate Islamic State of Afghanistan. We are aware of the suffering of the Afghan people, which was made worse after the territory of Afghanistan was made available to terrorist organisations and when practically the whole country was occupied by Islamic fundamentalists.  The talks today were extremely substantive and useful. Our Afghan colleagues briefed us on the situation in Afghanistan and we reaffirmed Russia’s commitment to support the Government of the Islamic State of Afghanistan in the military-technical field. We reaffirmed our commitments and described concrete plans of bringing humanitarian relief to the Afghan people. The aim of the Russian policy in the region is to create a situation in the country when the people of Afghanistan have a chance to independently determine their destiny, a chance to embark on peaceful life and build a state that is friendly towards its neighbours, including the Russian Federation. In this connection we discussed the future of Afghanistan in some detail. I am pleased to note the commitment of our colleagues to building a system of representation in the country’s government bodies that reflects the interests of all the ethnic groups and political structures that are friendly, or would create an atmosphere of friendship and mutual understanding with all the countries in the region and win Afghanistan broad international support. Thank you. We believe that the movement has compromised itself by cooperation with international terrorists. And we regard as reasonable the position of the legitimate and internationally recognised Government of the Islamic State of Afghanistan, which is that the Taliban has no place in the future Government. At the same time, as I said before, we are glad that the Afghan leadership today seeks to expand its support base and the participation of all ethnic groups represented in Afghanistan. We believe this is the right position, and it was in that light that we discussed the future of Afghanistan. As for the American position, these questions should be put to the American leadership. But I have to tell you that before flying to Dushanbe I had a substantive discussion with the President of the Untied States and the Secretary of State. We set out our position very clearly and succinctly. I got the impression that the position has met with understanding on the part of our American partners.  First, the aid is already coming from the Russian Federation, and we will proceed in two directions. First, direct humanitarian supplies will come from the Russian Federation. I repeat, we have already started delivering them. And second, we will help other countries and international organisations that wish to support the people of Afghanistan in this critical situation. As you know, our delegation includes the Russian Minister for Emergency Situations, who has been here for several days preparing the dispatch of humanitarian cargoes to Afghanistan. We are doing it in close contact with the UN, which has some resources in Central Asian states. A whole list of goods with a statement of quantities has been prepared to be sent to Afghanistan shortly. The list has been agreed and our Afghan colleagues are aware of it.  We also discussed it with US President George W. Bush. He told me that he had decided to change the channels for supplying humanitarian aid to Afghanistan: not just to drop it from the air, as has been the case up until now, but to proceed in a more focused way, using the transportation system of the Russian Federation and directly delivering aid to the Afghan people. "
2001-10-26 00:00:00,Answers to Questions Following Russian-Portuguese Talks,"The Kremlin, Moscow",[],"The actions of the international anti-terrorist coalition in Afghanistan are a key part of the fight against international terror, but only one part. The fight against international terrorism calls for the efforts of the entire international community and should be waged in several areas. It should include military pressure on the terrorist infrastructure and their units, and also cooperation in the fight against drug trafficking and cutting the funding channels, etc. We have paid much attention to discussing these issues with Mr President. As regards Afghanistan, where terrorist training bases have been created, where terrorist attacks on US cities were planned and where, by the way, terrorists were trained to be sent to the North Caucasus, to Chechnya, it will become possible to restore normal life in Afghanistan with the removal of the Taliban.  The government created there should have a broad base of support inside Afghanistan. The future government should have representatives of all ethnic groups, including of course, the most numerous one, the Pushtuns. The future government of Afghanistan should have the support of other countries in the region: Tajikistan, Uzbekistan, Iran and Pakistan, and of course other countries which have interests in that region. I mean the US, the European countries and the Russian Federation.  In that sense the role and significance of the UN in Afghan settlement is hard to overestimate. Mr President said that the UN must be involved in the future disposition in Afghanistan, and I absolutely agree with him. I can say more: we discussed the problem with US President George W. Bush in Shanghai in a very similar way. And in the same vein, I talked with the leadership of the Northern alliance, with the leadership of the Islamic State of Afghanistan just recently in Dushanbe. So on the whole, we are on the right track.  But there is one circumstance I would like to draw your attention to and which the Portuguese President mentioned in our talk. Today we face an important problem: we should not allow anyone to undermine international public opinion and the international coalition against terror. We see absolutely eye to eye on that with Portugal.  I’ll try to be brief. I think the more harmonious the relations in Europe and the world, the more chance the OSCE has to address the key issues for the sake of which it has been created. So, there are some grounds for optimism."
2001-10-30 00:00:00,Answers to Questions from Participants in the Russian Meetings-2001 World Economic Forum,Moscow,[],"I have covered the matter in general terms in my opening remarks. I would like to add that the Russian Government has prepared a whole programme for modernising the Russian economy. In the most general terms, the programme is very liberal and considerate of the interests of the population. We intend to proceed in several areas at once. I have already indicated the first area: further reform of the Russian tax system, reducing the tax burden on the economy and the stability of taxation regulations. It may be premature, but I will tell you that we are thinking about reducing some taxes, such as the VAT. We should tread warily because we had many plans, but the risks are increasing, not diminishing. We will proceed carefully but steadfastly. In addition to reducing the tax burden and making it a sustained process, we intend to modernise the pension system and continue efforts to cut down the red tape in the economy. You can describe it as “further liberalisation of the economy” if you find it a convenient term. Already a good deal has been done in this area, the number of types of activities subject to licensing has been cut and some order has been brought to the work of auditing agencies, etc. We are committed to this course. We have a programme to modernise our major monopolies, which are traditionally called natural monopolies in Russia. I must say that, like in the tax sphere, we intend to think everything through very carefully before coming to a decision, but we are aware that a lot needs to be done in this sphere. We have plans, they have been made public and a broad discussion is underway and profound studies are underway with experts and the Government. Some of these decisions have been made, some are pending. We are finalising the adoption of a reform of the judiciary and we hope that increased efficiency of the law courts, both of general jurisdiction and arbitration courts, will have a substantial positive impact on the Russian economy.  There can be no effective economy without well-developed services, above all in the sphere of finance, in the sphere of insurance. We should think about it and prepare administrative decisions on it today. It is the subject of our talks with our partners in the united Europe and the United States. And that is another area I would like to single out: further integration of the Russian Federation into the world economy. We are firmly committed to working towards accession to the World Trade Organisation, and that decision will be followed through. At the same time, some of those present here, I am sure, know what pragmatism is, and I have to say that all our actions will be coordinated with national interests, with the interests of the national economy. We will on no account agree to join the WTO on non-standard terms. We will work persistently, consistently, but with optimism to make sure that the same standard terms are applied to us and that no requirements are presented that have not been presented to other candidates in the history of the WTO. I won’t go into details not to waste your time, but you can take my word for it that unfortunately, we are facing such problems at the moment. But I repeat there is a measure of optimism, there is an understanding on the side of our main partners, and we hope that the outcome will be positive.  It has to be admitted that the Russian economy is not yet so tightly integrated into the world economy as to feel all the fluctuations in it, but Russia is affected by what is happening in the world as a whole. And we follow very closely what is happening in the world economy and compare our actions with the forecasts of international experts. But, like they, we are optimistic, especially in the medium and long term. We believe that after the 1998 crisis the countries hit by the crisis and the international financial community have taken necessary measures to offset the possible negative phenomena that we observe today. And secondly, the foundations of the world economy are so strong that it is hardly possible to shake them. We believe that the pace built up by the Russian economy enables us to meet the challenges we face and not only to overcome the difficulties that we observe in the world economy, but to move the Russian economy forward significantly. You know, at the dawn of the policy called “perestroika” I attended a similar event and one of the participants said: “Tell your political leadership to feed your people well, and then everything will be fine.” And that is true: we should enable people to create better lives for themselves and then many problems won’t appear to be as worrisome as they do today. The same applies to the level of wages in the country. The judiciary reform has been conceived and designed to make the judiciary system more effective, including in regard to the economy. It is a key component of judiciary activities, especially in an open market economy. And of course, not the least of our concerns is the salaries of the judges; it is a very important component. But you would agree with me that these people, however important their sphere of activity may be, live in Russia and their level of incomes should be commensurate with those of people in other sectors of the economy and spheres of activity. So we would like our military to have higher salaries as well. As a former officer I know very well how families of our servicemen live.  We would like the level of incomes in the rural areas to rise dramatically. That is a key sector of the Russian economy, and unfortunately the living standards in rural areas are still very low.  We would like to see salaries of professionals, especially in education and healthcare, to be much higher, but we should act responsibly and our decisions in this sphere should be well considered and balanced.  We believe that our present plans are optimal. Of course, there is always room for improvement, and we will continue our efforts to raise the living standards of Russian people. But we will pay particular attention to the high-priority areas. These areas undoubtedly include the judiciary and law enforcement spheres.  Did we used to have banking secrets? I think we should not be afraid of the instruments that make business transparent for the government. We should take another look at the world we live in. We should formulate firm and clear-cut rules so that criminal elements, terrorists and corrupt officials could no longer operate freely in Russia. I back the efforts of the Russian Government against money laundering. It does not mean that we should impose heavy legal constraints on businesses that function legally. On the contrary, we should see to it that banking secrets are observed. A document on setting up such an authority will be prepared and signed shortly.  You have raised a very complicated question there, one that is complicated for any country, but especially for Russia. I have agreed with those who have expressed their fears and warned against making abrupt and ill-considered decisions to allow the free sale and purchase of agricultural land. You know that my personal opinion and that of the Government is that in this sphere, like in other spheres, the sooner we have normal market laws in agriculture the better. At the same time I cannot but agree with the critics of that position for a number of reasons. We should be mindful of the specific features of Russia, of the fact that the land issues in Russia are extremely confused, and so I have agreed with those who said that farmland should not be included in the recently adopted Land Code. And you have seen that even this somewhat limited law has evoked a politicised reaction and has caused heated debates in the Russian Parliament, to put it mildly. But I don’t think it should frighten us or stop us. We will continue to discuss ways of smoothly introducing market laws in the agricultural sector. Various ideas have been suggested and expressed, and in spite of the complexity of the process we intend to bring into these discussions all the interested parties, those who advocate an early transition to the market and their critics. We should seek a consensus in making that decision. We should take into account the interests of people who work in agriculture. If some of them think that such an abrupt change is dangerous, it is our task to present them with concrete figures to allay their fears, and to show what exactly we are planning and how it will impact their lives. It is a complicated process which calls for persistence and patience, but I think we should move along that path and not make abrupt moves. But we understand the direction in which we are going to move. As regards ensuring the interests of minority shareholders, you know that decisions have been taken and I have signed additions to the Tax Code. We believe that the problem has not only been recognised, but has largely been settled. If you feel that more needs to be done, you can formulate these proposals during this forum. They will not be discarded offhand. We will consider them. Indeed, if all those gathered in this and in other rooms of the forum formulate clear-cut proposals on how to improve our actions in this sphere, we are ready to consider them. We will be grateful to you.  I think in 2010 Russia will be a happy country. Let me start with Russian businessmen. We have regular meetings with them in various formats. I want them to feel that Russia is their home, and then of course to feel that their “home is their castle”. We will try to make sure that it is the case. And I would like our foreign colleagues to feel at home in Russia as well. Thank you. "
2001-10-30 00:02:00,Opening Remarks at a Joint Meeting of the Security Council and the Presidium of the State Council,"The Kremlin, Moscow",[],"Good afternoon, This is our first joint meeting. This format is prompted by the topic of discussion today: “The state and the development prospects of the defence industry”.  The problem involves many issues: national security, foreign policy, the economy and social stability in the country and its regions. So we must calculate precisely and carefully balance our actions in this sphere.  The Presidium of the State Council discussed the reform of the defence sector in February. That discussion revealed some controversial topics, notably problems connected with ensuring the social and economic interests of Russian regions. A common position was hammered out by the joint working group of the State Council Presidium. It is spelled out in the basic principles of policy in the development of the defence sector until 2010 and beyond, which has been presented to you for discussion.  The defence sector has always played a key role and has been the backbone of the economy of our country and the life of entire regions, a phenomenon which had its pluses and minuses.  Now that market relations in Russia are in place, we should take another hard look at how to use the advantages of the market economy to ensure a breakthrough in the development of the defence sector, which traditionally has been dominated by a rigid management system and state paternalism. The past years have been hard for the country’s defence sector. This is not only due to the cuts in military spending. Unlike many other sectors of the economy, restructuring of the defence sector has proceeded in a slow and controversial manner. Many still laboured under an illusion that demand for obsolescent products would continue, and that defence companies could continue to ignore such economic categories as efficiency and competition.  The structure of the defence sector is unfortunately archaic, and does not meet the military and political challenges facing the country. One shouldn’t forget that today we face new threats and live and work in conditions that present greater challenges to national defence reliability than before.  Obviously, the Government must conduct a thorough inventory of the defence industry and clearly formulate its interests and priorities in this sector.  Let me name the most important tasks that need to be addressed without delay. First, the creation of effective modern mechanisms of control in the sector, real instruments for protecting the interests of the Government and the people who develop defence assets, among other things, the protection of intellectual property.  The second urgent task is internal consolidation of the defence sector to cut out some deadwood. An average company today operates at no more than 20% of its capacity and the bulk of the defence industry survives thanks to the high export potential of a few companies.  The inflated structure of mobilisation capacity is largely intact, preventing companies from becoming more efficient and modern. The production assets and the research base of key defence companies are becoming more and more obsolete.  The last meeting with the Defence Ministry already stated the need to shift resources significantly in favour of research and development if we are not to lose that necessary technological asset, which would inevitably affect the quality and competitiveness of modern weapons and civilian technologies as well.  Not only technology is becoming obsolete. We are beginning to lose valuable personnel; so I think the problem of training personnel for the defence industry should be a separate topic of discussion.  The third problem is the persisting mismanagement of defence industry companies and the low economic returns on the government property in the sector. It may sound odd, but dividends from government stakes in these companies can barely cover the rent of the property of these organisations.  Invoking the non-market character of the defence sector, as is typically done, is not convincing. Throughout the world, and in this country too, as I have just said, the production of weapons and defence technologies has long been a highly lucrative and thriving business. It is not for nothing that competition in this market is so fierce.  So we need a valid programme for integrating the defence industry into the market infrastructure to make the defence sector economically more attractive. That would attract private investments, including foreign investments, strange though it may seem at first glance, considering the requirements of national security.  All this does not rule out organisational change. One of the key instruments there can be the creation of integrated research and production complexes combining different forms of ownership. We have some positive examples, including in the aviation industry.  I think such structures can form the core of the new Russian defence industry. It will maximise returns on the existing resources and put an end to wasteful spending.  In conclusion, I would like to stress that if we are to achieve a breakthrough in the defence industry and make it much more effective and competitive, we must consistently and competently introduce market instruments. There is no other way. That is in the interests of national security and in the interests of the economy as a whole.  Let us now move on to discuss the prepared documents. They will be presented by Ilya Klebanov. And I thank the press for being with us.  Thank you. "
2001-11-01 00:00:00,Speech at the Meeting to Mark the 10th Anniversary of the Constitutional Court of Russia,Moscow,[],"Esteemed judges of the Constitutional Court, Dear friends and colleagues,  I am glad to congratulate all those present on the 10th anniversary of the Constitutional Court of the Russian Federation. And let me say from the outset that I consider it to be a historic landmark.  This is borne out by the fact that representatives of practically all the constitutional courts of the world have come to Moscow. It marks the recognition of the international authority of the Constitutional Court of Russia, a recognition that our country is developing as a democratic rule-of-law state.  The past years have shown that the decision to establish a Constitutional Court in Russia as an absolutely new legal institution was right and justified. Its activities have contributed to strengthening democracy and legality and marked the birth of constitutional justice in the country. The creation of the Constitutional Court in Russia provided not only an effective mechanism for protecting the Constitution. In fact, for the first time our country got a government body capable, on the basis of law, to set limits for both legislative and executive branches and occasionally cut down to size the politicians who think in terms of political expediency and not in terms of law. The still shaky Russian government consciously and responsibly accepted such self-limitation, and I consider it to be very important.  Another thing I would like to stress has to do with the independence of the Constitutional Court. As the law says, the Constitutional Court deals exclusively with the issues of law. People come here to resolve many conflicts, including between bodies of power, which means that the conflicts are political by nature. But they are solved only by legal means and in legal form. The Constitutional Court has proved that justice that is independent and based solely on law is possible and thereby it has not only lifted the bar for the work of judges, but in many ways helped other courts in the country to come into their own professionally and to become stronger.  Today in the Constitutional Court we have an instrument that really protects the democratic system, the federative state structure, the common economic space and free enterprise and, most importantly, civil and human rights and freedoms, all established under our Constitution.  In this connection I must note that in the Constitutional Court today we have an effective instrument that protects the Constitution itself. Our Constitutional Court has been admitted without reservations to the Conference of European Constitutional Courts. It has become possible only because its work is up to the standards of that authoritative international organisation. One of these standards is dealing with citizens’ complaints. It is a very important, perhaps the most important, function of the Constitutional Court. Any Russian citizen can go to the supreme constitutional body to seek protection of his rights. During the past ten years the Constitutional Court delivered many judgments based on citizens’ complaints: upholding the labour and social rights, the right of citizens to private property and the right of privacy.  Dear colleagues, Today it is obvious that all the main powers vested in the Constitutional Court have turned out to be relevant. It protects the Constitution and human rights and freedoms. But there is another and no less important function of the Constitutional Court: it is taking an active part in building and strengthening the legal foundation of the state. The position of the Court in arguing its decisions exerts a powerful influence on the development of law in the country in general and helps to enhance the legal culture in the whole of our society. The Constitutional Court of Russia does not supplant other power bodies and does not invade their competence. It has occupied a solid and definite place in the system of federal bodies of power. On the one hand, it is independent from them and, on the other hand, its decisions can influence their activities and in that sense it is a higher instance, as the constitutional justice body should be. In the popular mind, the Constitutional Court of Russia has the reputation of the key and most authoritative government body. When serious economic, social and political conflicts arise, people often come to this Court.  Of course, this key institution has not developed in a straight line. We know that repeated attempts have been made to use it as an arena of political struggle, but the principle of independence and non-interference in politics has prevailed. That principle today has been accepted and supported by Russian society, moreover, it has been confirmed by the world practice of constitutional justice.  Dear friends,  In conclusion I would like to say that responsible work of constitutional judges calls for profound legal knowledge and professional dignity and occasionally civic courage.  I thank all the members of the Constitutional Court for everything they have done and are doing to form and strengthen the Russian state and for everything they are doing for the citizens of Russia.  I congratulate you on the 10th anniversary. Thank you. "
2001-11-02 00:00:00,Statements for the Press on the Results of the Russian-German Summit Talks,Moscow,[],"First of all, I would like to say that I am very grateful to the Federal Chancellor for coming to Moscow in spite of his very taxing and tight schedule. It has been a very strenuous tour which we in Moscow have followed too. After all, he was in the region to which the attention of the world is riveted and which is very important for the fight against terror. Of course, the Federal Chancellor briefed me on the results of his visit. For my part, I told him about my meetings in Shanghai, including my meeting with President Bush, and I told him about my contacts with the leadership of the Islamic State of Afghanistan, with the Northern Alliance. So, our talks ranged far beyond the topic of the counterterrorist operation, they touched upon bilateral relations, anti-missile defence and, of course, the situation in Afghanistan and the situation connected with the fight against terror in general.  I have to say that the positions of Russia and Germany on the Afghan issue practically coincide, or are very close. I got the impression that our experience and our information on the events there interested Mr Chancellor and were useful for the German leadership. But I would disagree with you that the situation in Afghanistan is not developing as the antiterrorist coalition would like it to develop and that the operation in Afghanistan “is stalling”. No one ever promised a “triumphant march” through Afghanistan. Our colleague, US President George Bush, has repeatedly said that it would be a long struggle and it would require great efforts and probably sacrifice. As we know, the actions of the American armed forces and the actions of the Northern Alliance are pursued on the understanding that everything should be done to minimise civilian casualties. That makes the conduct of the counterterrorist operation more difficult.  Of course, we discussed with the Federal Chancellor ways to coordinate our efforts in the joint fight against terror in the future. It has been a useful exchange of opinions for me. Thank you. "
2001-11-05 00:00:00,News Conference following a Session with the Top Brass of the Main Intelligence Directorate of the General Staff and Military Intelligence Veterans,Moscow,[],"The intelligence centre we are attending now is not just one of the many throughout the country—it is more than just intelligence alone. The Main Intelligence Directorate is Russia’s military intelligence. Its role has enormously increased over the past few years as a result of the notorious events here in the Caucasus and the world over, the need to combat terrorism. Intelligence of any kind is above all an instrument of foreign policy. Since we are dealing with military intelligence, one can add that it is a key component of consolidating our statehood. Today, especially in the Caucasus where we have given up large-scale military action, the role of the secret services is certainly increased. The part of the Main Intelligence Directorate is equally crucial in cooperation with our partners in the international counter-terrorist coalition; the significance of military intelligence, as the phrase goes, can hardly be over-estimated here.  I should say that our military intelligence is a unique instrument because it employs forms and means beyond traditional ones. Our military intelligence makes use of satellite reconnaissance technology and other technical equipment and special units. The MID special task force has won credit for its mission in the Chechen Republic. Still, I want to make the point, and we took special note of this today, that the efficiency of the Defence Ministry’s task forces is constantly growing as seen from the success of recent operations."
2001-11-06 00:00:00,Statement for the Press and Answers to Questions Following Negotiations with Indian Prime Minister Atal Bihari Vajpayee,"The Kremlin, Moscow",[],"Ladies and gentlemen, I would like to tell you briefly about the results of today’s meeting.  Our consultations today were substantive and fruitful. We have discussed a wide range of bilateral issues, and exchanged opinions on the main problems of world and regional policy. The talks have shown that Russia and India have shared long-term national and geopolitical interests. An important outcome of the meeting is the signing of a whole number of documents that improve the mechanism of bilateral cooperation and strengthen the legal and treaty basis of our interaction.  We attach great significance to the joint Russian-Indian Statement. It reflects the agreed positions of the two countries on the current global and regional problems. Another joint Statement reflects the position of Russia and India on the issue of strategic stability.  Also today, the Moscow Declaration on Combating International Terrorism was signed. It formulates the basic approach of our countries to such modern threats as international terrorism, regional extremism, transborder crime and some others.  During the course of our consultations we have reviewed the relations between Russia and India in the main areas of cooperation. One of the key areas of cooperation is the trade and economic sphere and we intend to steadfastly build up our efforts and our cooperation in the trade and economic sphere.  We plan to develop our interaction in the scientific-technical, cultural and military fields.  When discussing key international problems, the Prime Minister Atal Bihari Vajpayee and I reaffirmed that our foreign policy principles are practically the same in the overwhelming majority of cases.  We paid much attention to the situation in Southern Asia. Russia would like the emerging political dialogue between India and Pakistan to turn into a permanent constructive process.  We dwelt on the problem of Afghanistan and the future of Afghanistan. We have long had a positive dialogue with India on this issue and we believe that India’s participation in regional problems of this kind can and must be expanded.  In conclusion I would like to note that today’s Russian-Indian Summit in Moscow is marked by the spirit of strategic partnership. We have no doubt that this visit by the Prime Minister and our Indian colleagues, our Indian friends, will contribute to the relations between the Russian Federation and India in all the above-mentioned areas.  India is our long-time partner in dealing with a number of international problems. In addition to global issues that we are discussing with India to work out a joint position in the international arena, we have worked on regional problems for a long time and quite effectively. In the case of Afghanistan we face both global and regional problems: the global problem is the fight against international terrorism and everything that is related to that fight on the land of Afghanistan. And India of course is a reliable partner because it has long been fighting terrorism and knows what it is all about. Besides, India is part of the region and in that sense it is entitled to and must take part not only in the settlement but it must have a say on the problem of Afghanistan’s future, with due account of the regional nature of the problem and the national interests of India in Afghanistan. We have agreed with the Prime Minister and our Indian colleagues that the “six plus two” mechanism can and must be used, but India must have a chance to participate more actively in the solution of the issues that are on the agenda of that group.  In conclusion I would like to say that for us India is not only an acceptable but a desirable partner because our views on the problems of Afghanistan practically coincide. We were immensely satisfied to hear the Prime Minister of India declare that the former decision, whereby Russia was put in the group of countries with a non-market economy, had been a mistake and that this problem would be eliminated from our trade and economic relations before the end of the year. We think that the promising areas of cooperation include energy, its diverse aspects: nuclear energy, hydropower, gas, oil and so on. Another important area of cooperation is machine-building. I am referring not only to the retooling of the facilities built in India with Soviet technical assistance, but also work on entirely new projects. The Indian and Russian partners must display a maximum of flexibility, looking for new options and formats of interaction, including in the field of financial settlements. I have to agree with the Prime Minister that we should be more active in the hi-tech areas, the prospects there are very promising. I am referring to information technologies, space exploration, etc.  And finally, there is the military-technical sphere which the Russian and Indian leaderships have always kept under review. The prospects there are good too, and that area of cooperation will develop.  As you have rightly pointed out, our position on the issue coincides with that of the Indian leadership. Surely you have heard our repeated statements about the so-called policy of double standards: we are against any double standards in this sphere. It means that there can be no good and bad terrorists; terrorists cannot be divided into ours and theirs. Everyone who has taken up arms to solve political disputes by force, all these people, all these organisations and entities need to be condemned and the international community must jointly wage an uncompromising fight against them. As for Kashmir, our position is well known, I have already mentioned it in my statement. We welcome a direct dialogue between India and Pakistan and we very much hope that it will lead to positive results.  We believe that the UN must play a bigger role. In any case, we must together work out the basic concepts, including in the legal sphere, and give an international legal definition of the concept of “terrorism”. The efforts of the international community must be concerted so as not to leave the smallest loophole for terrorists in realising their goals. And the policy of double standards is precisely what can split the international coalition. That is absolutely inadmissible, considering how acute the problem is.  The signing of the document a year ago sealing the strategic character of our relations, I repeat, merely committed to paper what was already a reality. Our task today is to invest the strategic dialogue with real content. I have no doubt that the visit of our Indian friends to Russia will help to solve the issue in the best possible way. In conclusion I would like to say that relationships of this kind are not born on paper, no matter how fine it may look. They are born in real life and are based on mutual interests, and India and Russia have mutual interests. "
2001-11-07 00:02:00,Interview with the American Broadcasting Company ABC,,[],"I was working, it was a usual working day. As for feelings, I had all sorts of feelings. First of all, odd though it may seem, I had a strange feeling of guilt for the tragedy. You know that we had spoken a lot and in different places about the threat of international terrorism, we had spoken about possible threats to the United States and some other countries, but we could not predict who specifically would strike and where. So, the first impulse was a feeling of dismay and, I repeat, even a certain sense of guilt. But apart from that, I must tell you that I was very well aware of how the American people and the American leadership felt at the time because shortly before that, in 1999, we ourselves were the targets of terrorist attacks. I don’t mean just the events in the North Caucasus, in Chechnya. I am referring also to the explosions of residential blocks in the Russian capital Moscow and in some other cities of the Russian Federation that claimed hundreds of innocent victims. And I knew how the American people felt and I had very strong sympathy and was very emotional.  I wouldn’t like to pass judgment on the actions of my colleagues, including the former President of the United States. He too was in a difficult situation, but of course, even then we counted on more active cooperation in the fight against international terrorism. I don’t know if the terrorist attacks on the United States could have been prevented but I repeat, we expected to have closer cooperation. And I would like to repeat, it was a pity that we, our special services had not obtained timely information on these planned attacks and warned the American people and the American leadership about the tragedy which they have had to confront.  First, I expressed solidarity with the American people. I was just saying that Russia had itself experienced terrorist strikes, especially after the houses in Moscow were blown up. And I had a very clear idea – perhaps more than anyone else – of how the American people and the American president felt. I very much wanted to show solidarity with the American people, not only on my own behalf, but on behalf of the Russian people. I know it was very important and I acted not only on an impulse, but, I must be honest with you, I acted proceeding from pragmatic considerations. I was very well aware then and I still think today that pooling the efforts of the international community in the fight against terror is very important, just as it was important to let the American people know about our solidarity so that they would feel they were not alone at that difficult moment. It may seem a surprising thing to say, but Russia made that choice a long time ago, although unfortunately, not everybody noticed it, and after September 11 it was impossible not to notice it. Indeed, it was brought home to everyone that Russia could and indeed had to be a truly strategic ally of the whole civilized community, not least of the United States. I think that the tragic events of September 11 opened everybody’s eyes on that score. They reminded us that if we want to be effective we have to be together. You know, Russia and the United States have a long and positive history of relations. Over the centuries Russia has traditionally felt sympathy for the United States. If we recall history, back in 1775 the English king, who was actively recruiting mercenaries to fight in North America, asked Catherine the Great to send volunteers from Russia. She turned him down in a gentle but quite firm way in a personal letter. Russia was one of the few countries of the Old World to categorically oppose the division of the United States that could have resulted from the war between North and South. The United States, for its part, was probably the only great power that sympathized with Russia during the Crimean War. And there were many other positive episodes, not to mention the Second and First World Wars when we were allies and did much to fight the common enemy. And today, of course, when the international situation has changed fundamentally, today, when we face large-scale threats of a very different character we cannot but support each other on these matters. And I am sure we are able to do it quite effectively.  I think it has long been over. The problem is, that everything that was created during the Cold War to cater to the interests of the Cold War, many of these instruments still survive, live a life of their own and seek to preserve themselves. It is our task to understand the profound changes that have taken place in the world, eliminate every obstacle that stands in the way of cooperation and work together. There can be no doubt about it. Not only has the Cold War ended, but conditions have been created in the world for Russia and the United States to go hand in hand in solving many problems of our time, both in the field of economics and security. It is hard for me to say what he saw in my soul, you would have to put some leading questions to President Bush himself, but you know what I think of those who smiled at these words or hearing them, you know what I think about it? I think it is not by chance that it was he and not they who became the President of the United States. It means that he sees better than they do, and has a deeper insight into problems. I must tell you that it was largely due to the position of President Bush that the tragic events of September 11 did not take Russian-American relations by surprise.  I am grateful to him for repeating several times that I was the first to ring him up and so on, but it happened, not least, because of his own position with regard to Russia and much of the credit for this should go to him.  So, he made a big contribution to the fact that the international coalition in the fight against terror is being formed so successfully, and the first step in that direction, by the way, was our meeting in Ljubljana, when he said these kind words addressed to me and my country.  I would say more: you know, from the brief experience of dealing with President Bush I am convinced that he is a solid partner. We can argue on certain problems, disagree on certain things, but I have already noticed, it caught my attention that if he agrees and says “yes” he always “follows the issue through,” he always sees to it that the accords reached are put into practice. Not only I, but the whole Russian leadership have paid attention to that trait of the President. It is an important trait and we value it highly. It shows that in general you can do business with this man, that he sticks by the agreements reached even if they have been reached through complex negotiations and exchange of opinions.  Yes, that is absolutely true. I try. It is hard for me to speak about it in definite terms, because a compromise can only be found as a result of intense negotiations, but as regards offensive and defensive weapons systems, yes, that was our approach. We believe that both components should be considered together and negotiated together, because they are closely interconnected. We have a certain platform on the basis of which we could reach agreements on offensive weapons (I mean cutting offensive weapons down to certain ceilings, and I think we can quickly reach mutually acceptable agreements there), and in this context we can find a common approach to defensive systems. At any rate, our position is fairly flexible. We proceed on the basis that the 1972 Treaty on anti-missile defence is important, effective and useful, but we have a common negotiating platform proceeding from which we can reach agreements, at least I hope so.  First, the ABM Treaty already has some potential for the creation of defence systems. We have created such a system around Moscow and the United States around their main nuclear base. The Treaty contains other provisions that could help us find common approaches. Anyway, experts are sure that proceeding from these provisions we can well formulate terms within the existing Treaty and, without changing its substance, create conditions that would make it possible to provide an adequate response to modern challenges and remove the concerns the United States leadership has in the field of strategic defence. The President’s position also evolves, his opinion is not frozen. Today our partners speak about limited defence systems not to cause damage to each other and so on. But, I repeat, this is a question for specialists. I must tell you honestly that in deciding on this issue we will proceed from the national security interests of the Russian Federation and from the general ideas, the philosophy of building international security as we see it. I don’t know who has been saying that. I think it was Churchill who put it very aptly: he said that politicians think about the next election and statesmen think about future generations. I think these words accurately describe the present situation. Russia is not expecting any preferences or any reward for its position in supporting the United States in the fight against terror. It is our common goal: to fight terrorism and conquer it, and we have a common enemy, international terrorism. The work we are doing together is in our common interest. But it is equally in our common interest, believe me, to integrate Russia into the present-day international communities in every sense of the word, in the defence systems and in the political systems. Judging from our recent discussions with the West European leaders and with the US leaders, everybody is well aware of it. I am sure we will often be useful to each other in the future.  In this context, speaking about Russia’s rapprochement with the West and the United States, not only Russia, but the Western community itself is interested in it, and it cannot in any way be seen as payment to Russia for the position that it takes today. Russia is not bargaining, it is offering cooperation.  Your question contains a certain message between the lines. Of late I have often heard such questions from Western media people. They may be worded in different ways, but the meaning is, how do you assess the effectiveness of the US counter-terrorist operation in Afghanistan, is it not stalled and so on. Such questions can only be put by people who do not know the reality on the ground, who don’t know what is happening and those who expect instant, brilliant and immediate results. Military actions in Afghanistan cannot be a cakewalk, nobody promised that. Has President Bush ever said that we will come to Afghanistan and solve all the problems there with the help of our air force within two or three days, three or four weeks or several months? He never said anything like it. He said that it would be a prolonged and perhaps debilitating struggle that would call for sacrifice, but for some reason nobody recalls that. But I know this from the information that Russia has, from our experience and the war in Afghanistan, and from the events in the Caucasus. Let us see how many years the international community has failed to pay due attention to the events that were taking place in Afghanistan. Over many years terrorists did not only de facto buy the whole of Afghanistan on the cheap, they dug in there, and they had been thoroughly preparing for what is happening today. They did not sit on their hands, I assure you. They had enough manpower and resources to prepare for their current actions.  Besides, as we now see, they are trying, and not always without success, to shift actions in the fight against terrorism into a different domain, into a fight between religions, a fight against Islam, something we should not allow to happen. In fact they are like card sharpers who replace a card in a stack, but it does complicate our work and the US actions in Afghanistan.  I think there is another aspect which Russia has faced and now the United States is facing. It may be an awkward thing to say because I am shortly to visit the United States and what I am going to say is a sort of criticism. I think that the United States is to some extent losing the war not in the military sphere, but in the information sphere. Strange as it may seem, I think that terrorists are outplaying us all in the information field. They are more aggressive and they present their case more vividly. They are more emotional, they achieve their goals better than those who fight terrorism by appealing to universal human values while having nothing in common with them. They make very effective use of this in fighting us and I think that we are all losing. This is the area in which much still needs to be done.  As for the military aspect, in our view everything is going as it had to go and I agree with the United States leadership that it will take a good deal of time and effort and perhaps sacrifice to restore order in Afghanistan, to help the Afghan people conquer terrorism on their own territory and restore the principles of democracy. It would call for major efforts not only on the part of the United States and not only the countries which today have a shared commitment to fighting terrorism, but it would call for the efforts of the Untied Nations and that would require a complex of economic, social and political measures.  Yes, of course. Look what is happening: the way terrorists kill people, torture them and prepare these terrorist acts is shown once and is quickly forgotten but if we face, unfortunately, civilian casualties, this is played up and exaggerated. And of course this can only have one aim. There are hostilities in Afghanistan and the enemy’ aim is to loosen up the international coalition from within, to bring pressure on the political leadership of the Untied States and to destabilise the internal situation inside the United States; to bring pressure on the political leaders of the countries which support the United States. That is what it is being done for and sometimes those who set such goals for themselves manage to achieve them. We are certainly not winning it. I think it is possible, but difficult. Of course it is important, because the main figures must be punished. But on the whole it won’t solve the problem of terrorism. To fight international terror effectively on a global scale it is necessary, as I said, to use not only military force, it is necessary to use other means – political, economic and social, it should be a multi-pronged effort of the international community to combat that evil. I think the United States, and all of us must derive a lesson from this. I wouldn’t say that Russia lost the war in Afghanistan, on the whole it rather successfully withdrew its troops – a large force – and left behind a pro-Soviet government in Kabul. But the mistake of the former Soviet leadership was that it had left behind a pro-Soviet government. Afghanistan is not a country that can be privatised by anyone. The Afghan leadership, if it wants to be successful, must have internal support of all the social and ethnic groups in Afghanistan. The future Afghan leadership cannot but lean on broad international support. I repeat, nobody will be able to privatise Afghanistan: neither the United States, nor Russia, nor the border states, we must all understand that. That is the first lesson to be learnt. And secondly, we should not impose our will on the Afghan people by force of arms; we should help the Afghan people sort out their own problems. Thank God, there are such forces in Afghanistan: there is the internationally recognised government of Dr Rabbani and its military arm, the so-called Northern Alliance. There are other opposition groups that are worth supporting and they must be supported. If we proceed from these considerations, if we take into account the whole negative experience not only of the Soviet efforts, but much earlier experiences, for example, the experience of Britain in Afghanistan, we can reasonably look forward to success.  That is not an option for us, it would be very difficult for us, and I will tell you why. For us to send our troops to Afghanistan is the same as for you, for America, to send troops back to Vietnam, it is even more difficult because the Afghan war ended not as long ago as the Vietnam war. But I must tell you something else: the Russian Army is already helping the United States, and not virtually but de facto. First, it is helping by providing intelligence, and it is intelligence of very good and top quality. We are helping with our knowledge of the situation in Afghanistan, and we are helping the Northern Alliance. We have supplied tens of millions dollars worth of weapons to the Northern Alliance. We are ready to help the United States to rescue people, US citizens, US servicemen, including on the territory of Afghanistan. But there is one other circumstance I must note. Today the Russian Armed Forces – although we have stopped large-scale military operations in the North Caucasus, in Chechnya – still face mercenaries, including from Arab countries. They are trying to be active there to this day.  At a meeting in Shanghai – and I think President Bush will not be cross with me if I say it, because it is not much of a secret – I showed him some operational documents which speak about the plans of international terrorists to move from Chechnya to Afghanistan, in order to, and I quote, “to kill Americans”. I am quoting. The American people must know about it. These are not fantasies or propaganda. These are realities. And we have already lost thousands of men in Chechnya, a lot of them in military actions against international terrorists (unfortunately, most of them were citizens of Islamic states, many from Arab countries). So, I think I have fully answered your question, but I would still like to add one more thing: the Russian Army is already rendering not virtual but entirely specific support, and that applies to the actions of our Armed Forces.  As regards the problems of Iraq, we have long determined our position on it. It is to support the aspiration of the international community to find out once and for all whether or not Iraq has weapons of mass destruction and whether it is working to build such weapons. In this connection we believe that the international inspection of the relevant facilities in Iraq should be restored, and we have made a proposal in that connection which we are discussing with our colleagues, including our American colleagues. I regret to say that unfortunately we have not been able to convince the Iraqi leadership that our proposals are acceptable, so it is a complicated process. I don’t think these questions can be solved by bombing Iraq. As we know, the British and American air forces are already carrying out air raids, unfortunately, without results. But we should understand what we are trying to achieve. If our goal is to be satisfied that there are no weapons of mass destruction in Iraq, we should move towards that goal. I repeat, we have a proposal: Iraq should allow international observers to visit its sites, and in exchange sanctions against Iraq should be lifted. If we find such a solution I think many questions will have been closed.  Yes. We will not only try, we are already actively pursuing these consultations with our European partners and with the United States. It is a myth, it absolutely does not correspond to reality, it is a case of fiddling with two concepts. We have military-technical cooperation with Iran and we sell arms to Iran. But we sell conventional weapons. We have never sold Iran any hardware or any information that could help them build nuclear weapons or missiles, let alone weapons of mass destruction. We have projects in the field of nuclear energy, the United States has similar projects in North Korea, for example. It has nothing to do with the creation of nuclear weapons. We are categorically against the transfer of any technologies to Iran that could help it develop nuclear weapons.  Some reports claim that Iran is trying to create weapons of mass destruction. First, this needs to be confirmed. And second, I must say that the international community as a whole should look at this problem without mutual accusations of violating the non-proliferation system and, by building up trust, we should together prevent such developments. We should be aware of how much the world has changed. The region has another country, Pakistan, which definitely has nuclear weapons. Who helped Pakistan to obtain nuclear weapons? We know how volatile the situation is there, we should all support General Musharraf who is trying to control the situation in the country, but in any case it cannot but worry us.  What is the point I am trying to make? We should try to stop bickering over the issues of non-proliferation. We should understand that it is one of the main threats of our time, one of the, perhaps, main problem of our times. And by building up mutual confidence we must establish the kind of cooperation that we have in some other areas of joint activity, for example, in the fight against narcotics. There, our specialists are working together very effectively. I am sure that we will manage to achieve the same effectiveness on non-proliferation.  I don’t think that is possible. And as far as I know, the analysis of the material in the United States proves beyond reasonable doubt that it could not have been produced in the Soviet Union, let alone Russia. And secondly, the materials of this kind are securely guarded in Russia, as indeed they were in the Soviet Union. I rule that out. Yes, I think it applies to anthrax and to smallpox. Moreover, I would like to tell you that we are in contact with our American partners and we have no contradictions there, we exchange information on the issue. Any information that could be of interest to our American partners is passed and discussed by our specialists and analysed. As I said, we see cooperation with the United States in general, and in particular over the fight against international terror not as a passing campaign. We believe that we must be partners and perhaps even allies with the United States in many areas of activity, and as regards support and help to the American people in fighting that evil, there can be no doubt about it. We will do all we can. Moreover, the American side has been sounding out these possibilities and our experts are working with their American partners, and this work will continue in a very hands-on way. I was not described by people, I was described by the press. And people drew conclusions from that information. But the press seems to have overlooked quite a few years of my life. Apart from working with the state security bodies of the Soviet Union, the intelligence agency, I have worked at Leningrad University as vice rector, and later I worked at the Petersburg (Leningrad) legislative assembly, and I worked as deputy mayor of Petersburg for six years. I worked on the President’s staff for a long time, for several years, on the staff of the First President of Russia – all this was passed over unnoticed and forgotten because it was not interesting. The public was fed “juicy pieces” of information for which there is more appetite, so they created such an image. I am very glad that as a result of my activities my image is changing. We have a saying that one should judge a person not by what he says about himself, but by what he does. I think that the change of the perception of the Russian President is based on the practical actions of the Russian leadership.  I did not say that, that is what the psychologists from the Foreign Intelligence Service of the Soviet Union, where I worked, said. But so far it hasn’t been a hindrance. It is for her to judge. It never pays to argue with a woman. You know, I find it strange that you say I had a difficult childhood. It may appear so to people who lived in affluence and who enjoyed all the benefits of modern civilization. I did not have such opportunities, but I never felt disadvantaged or miserable. Basically, I had the same kind of childhood as millions of Soviet – now Russian – citizens, perhaps even a better childhood in some ways. The main thing was not the material everyday conditions in which I lived, the main thing was the moral conditions. And what mattered was that everybody had affection for me. My parents were very fond of me, I have always felt that, and I am very grateful to them for that. And that sense of affection was the main element that shaped my character. That is not a secret: frankly, I was influenced by literature and films. I did not just want to be a spy, I wanted to be useful to my country, and the profession of an intelligence agent involves risks and an element of romanticism. All that prompted my decision. Besides, it required some intellectual effort on my part: I had to enter university and to learn a foreign language, and each time it was a challenge to me. I always set myself tasks and solved them and that filled my life with a certain positive content. In general, I try to have no regrets, and as a rule I don’t regret anything. I must say I don’t regret that either. If I had my time over again I would have done the same. There is nothing about my previous life that I have to be ashamed of: I was a fairly successful intelligence officer and worked for my country all the time.  No. In general, my work was more of an intellectual character: gathering and analysing various sorts of information, mainly of a political character. Moreover, I joined the security agencies in the mid-1970s and before that I had graduated from Petersburg University where I read law. Not an intelligence special school, I finished that later. But my basic education was acquired at the Law Faculty of Petersburg University where some of our professors had worked before the 1917 Revolution, and some of them were of a venerable age. It was and still is a very good European law school. Unfortunately, some of my former professors now live and teach in the United States. So, when I joined the intelligence service I had a certain background and a certain worldview. Besides, in the mid-1970s things were nothing like they were in the Soviet Union in the 1930s, in 1937 when there were mass reprisals in the Soviet Union. Nothing like that was happening in the 1970s. It was even hard to imagine that anyone could have issued an order for an extrajudicial execution — that was simply impossible in the 1970s. So, thank God, nothing like that happened to me.  The main thing that sport taught me was to respect my partner. You know, frankly, I wouldn’t like to go into that because if I were to speak about my philosophy and the ideas that guide me, it would mean yielding to you and opening up, like in a confession. But I must say that the main ideas and the main principles that form the basis of contemporary morality – these are the ideas that guide all decent people, including myself. To begin with, I had a wolfhound. Unfortunately, he died, he was run over by a car and we were all very miserable because it was a very kind wolfhound. It was a very powerful dog, formidable-looking, but very kind, it had a very good disposition. I can’t say that I am crazy about the little poodle; it’s my children who are mad about poodles. We have two poodles, a boy and a girl, and they are the dogs of my children and wife. But I have another dog, I have a black Labrador, and with the Labrador it is a case of mutual love.  Most probably yes, unless something happens. Anyway, Mr President has invited my wife and I, and I will come with my wife. You know, our tradition differs from the American one. Perhaps because of this or because of her mindset, my wife does not seek to occupy a public position, and anyway, it was not she but I who has been elected President. But she is a very active person. She is a philologist by training and today she pays much attention to supporting and promoting the Russian language. I think it is a very good cause and I try to help her and support her to the best of my ability.  We are worried about the situation for several reasons. First, the attitude of Russia to the problems of the Middle East is cardinally different from the attitude of the former Soviet Union. As you know, in former times the Soviet Union restricted foreign travel. In general, a totalitarian regime tends to isolate itself, and those times are long gone. We see our citizens – those who live on the territory of the Russian Federation and those who have left and live abroad, we include them too – as an additional human and intellectual resource. Almost one third of the population in Israel comes from the Soviet Union or Russia. And we are not indifferent to the fate of these people. Many of them are on the battle line in Palestine, it is no secret that many of them have died and this worries us. And these are people who have not just left the Soviet Union or Russia: they are native Russian speakers, they grew up in the Russian cultural tradition, these are people who have relatives and friends here and frequently visit Russia. So, I repeat, we care about their future.  On the other hand, we have always had traditional ties with the Arab world and with Palestine. We have no problem with recognising the Palestinian state, which was done de facto before me. We believe that this unique combination could help bring about a settlement. Anyway, we are ready to play any mediatory role that could facilitate a resolution to the conflict.  There is no other alternative except an immediate end to violence and the resumption of talks. We very much hope that our joint efforts will bring the two conflicting sides to such a situation. There are resolutions of the United Nations to that effect and we must comply with them. In general, if there is to be peace in the region, lasting peace, all the peoples living in that explosive region of the world should not feel infringed, on the contrary, they should feel comfortable. I think this is what both the Israelis and the Palestinians want.  No, I don’t think that corresponds to reality, it is a myth. One can imagine that somebody had tried to sell some nuclear secrets, but we have no documentary proof of such incidents. As we said when we discussed the problems of nuclear non-proliferation, I think it is one of the biggest challenges of our time, and we must pool our efforts to prevent proliferation, possible proliferation of nuclear technologies, weapons of mass destruction and so on. We discussed this topic repeatedly with President Bush and of course we will continue the discussion. It is the key question of our time. [Speaking in English] This is difficult to me. I hope that the visit to the United States will be helpful to all American people, to us, to Russia, to both countries. Thank you for your questions."
2001-11-10 00:01:00,Transcript of the Meeting with Moscow Bureau Chiefs of Leading US Media,"The Kremlin, Moscow",[],"Good evening: I am very glad to see you and to welcome you at the Kremlin. On the eve of the official visit to the United States I would be glad to answer any questions that interest you. I wouldn’t like to waste time on general introductory words and I suggest that we get down to business at once. You are welcome to ask your questions. First, regarding our vision of the results of the joint fight against terrorism and what we would like to see as the result of our joint activities. First of all we would like the results of the joint Russian-American fight against terrorism to be positive so that terrorism is eradicated, destroyed and liquidated not only in Afghanistan, but in the whole world, so that the conditions that breed extremism of various types be eradicated, so that the channels of financing extremism in all its forms be destroyed and so that the citizens of our countries feel secure. And finally, as the upshot of our joint work we would like to create a new relationship between Russia and the United States that would enable us to cooperate in all the other areas. We would like to create a new quality of relations between us. And of course we would like to see the United States as a reliable and predictable partner. That ultimate objective is far more important, I think, than gaining some immediate material benefits. As regards the threat of international terrorists to use weapons of mass destruction, we have already faced them in the Caucasus. As a rule, such threats are made and used to provoke fear and uncertainty among the population and to influence the leaders of countries that are fighting terrorism.  In the Caucasus so far it has boiled down to the use of homemade devices which might have had a negative environmental impact. Yes, such attempts have been made, although they have been ineffective. I think that in that sense the man you have named is little different from his disciples who are operating in the North Caucasus in Russia. But I wouldn’t like to exaggerate the danger. Nor would it be correct to underestimate it, especially since we know about bin Laden’s links with some radical circles in Pakistan, and Pakistan, after all, is a nuclear power. And of course in this connection we should give every support to General Musharraf in his effort to consolidate the public forces in that country, support his bid to make Pakistan part of the international effort in the fight against terror.  I don’t think I will divulge a big secret if I disclose what I told President Bush at our last meeting in Shanghai. I told him that our position indeed used to be tougher, especially when we were engaged in a dialogue with the previous US Administration. I will repeat it and say absolutely frankly: indeed, it was so, because we proceeded from the basis that we would conduct a serious dialogue with the man who would be in the White House over the next four or perhaps eight years. It is very pleasant for me and for all of us that the man is President Bush with whom we have built up a very good personal relationship. And today we say that we are ready to discuss the parameters of the 1972 Anti-Ballistic Missile Treaty, but first we must have a statement of the American position: what specifically do they propose to change? What specifically impedes the program the US Administration has conceived?  And we said, and I stressed it in my talks with the American President, that we think it would be right to consider defence systems alongside offensive weapons because these are two sides of one coin. We are pleased to note that our links today are marked not only by the good personal chemistry between the two presidents but also by the wish to find a compromise. We know the President’s proposals today and his opinion that offensive weapons can and must be reduced. That is already a compromise, a compromise in the right direction.  Politics is all about the art of compromise. We are also ready for compromises, the question is what we are going to be offered for discussion and what compromises we are expected to make. We should know it from the specific proposals of our American partners, and it should be determined by specialists: lawyers, military experts and diplomats. After several variants have been proposed it will remain for political leaders to choose between different options that may be worked out. And I am very optimistic that they can be found.  As regards a possible increase of the Russian contribution to the counter-terrorist operation in Afghanistan I will remind you of what we are doing today. We have offered our air corridors for the flight of American planes. We provide intelligence, and I assure you, it is very valuable intelligence. We have agreed positions with our partners and allies in Central Asia on assisting the United States. We are rendering tens of millions of dollars worth of military-technical aid to the Northern Alliance.  We have very close contacts with the legitimate and internationally recognized government of Rabbani. I assure you that they are not confined to the supply of weapons — we are helping them in many other ways.  As I have said, we are ready, if the need arises, to help rescue American citizens and American crews if, I repeat, there is a need for that, including our current opportunities on the territory of Afghanistan, wherever we can do it.  And there is another circumstance and another field of activities that cannot be passed unnoticed. We are conducting a land operation against international terrorism in the Northern Caucasus. The problem of Chechnya is far more complicated than simply the problem of international terrorism, but it is a fact that international terrorists are present there.  Various countries have contributed a thousand or two thousand troops to the land operation. We in the North Caucasus have now lost more than three thousand of our troops, and this is not hot air or propaganda: by now about 500 mercenaries from Arab countries have been destroyed. Our special services have lists of identified people, and that list runs to more than 100 names, with another 300-odd names in the process of being identified.  According to our data, there are between 500 and 700 mercenaries from various Islamic countries fighting there, many of whom harbour plans to come back to Afghanistan, and some of them have come to the territory of the Russian Federation from Afghanistan in order, as they themselves, say, to kill Americans. Our Armed Forces are containing that potential. As soon as we loosen up, they will instantly be in Afghanistan and will be up to what they are doing in Russia’s North Caucasus.  And I have to correct the interpreter, they are speaking not about killing American servicemen: radio intercepts made by our special services speak about killing Americans, and I have shown these documents to President Bush at our last meeting in Shanghai. That is the first point I would like to make.  There is one other thing we should bear in mind when speaking about Afghanistan. First, I would like to note that the events there are developing exactly as we have predicted. Unfortunately, we cannot set a solid barrier to the moving of these fundamentalist forces in the North Caucasus and Chechnya. In general, I think that our special services would be ready to pass on the lists of persons who have emerged from the North Caucasus via Georgia and Turkey and are preparing to move to Afghanistan. We have the list of their names. As regards the development of the situation in Afghanistan, I must repeat that it is basically developing according to the scenario we had foreseen. At present, as we see, the Northern Alliance has launched the planned operation, in fact it is taking the whole northern part of Afghanistan under its control. I repeat, that is how we envisaged the situation. This is what we agreed with President Bush and this is what I was discussing with the leadership of Afghanistan, the Islamic State of Afghanistan, when I stopped over in Dushanbe en route from Shanghai. And of course we should bear in mind past experience when we speak about Afghanistan’s future, including the negative experience of the Soviet Union. It is often said that the Soviet Union was defeated in Afghanistan, but if we take a close and professional look, putting propaganda aside, at what happened in those years in Afghanistan, we will see that the Soviet Union did not suffer a military defeat: it achieved all the military objectives it set itself. But some unpardonable political mistakes were made. The military results were such that even after the complete withdrawal of Soviet troops from Afghan territory – and the withdrawal was carried out with exceptional skill from the military point of view – the Najibullah regime held out for three more years. That is a long time in such an unstable country. The political mistake was that the Najibullah government did not have broad support among the political forces and all the ethnic groups in Afghanistan and also had no broad international support.  But the former Soviet leadership could not but make that kind of mistake. That mistake was predetermined by the ideological split in the international community. Thank God, that split no longer exists, and we are able to neutralize that mistake, we are able to avoid such mistakes. Herein lies the main value of the international anti-terrorist coalition.  As for the weapons of mass destruction that terrorists in Afghanistan might have, I have already said that in my opinion this is unlikely, but of course we cannot ignore the fact that they could get hold of weapons of mass destruction. But in any case these could not come from the Soviet Union or Russia, I am absolutely sure of that.  And I think that is another benefit of the state in which the civilized world and the whole humankind find themselves after the end of the Cold War, and this is the main benefit. In fact, the present state of affairs gives us hope that the leaders of the main countries of the world, including President Bush and myself, will manage to create conditions in which people would feel much more secure than yesterday or today.  There are many questions that are of considerable interest to us. The first of these is of course the problem of international security with due account of the national interests of the Russian Federation. Then there is economic cooperation on terms that are at least standard and non-discriminatory. As for NATO, that is a separate topic. That organization was created as a counterweight to the Soviet Union, which no longer exists. And at the time of the break-up of the Soviet Union it was necessary to understand that the very nature of NATO would have to change. I pity the person who does not understand it because he is behind the times. The people who don’t understand it will of course make mistakes and are in fact making them.  We proceed from the assumption that NATO is a serious part of present-day international realities and we seek broader cooperation with NATO. I think the body that has been created – the Permanent Council, the so-called PJC – has on the whole been useful at a certain stage. But today this body is totally insufficient for changing the quality of relations between Russia and NATO.  I think everybody understands that we will act effectively, vigorously and persistently in pursuing goals and tasks that are worked out with our participation. And if we don’t take part in working out these goals, then it is natural that the Russian Federation will behave accordingly. I think that is clear to any person and any country.   One of the first questions was about our participation in the fight against terrorism in Afghanistan. We have declared our support of a quality and on a scale of support that has never happened before, and that was hard to imagine. But I can say that we can consider enhancing our mutual efforts, but that would depend on a change in the quality of the relations between Russia and the leading Western countries, on our relations with the Untied States and of course with NATO. We are talking about the fight against terrorism. But there are other modern challenges just as dangerous, and they have been mentioned here. One of these problems is the proliferation of weapons of mass destruction. I think it is no less important than terrorism and it is at least as dangerous, perhaps even more dangerous. It is not by chance that these two topics have been repeatedly linked during this conversation here. But today anyone, even the most ordinary person, understands that we can only effectively counter these and other threats and challenges of our time if we pool our efforts. And we can only pool our efforts effectively if we raise the bar of trust in each other, and raise it qualitatively.  And I think that not only Russia is interested in a qualitative shift in our relations with NATO, I think our Western partners – the United States, other key NATO countries and the organization as a whole – are at least as interested in it.  To tell you frankly, I have very general ideas and I am not ready to formulate them now. I think President Bush and the British Prime Minister Tony Blair, with whom we have talked about it, and some other leaders of key NATO countries, have very promising new ideas.  As regards the possible accession of the Baltic States to NATO, I have this to say: what was NATO created for in the first place? It is a defensive organisation; it was created to enhance the level of security of at least its member countries. If you go out into the street in New York, Washington, Paris, Berlin or Rome and ask any passer-by whether he thinks his country and he himself will be more secure after the admission of the Baltic states to NATO, the answer will obviously be no. I am absolutely sure that whatever my colleagues from the Baltic countries may say, it will not enhance their own security, although of course every country has the right to choose and has to make its own choices about security, and nobody is challenging that.  But if we think in new terms, and not in the terms of the Cold War, we will have to understand and determine what threatens us today and how we can counter these threats. Once we understand this, we will promptly conclude that the character of the organization should change, that Russia should become involved, because Russia is one country that can make a substantial and real contribution, alongside all the others, to international security, including that of key NATO countries. We are ready to work on this with our NATO partners, we are working and we have grounds to think that considering the positive attitude of our partners, we can achieve positive results. Mechanical expansion of NATO without regard to the national interests of Russia – I don’t think that is a move in the right direction, which is why we object to it, of course.  Do you remember what a Soviet leader said: “Of course Somoza is a son of a bitch, but he is our son of a bitch”? I think I am mistaken, though. It wasn’t a Soviet leader, it was an American leader, but let us not delve into history. I don’t think it was a sound thesis. There are no sons of bitches among our partners, but each country has its own history and its own history of relations with Russia. Russia has changed greatly during the past decade. Of course, our relations with these states have also changed; those who don’t see it simply don’t want to see it. But we are not going to neglect any positive aspects of interstate relations.  In general, one should treat one’s partners with respect. It is only when you look from the outside that you may feel that this or that country could easily accomplish something, but when you become immersed in the problems of this or that state you find that things are not all that simple. And behaving like a bull in a china shop is not the best way to behave in relations between states. The biggest mistake would be to try to isolate some country from the international community. That is true of any country, including the countries you have mentioned. We do maintain relations with all these countries, and they are different with each of them, and they are absolutely open, we are not concealing anything. Indeed, as you know, we are in constant contact with our partners in other countries, including the United States.  As regards North Korea, it is a country with which we have a common border, it is our neighbour. There are a lot of Koreans living in Russia. Like the United States, we want peace to come to the Korean Peninsula and conditions for a positive development of the country, and the Korean nation to be formed. As you know, I visited the DPRK before the Okinawa Summit. And I must say that my observations and meetings with the North Korean leader and the information that I shared with colleagues in the G8 met with a positive reaction and with great interest. Moreover, I for one believe that it largely contributed to the development of Korea’s relations with some states: with Canada, speaking about the Western Hemisphere, and with some European countries. Drawing North Korea into global processes, I think, is a very positive trend.  As far as we know, the US State Department is also seeking to promote relations, including with North Korea, it is actively involved in the inter-Korean dialogue and I think that Russia can play a very positive role there. As for Iraq, Russia has its opinion and its approach to the situation in that country. Russia’s position is anything but one of confrontation, and it does not run counter to the opinion of the international community, or of the Western community as to how that situation should develop. In fact we have common goals. The main goal is to make sure that Iraq has no weapons of mass destruction, that it is not producing them, is not planning to produce them and so on. And that is also what we want; we share a common goal. The question is how to achieve that goal. By tightening sanctions? I don’t think that tougher sanctions against a country, even against the political establishment, are always effective in relations with any specific country. We may differ in our approach and I think the Russian approach has much to be said for it. Because what we propose is to get the Iraqi leaders to allow international observers to visit the facilities of interest to the international community, on the one hand, and to lift sanctions, on the other hand, but I must say that unfortunately we have still been unable to agree on that issue with the Iraqi leadership, so it is a fairly complicated process. As for Belarus, that is a special situation. We all understand that it is a republic of the former Soviet Union with which we have a special relationship. The people in both countries – Belarus and the Russian Federation – would like to see united state structures built up, and it would be folly to ignore that wish. The Belarusian and Russian people are very close ethnically, culturally and linguistically; they have to a large extent a common history and share great mutual sympathy. As regards the description of the 1972 ABM Treaty as the cornerstone of international security, we still think so. Why do we think so? Because a whole system of other agreements in the sphere of international security is linked to the ABM Treaty. In that sense Ivanov’s position has not changed, I assure you, because | know his position well. True, we have several Ivanovs, but nor has the other Ivanov changed his position, either. This is not to say that we do not recognize the legitimate concerns of the US Administration about the future of the international security system. President Bush has agreed that offensive and defensive systems can be considered together. He has done more, because he now says that the United States is ready to cut offensive weapons. For our part we are ready to look at the problems the United States faces in developing its anti-missile defence system, but I repeat, first we must have a statement from our American partners of their position in military-technical terms, and so far there has been no such statement. We see that one can work toward an agreement with the US Administration and we are ready to walk our part of the way, only we must know what they want from us in the military-technical sense.  As regards concrete agreements, we have various proposals as to what results we could achieve with President Bush. But with your permission I would like to say it to him personally and not through your newspaper, much as I respect it.  Domestic consumption of oil and derivative products in this country routinely increases in winter. In America, as far as I know, it drops a little bit because there is less air conditioning, but we are a northerly country and in winter demand for fuel oil and other petroleum products goes up, so we have no need to take any measures to cut exports, they drop naturally. That is one thing. We are coordinating our actions with OPEC, but we are not members of OPEC. Our coordination consists in keeping a close eye on what is happening and having consultations. But, I stress, we are not members of OPEC. As for oil prices, our position is as follows. We favour what we call a fair price corridor. We believe that the corridor that OPEC indicated is fair. It is in the band between 21 and 26–27 dollars per barrel. That is a corridor of prices that would enable consumer countries to develop effectively and the oil-producing countries to address their economic and social problems.  As for the impact of oil prices on the Russian economy, it cannot be denied. You know that this is not a recent phenomenon, which we have created, it has been created by the whole history of economic development of the Soviet Union. I find it hard to disagree with those economists who think that after the Samotlor oilfield was discovered we lost the incentive to develop our economy. The Soviet Union started living off petrodollars, and there were probably more minuses than pluses for the development of the Soviet economy. Today 40% of hard currency earnings come from the sale of oil and its products, so the degree of dependence is high, and it is not so much the economy as society that depends on it. As you all know very well, in the last ten years, unfortunately, little was done to restructure the Russian economy to make it less dependent on the energy sector and to make it truly modern and effective.  But as is well known, in the last year or year and a half much has been done to wean us of that dependence. Revolutionary changes have been made in the tax sphere, in fighting red tape in the economy, and other market laws have been passed which, I think, gave a good impetus to development. The 8.3% growth of GDP last year was not only due to oil prices: the greatest contribution to growth was made by light industry.  I don’t think that a drop in world oil process would have a serious negative impact on our economy because the budget is based on a worst-case scenario of oil price dynamics. But if prices continue to decline and drop below the lowest limit assumed in the budget, well, we will have to take additional measures, improve management and improve other performance indicators. Still, we intend to continue liberal reforms and, if necessary, we will work with international financial institutions. At present, as you know, we are repaying our debts to the International Monetary Fund ahead of schedule. In general, we are not panicking over the issue, but we do feel some concern, we are thinking about it and we are looking at various scenarios. We continue to develop the energy sector and we are actively cooperating with our American partners there. You will know that Exxon Mobil decided to launch a 12-billion dollar investment project, between 12 and 15 billion, and the total outlays on the project may be up to 30 billion. I think that is a very sound decision from the economic and political points of view, because the world economy must diversify risks and have multiple sources of energy. Russia in its present shape can well solve such problems.  First, about the incentives for cooperating with America. These are not about gaining some kind of benefits here and now. These are not tactical motives. Of course it takes two to tango. And of course we expect the United States to really change its policy with regard to the Russian Federation. Judging from what we hear at present, that is possible. But the reaction is not the most important thing. We are making decisions on international issues not because we expect approval from the United States or some other Western countries, but because we believe that the steps we are taking meet the national interests of Russia.  Some people believe that in the future the Russian Federation may become a rival of the United States, but then all countries in the world are rivals. And if somebody thinks that Russia may again become an enemy of the United States, I think these people don’t understand what has happened in the world and what has happened to Russia and what kind of country it has become.  What the Russian leadership is doing today is prompted not only by its political philosophy. Russia’s actions are prompted by its domestic situation and popular sentiments.  The most important thing is that the overwhelming majority of the Russian population wants to see democratic institutions function effectively. The vast majority of the Russian population wants to live in the context of a social market, wants itself and the country to be a natural part of modern civilization, wants to see this at both the interstate level and at the everyday, personal level. People want to freely travel in the world; they want to enjoy all the benefits offered by a normal modern democratic society.  But that does not mean that Russia has no national interests. Every country has them. Even if you take the NATO countries, all of which are members of a single defensive bloc, don’t these countries argue among themselves in seeking to defend their national interests? And take the countries of the WTO, don’t they have ongoing problems in the sphere of the free market and free movement of goods? There are a good many such situations arising in international relations. The Russian Federation will of course clearly formulate and uphold its national interests. But I think the time is gone when we believed that we should do it through confrontation, those times are long gone.  And if you look at the modern challenges, it becomes clear that the Russian Federation can be an effective partner, if not an ally, of the whole civilized world, including the United States, in neutralizing the threats we face today and may face in the near future. That is a fact. I will begin with the second part. We have no information to the effect that the terrorists operating in the Russian Federation, including the Chechen Republic, have any connection with these terrorist attacks. All we know is what you know yourselves: the people suspected of committing the crimes on September 11 told their relatives that they were going to Chechnya. But what we do have – it is an established fact and it is not challenged by the special services of the United States – is the link between some international terrorists operating in Chechnya with international criminal terrorist organizations, including bin Laden’s al-Qaeda. That is for certain. These are people practically from the same organization. They were trained together in the same terrorist centres, they consider bin Laden to be their teacher – he trained them at his bases in Afghanistan – and they fought the Soviet troops in Afghanistan together, and so on.  At the time Russia withdrew from Chechnya, as you know, it happened in 1995, more than 2000 insurgents, militants had been trained on the territory of Chechnya at the most conservative estimate. They later took part in conflicts in some other trouble spots around the globe: in Kosovo, Kashmir, Sudan and Afghanistan. It was a single system, a single network, as it were, and it is hard to distinguish between where the centre is, and where its branches are.. They are the same people, they know each other very well, and they have the same sources of financing. That is not a great secret either, and we have passed this information to our American partners. We have a rough idea about who finances whom and from what sources. This is not a secret, or at least it is no longer a secret.  As regards the information on the possible movement of bandits to Afghanistan from the North Caucasus, this is simply accurate operational data. I repeat, we even have lists of the names of persons who are being sent to Turkey via Georgia. We even know the reaction of the Turkish authorities. I don’t want to go into detail because, frankly, this is not quite the President’s level, although we are aware of the nuances of the talks between official Georgian and Turkish representatives on this matter. You have asked me about their intention to move to Afghanistan. But I have nothing to add to what they say themselves, and what they say is: “Enough fighting here. We will be back in two or three years and finish the job here, in Chechnya and the North Caucasus. But for now we are needed more in Afghanistan.” And they are simply looking for ways to get there. That’s all. And of course it is difficult considering that our troops and special services have sealed the borders tightly.  We’ve gone too far. We should have stopped at a certain point. We didn’t realize that it was time to stop. You know, what was important in the former frame of reference is becoming irrelevant in many ways today. If Russia becomes a full-fledged member of the international community it should not and will not be afraid to see its neighbours develop relations with other countries, and that applies to the development of relations between the Central Asian states and the United States. First, they are independent states. Yes, of course, we have traditional links, we mutually influence each other, they influence the situation in Russia and we, I think, can influence the situation there because of past history, but I repeat they are independent states and they make their choices independently. Of course, in determining policy and the position we have taken together in support of the United States, the Russian position is important for them and their position is important for us. Many Russians live in these countries. We are greatly interdependent in economic terms. And of course what is taking place there is a position that we have all agreed upon, Russia and our Central Asian partners.  If we continue to work out our foreign policy guided by old fears, that policy will be no good: the United States will have problems with international terrorism, and we have already witnessed extreme manifestations of that. We should promptly react to everything that happens in the regions of the world which have effectively been occupied by fundamentalists and the people whom we call radicals, and Russia and the Central Asian countries will face similar problems. So we must realize that if we want to get rid of this we should all cast aside the old fears, trust each other more and act together and effectively.  The same applies to economic cooperation in developing various fields, if you are interested in concrete matters. If Russia becomes a full-fledged member of the international community, while upholding its national interests in that sphere, it may derive benefits from such cooperation, for example, from our joint work on the Caspian Pipeline Consortium, which we recently completed together with our American partners, or the development of the oilfields on Sakhalin. I have already mentioned the project that we are working on with our Indian partners and with Exxon Mobil, I mentioned that company’s investments earlier. At the end of the day, if there is more trust and cooperation, both the United States and Russia stand to gain.  What is the alternative to this kind of policy? It is precisely what you said at the beginning of your question: continued rivalry, and you know the results of rivalry. The United States created or at least did nothing to prevent the creation of the Taliban while opposing the Soviet Union. The Soviet Union has also done a good many “favours” to the United States by supporting all its rivals and enemies. We forgot that sooner or later these things would get out of control. As a result international terrorist training camps sprang up in Afghanistan, and terrorists are regularly sent into the Russian Federation and Chechnya, and the United States faced an unprecedented terrorist attack on Washington and New York on September 11.  I think we should put an end to this folly, and I have a feeling that President Bush and I can do it.  It is hard for me to say to what extent the top Georgian leaders are involved in it. That it is happening with the connivance of the authorities is not open to question. As of today we know for a fact that many wounded militants are getting treatment in Georgian hospitals, including the main military hospital of the Georgian Army in Tbilisi. And anyway, how can you imagine groups of militants numbering several hundred people moving freely from one part of Georgia to another, I mean, of course, from the Pankisi to the Kodori Gorge, crossing the whole country? It is simply impossible to do so secretly. All this gives grounds for thinking that certain circles in Georgia at least connive with international terrorist activities on their territory. Yes, we have repeatedly discussed this topic. And when we raise these problems we hear in reply: “Yes, we know very well what terrorism means.” “We remember, they say, international terrorists killing Georgians and, forgive me for such details, playing football with the heads of murdered people. We remember all that.” They say one thing in private, but in public they say a different thing. For example, I was surprised when I heard from the Georgian President that he did not regard as terrorists some of the people who have been put on the international wanted list and who have many bloody crimes to their names.  I think an attempt to use any armed units, especially terrorist units, to solve political problems in any country, including Georgia, is a very dangerous way to solve internal political issues, an absolutely unacceptable way in international affairs and, most importantly, an absolutely futile way. That is how our experts see the attempt to use the militants who came from the Chechen Republic – and there are international terrorists and foreigners there – to solve problems in the relations between Georgia and Abkhazia. It is an absolutely futile and dangerous idea.  And that is, to put it mildly, not partner-like behaviour with regard to Russia because, without warning us, they posed a threat to us on a very serious stretch of the border, which at the time was poorly protected, in the area of Kabardino-Balkaria and Karachayevo-Circassia – and you know that that is within a few kilometres of the main Russian holiday resorts on the Black Sea. I don’t think our Georgian colleagues have behaved as partners should behave. But our latest contacts with the Georgian president give us grounds to think that he wants to cooperate and is committed to cooperation. I am absolutely sure that the problem which has arisen in connection with the presence of international terrorists on Georgian territory – and the presence of terrorists there has indeed become a problem for Georgia – can be solved exclusively through cooperation with other countries and above all, with Russia through close coordination of efforts in the fight against terrorism.  Thank you very much. "
2001-11-13 14:43:00,Joint Press Conference with US President George W. Bush,"White House, Washington",[],"Ladies and gentlemen, I don't know whether I would have an opportunity to address such a representative audience of the press and media. I would like to begin, anyway, with thanks to the President of the United States, not only for his kind invitation to visit the United States and Washington, but also for his very informal initiation of our negotiations earlier today. I and my colleagues are very pleased to be here, this historic building of the White House. And President Bush deemed it appropriate not only to tour me, to guide me through the premises of this house, where he lives, he showed me almost every picture hanging on the walls of this great building. It's not only very interesting, but it also changes for the better the quality of our relationship.  I would like to once again thank the President and the American people, and I would like to express our condolences in connection with the recent plane crash in the United States. As they say in Russia, tragedy does not come alone, which means tragedies always come in many numbers. I am confident that New Yorkers and all the American people would face this tragedy very bravely.  I would like to inform you that the Washington part of our negotiations is being completed and our discussions proved very constructive, interesting and useful and will continue at Crawford. But the preliminary results we evaluate as extremely positive.  This is our fourth meeting with President Bush in the last few months. I believe this is a vivid demonstration of the dynamic nature of the Russian-American relations. We have come to understand each other better and our positions are becoming closer on the key issues of bilateral and international relations.  We are prepared now to seek solutions in all areas of our joint activities. We intend to dismantle conclusively the vestiges of the Cold War and to develop new quality relations, entirely new partnership for long term.  Of course, we discussed in detail the subject matter of fight against terrorism. The tragic developments of September 11th demonstrated vividly the need for a joint effort to counter this global threat. We consider this threat as a global threat, indeed, and the terrorists and those who help them should know that the justice is inescapable and it will reach them, wherever they try to hide.  Also, post-crisis political settlement in Afghanistan was discussed. The most important thing for today is to return peace and the decent life to Afghanistan, so that no threat originate from Afghanistan to the international stability. Of course, we do not intend to force upon the Afghani people the solutions; it is for them to resolve those issues with the active participation of the United Nations.  We discussed in detail our dialogue related to strategic offensive and defensive weapons. Here, we managed to achieve certain progress. First of all, it has to do with the prospects of reaching a reliable and verifiable agreement on further reductions of the U.S. and Russian nuclear weapons.  Here I must say, we appreciate very much the decision by the President to reduce strategic offensive weapons to the limits indicated by him. And we, for our part, will try to respond in kind.  On the issues of missile defense, the position of Russia remains unchanged. And we agreed to continue a dialogue and consultations on this. I believe that it's too early now to draw the line under the discussions of these issues, and we will have an opportunity to continue the work on this – one of the very difficult issues at the Crawford ranch.  We also exchanged on a number of topical issues of international importance: the Balkans, Iraq, and we reiterated in a joint statement the resolve of the United States and Russia to facilitate settlement in the Middle East and the early resumption of negotiations between Israelis and Palestinians.  We also discussed seriously the development of relations between Russia and NATO, including, taking into account a changed international situation. We consider that there are opportunities for an entirely new mechanism, joint decision-making and coordinated action in the area of security and stability.  We considered in detail a number of economic cooperation issues. The Russian-American dialogue in this area has become recently more constructive and more tangible. Such major investment projects as Sakhalin I and Caspian Pipeline Consortium are gaining momentum. Successful is cooperation in the airspace, mining, chemistry, car building and other industries.  Direct contacts are expanding between entrepreneurs of the two countries, including within the Russian-American business dialogue. It is with satisfaction that we note a certain progress in issues related to the Russia's accession to the WTO. In recognizing Russia as a market economy country, and we've felt a great degree of understanding that such issues should be resolved, I mean, dealing with the Jackson-Vanik amendment, not de facto, but in legal terms. And in this context, our Foreign Minister Igor Ivanov and the Secretary of State Powell exchanged letters reiterating the resolve of Russia and the United States to observe human rights and religious freedoms.  Of course, the capabilities embedded in the bilateral relationship have not been fully implemented. Here like in other areas, we have quite a lot of things to do, but we are confident that the success is by and large predetermined by our resolve to cooperate energetically and constructively. That, and I'm confident, would benefit both countries. And which is reflected, also, in our visit to this country today.  Thank you.  All of our actions were aimed at liberating the northern parts of Afghanistan and the capital of Afghanistan, liberate from the Taliban regime. And any military action is accompanied not only by the military resistance, but also an information resistance. What we are witnessing right now, exactly. We tend to forget now the destruction of the cultural heritage of humankind like those Buddha statues. We tend to forget now the atrocities by Taliban. And we are talking less than usual of the Taliban harboring international terrorism. The information that Northern Alliance are shooting the prisoners of war was launched a few days ago. The Northern Alliance was not in Kabul a few days ago; they were liberating northern parts of the country.  And for those who do not know, I will tell, the northern part of the country is inhabited by the ethnic groups represented in the Northern Alliance, I mean, Uzbeks and Tajiks. It is very difficult for me to imagine them shooting their own population. I utterly exclude this. If there are any instances in the course of the military action of the violation of human rights and treatment of the prisoners of war, we must investigate and take action. But we need proof.  Talking of this, we should not forget the things that we see, the way people meet advancing Northern Alliance troops, liberating the cities and villages of the Taliban. Music plays, women are getting rid of chadors and burning them. And this, I would like you, ladies and gentlemen of the press, to pay attention to as well, because we all crave objective coverage.  Thank you.  President Bush is aware of that. And I would like to reiterate, he has an open invitation to visit the Russian Federation, with an official, working or a private visit, in any format, at any time convenient for him. I think the best time would be beginning of summer, during the so called White Nights — nights of midnight sun in St. Petersburg. Of course, the official part would start in Moscow in the capital of the Russian Federation. But as for the business part, I think that before that time, our advisors will continue working. And we, for our part, for the Russian part, are prepared to present all our agreements in a treaty form, including the issues of verification and control.  I would also offer a couple of words. Today, giving a rostrum to international terrorists would be equal to giving an opportunity to newspapers of the second world war times, an opportunity to print Dr. Goebbels' articles. This question could be termed in the following way: What is the limit and what is the measure of giving an opportunity to the terrorists and destructive element to use media in pursuit of their anti-human, inhuman, objectives? Let's look at this problem from various sides. Well, the thing is that the Northern Alliance did not take Kabul by storm. The Northern Alliance is looming over – has been looming over Kabul for a long time. That was our mutual agreement with President Bush. And suddenly they discovered, all of a sudden, that Kabul had been abandoned, and they had to insert their certain security elements to prevent looting and robberies and murders. There was complete lawlessness in that city and the situation had to be put under control and it was very difficult. It would be very difficult for us if we were to meet with the Northern Alliance leaders right now to tell them that they've negated their obligation. The city of Kabul was abandoned by Taliban. They were trying to preserve their manpower and their equipment, a very cunning move on the part of Taliban. Maybe, technically, their decision was right. But we should not be deluded on that score. Quite a serious amount of work is still ahead. They did not disappear; they just moved out of the city a few kilometers from there, and I am absolutely in agreement with the President on the need to follow the developments with a view to preventing abuses of human rights and maltreatment of the POWs. All this doesn’t mean the mission is completed although the line we agreed upon has been reached by now.  With regard to the possible redrawing of the spheres of influence, and the enhanced American influence in Central Asia, I would like to say the following: I am more concerned with the presence of the terrorist training camps in the Northern Afghanistan, who send guerrillas to the Caucasus – have been sending in the recent years. You know, after Ahmad Shah Massoud was killed, I had a very, very sad feeling. And I told President Bush that same day that perhaps some serious developments are in the making. That was prior to September 11th. Tis is not just a separate terrorist act, and this is what concerns me very much. If we look at the relationship between the Russian Federation and the United States from the old standpoint, distrust and the enmity, that's one thing. If we are looking through the prism of partnership and alliance, we have nothing to be afraid of. This is one thing.  Secondly, one shouldn't forget that both Uzbekistan and Tajikistan are independent states and decide, therefore, in policies independently, who cooperate with and at which level.  I am focusing my attention at another circumstance, and I related to President Bush quite frankly today. I can aw well repeat it now for you all. We just mentioned President Musharraf. We all should support President Musharraf. This would be the right thing to do. And we agree with this, and we accept this.  It is also true that American flags are being burned in the streets of the Pakistani cities; one should not leave that unnoticed. In Tajikistan and Uzbekistan, the Muslim countries, too, American flags are not being burned. Moreover, those countries cooperate, for the first time, so openly and so consistently with the United States and with the international alliance against terrorism. Being Muslim countries, with their own problems, none of them are squeaking or crying foul, they are trying to address their own problems on their own.  And in these conditions, the continued application of Jackson-Vanik amendment to Tajikistan and Uzbekistan, and so on and so forth, one wouldn't call it justified and just. We need to, and want to, build a new relationship in the new 21st century.  Thank you very much."
2001-11-14 00:00:00,Speech and Answers to Questions at Rice University,Houston,[],"Ladies and gentlemen, I sincerely appreciate the invitation to visit your University, the oldest in Texas and one that is at the cutting edge of science and education. I am glad to see all those gathered here. My special thanks of course go to the authorities of Texas and Houston, President George Bush Sr as well as Mr James Baker for organising this meeting.  When we met I was surprised to discover that Mr Baker remembers our first meeting. It took place in 1992 in St Petersburg. I was a fairly modest city official at the time, and Mr Baker was a very big boss. Nevertheless, he remembers that meeting, which is very pleasant for me, and another thing is that back then the US Administration led by Mr George Bush Sr paid attention to Russia and even worked in the regions. It worked in a direct hands-on manner with personal involvement and as we see all this has paid off. And for this I would like to thank the former and the current leaders of America. And of course, I would like to extend greetings from Texas to all the citizens of the United States of America. For Russian citizens Texas is not just a ”Lone Star state,” a romantic state that enthralls all those who know and love America (and there are many such people in Russia). It is not only a symbol of independence, nobility and the American quest for justice. For Russia, the south of the United States is an economically developed and wealthy region. A region with which our cooperation does not have to start “with a clean slate” because we already have much in common. This includes the oil and gas industry and the joint work in space research which is fast gathering momentum. Russian speech has long been heard at the Johnson Space Centre. We even have a shared holiday. It is April 12, the day when our compatriot Yuri Gagarin made the first spaceflight in the world. As far as I know the Texas Legislative Assembly has declared it to be a holiday. This is a special symbol to us and, I assure you, it gives us a special feeling for Texas.  I think even these facts provide an affirmative answer to the question that has long been relevant, but is now doubly relevant: do Russia and America need each other? It has now been brought home to us what being together means. We have started to invest this concept with new substance, to look for ways for a more productive and upgraded cooperation. So our relations should not be seen only through the prism of the events on September 11. Of course these events gave us a chance to make our bilateral ties long-term and genuinely friendly. Today political leaders have a special responsibility. They must not only provide an adequate response to the terrorist challenge, but reappraise the history and the logic of mutual relations between our countries and see how to build on them, what to rely on and what to try to achieve. In short, it is our duty to hear the “pulse of history.” And there, I am sure, the problem of confidence comes to the fore. People in our countries have not yet entirely got rid of the Cold War stereotypes, at least one has to admit that not all of them have. And besides, the experience of the past decade has not been wholly positive. So, people on both sides of the Atlantic expect one thing from our talks with the incumbent US President: they want us to find a common language on the problems which millions of people in Russia and the US and in the whole world look to us to solve. They expect political leaders in America and Russia to leave behind double standards, unnecessary suspicions and hidden agendas so that they initiate an open, direct and fruitful dialogue. The Cold War should not grab us by the sleeves any longer. Today much has been done for the relations between Russia and America to be built with due account taken of each other’s interests. We are learning to realistically assess the potential of our countries without exaggerating or underestimating it.  The possibilities for our constructive interaction are indeed vast. Luckily, they are not confined to the relations between governments. Contacts between non-governmental organisations, cultural exchanges and friendly ties between thousands of people – all this is our common capital. We should enhance and broaden it in all the spheres of informal cooperation.  The scientific community has a particularly great potential in this area. Only two countries in the world have from the start pursued a strategy of developing science across the whole spectrum. They are the US and Russia. The desire to generate knowledge, including fundamental knowledge, is a feature of both the American and Russian cultures. But the Russian reserves of fundamental and technological knowledge have not been fully realised. So, joint Russian-American research and development, in our opinion, have a big future. Especially since we already have an example of such successful cooperation — NASA. The interpenetration of our education systems is very important. They are organised in different ways, but each has proved to be viable and each is effective, has its own traditions and its own “taste” for education. Therefore contacts in this sphere will benefit children and parents and our countries as a whole.  Speaking to this audience, I would like to stress that creative contacts at the “grassroots” level, to use an American phrase, are sometimes much more fruitful than meetings of bureaucrats even at a very high level.  And we look to business to play an active role in shaping our new relations. We see a growing interest in the Russian market among American business circles in recent years. The change is amply justified. Today our country has everything for effective investment in the most diverse fields. I have every reason to say this with confidence.  First, Russia is maintaining a high rate of economic growth. Our GDP increased by 8.3% last year, this year the growth target was originally 4%, but in reality it will be about 6% – 5.7–5.8%. Industrial output has also registered steady growth. We think that it will come out at 8% at the end of the year. The favourable foreign trade conditions is only one reason. Internal incentives have appeared in Russia. One indicator is the work of our banking sector, which has increased credit to industry by more than 40%. Secondly, the legal conditions for business have noticeably improved. The number of licensed activities has dropped from 2,000 (the legacy of the planned economy) to 104. That is still a few too many, but we intend to take another step to cut down on bureaucracy and liberalise the Russian economy. Businesses will soon be registered on a “one-stop” basis, within a single system and according to uniform rules. A law to this effect will come into force in July of next year.  The new Land Code, whose absence has been a brake on the economy for many years, will undoubtedly have a positive impact on the investment and business climate.  Legislation has been passed to counter money-laundering. We have challenged the “black market” which has been eroding the country’s economy. We have supported legal business, and it has received extra protection.  Thirdly, the corporate governance of Russian companies is gradually improving. A corporate governance code based on world business standards has been prepared.  Fourth, also very important, and perhaps the most important thing is the easing of the tax burden, something that has been discussed in Russia for years (for a whole ten years) and on which very little had been done until recently. As of January 2002 profit tax will be cut from 35% to 24%. All the tax breaks are abolished, that is, Russian business is becoming more transparent. And I have no doubt that we will stick to this approach in forming the rules of the game. In the field of extraction of natural resources we have introduced one tax instead of three. Many in this room probably know that we now boast the lowest rate of income tax levied on private persons. It is the lowest in Europe, it is a flat-rate tax which does not depend on the size of income, and it is just 13%. And I must say that such a liberal approach had the immediate effect of sharply increasing the collection of taxes into the federal budget. Accession to the WTO is one of our priorities. We are deliberately synchronising this process with internal reforms. Having said that, we understand that this step would bring not only benefits but also additional obligations. We realise we have to do it within a short space of time and we are deliberately speeding up the negotiating process. Already we are preparing a package of laws that will fill the “blank spots” in terms of international standards and WTO rules.  And I would like to stress that we will seek standard terms of admission to the WTO. It is quite a complicated process, but of late, it has been making good headway, not without support from our American partners.  That the main direction of our efforts is the correct one is witnessed, among other things, by the positive start to the Russian-American business dialogue. Already “interest groups” are being formed here. Boeing has come up with an initiative for the aerospace sector. A round table of Russian and American hi-tech companies is in the process of approval. On the Russian side it is headed by Academician Velikhov, a scientist of world stature. And there are other instances of which you in Texas know, I am sure.  This year, ladies and gentlemen, the flow of foreign investments into Russia increased by 40%. It is still not much in absolute terms, but it is a significant growth in percentage terms. Unfortunately the US is behind Cyprus, Holland and Germany in terms of direct foreign investments. But while the flow of capital from the first two countries is simply repatriation of our own Russian capital, the strengthening of Germany’s positions indicates that Europe is interested in investing in Russian industry. We hope that America will be able to take up that challenge.  Russia already has many stable areas of the economy which today contribute towards overall security. I am referring above all to our energy resources. Russia remains a reliable and predictable partner, a supplier of oil and other energy sources.  There are already early “success stories,” as you say in America, in our bilateral cooperation. The construction of the pipeline by the Caspian Pipeline Consortium is drawing to a close. It is the biggest investment project in Russia with the participation of American capital. Several days ago the company Exxon Mobil announced the opening of the main investment phase in the Sakhalin-1 project, which envisages investments of between $12 and $15 billion, while the total expenditure on the project may amount to $30 billion.  In the automotive industry, joint production of a new off-road vehicle is being launched together with General Motors, and the Ford company is active in Russia. Pratt and Whitney is moving part of its production to a factory in Russia. And the same is true of some units produced by Boeing.  Businessmen are working independently, but we think that it is important for the Government of the Russian Federation to give them the necessary assistance. The new US Administration under President George Bush has similar intentions.  In this connection the issue of remaining trade and economic barriers is becoming crucial. These issues must be put out of the way. It is easier to move forward without the “ballast” we have inherited from the Cold War. I don’t want to enlarge on the subject, but you understand that I am referring to the Jackson-Vanik amendment, which is no longer in effect in practice. The US Administration pulls the plug on it every year, and it remains an odd symbol of confrontation.  We have already covered our part of the way towards overcoming old obstacles. And today we count not only on the constructive moves of the US Administration, but also on the support of US business circles in these matters. I am aware that there are many representatives of the aerospace and oil business in this room. We have long been cooperating in space. The International Space Station is 85% a Russian-American project.  We are strengthening the legal basis of the production sharing agreement regime to make investments in the oil industry still more profitable.  The scale of the opportunities that open up in extracting Russian oil and gas could keep us busy together for decades ahead. And I am referring not only to investments by American companies in Russia, but also to Russian investments in joint projects. Instances of this already exist. Ladies and gentlemen, Texan cowboys have the heels of their boots turned slightly inward in order to prevent mud sticking to them while working on a ranch. Cleanliness is an excellent symbol, including in international relations. Today people listen to what we say in meetings and official negotiations. But we will be judged not by our talk, but by what we do. Then it will become clear how clean our intentions are and how sincere our wishes. Nobody needs friendship and cooperation that exist only on paper.  Painstaking and hard work lies ahead for all of us. Here in Texas there are many true professionals who understand the value of the prospects of cooperation with Russia.  And in conclusion I would like to say this: Your risks in the Russian market today are much less than they were several years ago. This is obvious. There is much that brings us together, and we are very much alike. And when Mr Baker made literary comparisons about George Bush Sr and George Bush Jr, he was speaking about acorns and oak trees. But we also have a similar saying of identical meaning: “The apple never falls far from the apple tree.” I am absolutely confident that the baton which has been taken up by the incumbent President from his father is in a safe pair of hands and we can do much together with him for the benefit of the peoples of Russia and the United States.  Thank you for your attention.  The situation in Afghanistan is one of the main problems which has been the focus of these and the previous meetings with the President of the United States, including the meeting in Shanghai. You have noticed that after the Shanghai meeting I stopped over in the Tajikistan capital Dushanbe on my way back to Moscow and I had a meeting there with the leadership of the Northern Alliance. I set forth what is in fact a view we share with the United States on the situation in Afghanistan at the moment, and I set forth our common position regarding the future of Afghanistan. The gist of it is that the organisation that turned out to have links with international terrorism, the Taliban movement, has no place in the future leadership of Afghanistan. At the same time the future leadership of Afghanistan must have the broad support of all the ethnic groups in that country and the support of the neighbouring states and the UN. In principle, that position was accepted by the leadership of the Northern Alliance and it said it was ready to work with the international community, including Russia and the US. The events we are witnessing are no surprise to us, in fact we see the goals that we set ourselves being achieved. The first stage of our joint effort is liberating the north of Afghanistan, and then Kabul. These goals have been achieved. Of course, the problem of political settlement in Afghanistan is coming to the fore. Our strategic goal is to determine the country’s future, but at the same time I think President Bush has a point when he says that we must not slacken the direct efforts aimed at fighting those who are suspected of committing terrorist acts and are hiding in Afghanistan, and against those who are hiding them. Those who have pulled out of Kabul and are hiding in the mountains and other places are being pursued and I am sure justice will catch up with them. So at the moment, and I would like to stress this, the situation is under control. It shows that we are achieving the goals we set ourselves and we will go on working together and coordinating our efforts in this way.  NATO was created in a certain historical period and for certain goals: it was created to confront the Soviet Union, and I spoke about it at the meeting with President Bush in Ljubljana. I think it was in 1956 or 1957 that the Soviet Government proposed to the leading NATO countries to admit the Soviet Union to NATO. At the time the Soviet Union was turned down. I have read the notes on that issue. And the reasons why the Soviet Union was refused admission to NATO were spelled out: it was the totalitarian character of the Soviet system, and the problems of Austria and Eastern Europe. As you see, when you look at it in the historical perspective, pooling our efforts with NATO is not a novel idea. As you see, today there is not a single obstacle to prevent NATO and the Russian Federation from combining their efforts. NATO has become part of present-day reality. The organisation bears serious responsibility for maintaining stability in the world. We are already working with NATO at the Permanent Joint Council and we are prepared to expand cooperation.  Today threats that did not seem to be so substantial are coming to the fore. We know about this not only from the events of September 11, but in connection with the concern about the possible proliferation of weapons of mass destruction – not only nuclear weapons, but also biological and chemical weapons. And other threats are also emerging. One has to admit that NATO was not created for the express purpose of countering these threats. Today all the leaders of the main NATO countries recognise that if there is one ally that can make a real, tangible and substantial contribution to countering these threats, it is Russia. We are ready for broader cooperation with NATO, we are ready to go as far as the North Atlantic bloc is ready to go, with due account of course of the national interests of the Russian Federation.  We are discussing various options for broadening our cooperation, and some good ideas have been put forward. Anyway, those sitting in this room will agree with me that if we want a member of the international community to implement a decision consistently, persistently and effectively, that member should take part in working out the decision and feel responsible for implementing it. If we put in place a mechanism that includes Russia in the process of decision-making I think we will achieve a qualitative change in relations between Russia and the North Atlantic bloc. We are ready for that work and, I repeat, we are conducting very intensive and positive consultations, including with President Bush.  I think that yesterday’s remarks by President Bush and my remarks at the Russian Embassy in Washington show that we have prepared serious and important changes that match present-day realities. We have stockpiled a lot of weapons. Some cuts have been made, but they are absolutely insufficient. Let us think back to the tragedy of September 11, which is so terrible in this super-technological world. Strikes of this kind are painful, not to speak of the use of weapons of mass destruction. But we have thousands of nuclear warheads, we can destroy any big power several times over; today the US, like Russia, can prosecute a military conflict with the use of weapons of mass destruction simultaneously with all the nuclear powers. Even a madman would not contemplate such a development of the situation.  Of course, to reduce the danger of unsanctioned launches, and human-induced danger connected with nuclear materials we must seek to bring down the quantitative ceilings of strategic offensive weapons. President Bush announced yesterday the level to which the US is ready to reduce its arsenal, and I have to tell you that the Russian Federation has long declared that it determines these ceilings for itself. If we act jointly we will together make the world a much safer place than it is today.  You know, the land issue in Russia is not so much a legal and not only an economic issue: it is a very complex and emotional factor in the country’s life and has been for centuries. Lack of normal purchase and sale of land is a serious impediment to economic development. We have passed a law on the free sale and purchase of land in cities and industrial centres. That involves a small percentage of all land. The decision on the sale of agricultural land has been set-aside for the moment. This is because during the past decade a highly complicated system of lease relations has emerged and in my opinion, some mistakes have been made which have led to the creation of a large group of people who have rights to certain plots of land but have no opportunity to own, use or dispose of them, that is, they have not become real owners. The three elements of property – ownership, possession and disposal – have not materialised. But the piece of paper certifying that a person is the owner is there. This has created a very complicated situation and one should proceed very carefully to make sure that the people who hold these documents do not feel cheated. Experts are working out scenarios for a way out of this situation. But at the end of the day the market is the only correct answer. We will follow that path but – mindful of the historical conditions – we will tread warily. "
2001-11-14 00:02:00,Speech to Representatives of the US Public and Political Leaders,Washington,[],"Ladies and gentlemen, Dear friends, I am glad to meet and welcome you all on Russian territory. The Ambassador has just told me that, first, it is the pride of our Embassy because there is no other such hall in Washington, and second, that this hall has never seen such a high-powered delegation, such a representative gathering, so, first of all, I would like to thank you for coming and putting your business on hold in order to be our guests today. Thank you.  I remember well our first meeting with President George Bush in Ljubljana. We were nervous, which was quite natural, but most importantly we were ready for the dialogue, and the dialogue took place, we had a conversation that was very important for us and for our countries. We said then that the Cold War had receded into the past, that our countries were no longer each other’s enemies, and we said that the very nature of our relations was changing: they should be founded on common interests, common values and mutual respect.  But, let us be frank about it, at that time in Ljubljana these were just intentions. We thought that we had a lot of time for reflection and for making decisions, we did not yet know what America would experience and what all of us would experience. It is two months since the monstrous terrorist attacks in New York and Washington, but I and I think all of you still see the pictures of that tragedy in our mind’s eye. An unheard-of atrocity had been committed against the whole humankind, against each of us. And, as happened many times in human history, the greater the scale of the disaster, the more human solidarity and mutual help manifested themselves, the greater the heroism and courage of the people who found themselves in the eye of the storm. And I am proud that among them were Russian citizens and our former compatriots. I am proud of engineer Yevgeny Knyazev, a Russian by birth, who led 70 people to safety out of the building only to die himself under the debris. Special words of thanks are due to Russian journalist Yuri Kirilchenko who was helping to rescue people at the World Trade Center and was doing all he could until he fell down with a severe heart attack.  We have no right to forget about the victims of the terrorist attacks, it is our duty to take care of those whose lives are still in danger, and those whose lives are threatened by terrorism.  Today we know that not a single country in the world, not a single nation is ensured against that threat. Russia was one of the first countries to take on modern-day terrorism. We fought it alone. Now a broad coalition of countries has been formed which is ready to oppose that threat.  The terrorists wanted to intimidate us, to take advantage of the contradictions between states, to split the world and the world community. But in response they got our cohesion and our solidarity, I would say, unprecedented solidarity in modern times. Nor did they see the realisation of their expectations that the thirst for vengeance would force us to behave like they did and to use the same cruel methods. The antiterrorist coalition is not fighting any state or any people. It has no enemies other than terrorists.  The terrorists were trying to drive a wedge between the Christian and Muslim worlds and to kindle a “clash of civilisations”. But it did not happen either. Today all the countries in the Islamic world condemn terrorism. Our common enemy has no nationality, no religion and no civilisation. This is obvious for Russia: we have unique historical experience. Over the centuries both the Christian and Islamic cultures have been coexisting and developing in harmony on Russian territory. Considering this experience, we can say with confidence that there is no more urgent task in the world today than strengthening unity in the war on terror. What is needed above all are concerted actions by the law enforcement, customs and financial agencies, the special services, coordination of information policy, and that calls for a new level of interaction between the leading powers, for a full-fledged and efficient alliance.  Ladies and gentlemen,  The United Nations is called upon to play the key role in uniting the world community. That organisation is and will be what we, its members, want it to be.  First of all, it is necessary to seek strict compliance of all the countries with the UN Security Council resolutions aimed at undermining the material base and the infrastructure of terrorist activities. We propose to accelerate the drafting and adoption of a Comprehensive Convention Against Terrorism and an International Convention on Combating Nuclear Terrorism. Finally, all the countries must accede to the earlier international agreements on the fight against terror and harmonise their national legislations with them.  I am sure that we will be able to create an atmosphere of zero tolerance of terror in the world, but we can only achieve that if we counter the “terrorist international” which has taken shape over the past few years with an “international of law and order”. Furthermore, the social and economic roots of the new threats and challenges claim our attention. They include the gap between wealth and poverty both within countries and on the world scale. If an Afghan peasant has no other livelihood but the measly sums he is paid by the opium poppy trader, it means that terrorists and criminals of every kind will have an opportunity to manipulate huge flows of cash. So we welcome and support the efforts being made under the UN auspices and by the G8 and other forums in order to fight poverty, because it is poverty that often leads people to commit crimes.  Dear friends,  It is very important that the interaction between our countries in fighting terrorism does not become a mere episode in the history of Russian-American relations, but marks the start of long-term partnership and cooperation. We should look back on the history of our relations. As the great Russian thinker and historian Vassily Klyuchevsky said, “history is not a teacher but an overseer. It does not teach anyone, it merely punishes those who haven’t learnt their lessons.”  After the Second World War the links between our countries have seen their ups and downs. Nevertheless in the end we have achieved the main thing: our countries have stopped being afraid of each other. That paved the way for a joint effort to get rid of what has been striking horror into the peoples of the world for decades, to get rid of the arsenals of nuclear and other weapons of mass destruction. Their quantitative level does not match the present-day situation in the world or the character of modern threats.  I had no doubt that we would reach an understanding with the United States on that issue and today’s statement by President Bush confirmed it. That is why Russia declares that it is ready to make deep cuts of its strategic weapons, that is why we are proposing a radical program of further cuts of strategic offensive weapons at least by three times to a minimum level required to maintain strategic balance in the world. We no longer need to scare each other in order to come to agreement. Security is created not by weapons and mountains of hardware, it is created by the political will of the states and their leaders.  Yes, the world has a long way to go before international relations will be based solely on trust, that is why it is so important today to rely on the existing foundation of treaties and agreements in the sphere of disarmament and arms control.  * * * I think now is an auspicious time to fully tap the huge potential of cooperation between Russia and the United States in the settlement of regional conflicts. One aspect of that potential is joint participation of Russia and the US in the search for a solution to the Middle East crisis. Today such interaction is vital for achieving a just and enduring settlement in Afghanistan. I am absolutely sure that in the face of common threats and challenges co-sponsorship on regional issues should become the dominant form of Russian-American cooperation.  We should also decide what model of security best suits the European continent. It requires intensive work with our European partners, it calls for a new level of interaction that would make it possible to take joint decisions.  As regards the relations between Russia and NATO, we are committed to developing equal cooperation with that organisation and to go as far down that road, and I would like to stress it, as the North Atlantic alliance is ready to go and to the extent, of course, that it is able to take into account the legitimate interests of Russia. Ladies and gentlemen, Russia today is a rapidly changing country which has made its final historical choice. The problems we are grappling with are the formation of a mature democratic state and a modern effective market economy. Today Russia is a country whose integration in the community of free and democratic countries has become irreversible.  Our peoples have different destinies. They have followed different paths for many years. But if you look back on the two-odd centuries of our relations, one thing strikes you: at sharp turns in history, at “moments of truth”, when the very existence of our countries hang in the balance, Russia and America always stood together.  They were together at the dawn of American independence when, let us recall it, Russian Empress Catherine II politely but personally turned down King George III’s request to send Russian soldiers to put down an uprising in the American colonies.  Our countries were together in the era of emancipation reforms: in Russia in the mid-19th century it coincided with the Civil War in the US. And it was symbolic that two great statesmen – Emperor Alexander II and President Abraham Lincoln – abolished slavery in their countries at about the same time and both, by the way, died at the hands of terrorists. It is symbolic that Russia made a financial contribution to building the Statue of Liberty in New York which today is a symbol of freedom throughout the world. Finally, our peoples were together during the Second World War.  I am sure that now that “our destiny again meets with history” we will not only be partners, but we can well be friends. We should act remembering the call of the hero of a well-known novel by Jack London. “I shall use my time”, he said.  Thank you."
2001-11-15 00:01:00,Transcript of the Meeting with Students of Crawford High School,"Crawford, Texas",[],"Dear friends, when we were riding here in the presidential car, I'll divulge to you a small secret of ours.The First Lady of the United States told me, you know, some kind of special people live here.These are people with a special kind of pride of their position and of their heritage.And the more I come to know the President of the United States, the more I realize that the First Lady was right — he is right from the heart of Texas and he is a Texan.And, herself, being a wise woman, she complimented her husband in an indirect and very sensible way.(Laughter and applause.) My wife and myself are also trying to help ourselves as we go along this life.And it gives me pleasure to introduce my First Lady, my wife, Lyudmila Putin.(Applause.)  And like President Bush did, I would also like to congratulate three Texans and two people from Waco, with the liberation by the U.S. official forces and their withdrawal from the land of Afghanistan.(Applause.)  Of course, it is very important to be born under a happy star and to have destiny facing your way.And, indeed, I'm in agreement with the President, perhaps God was looking quite positively on this.  But there are different approaches to addressing such kind of problem. There are people deeply religious who usually say that God knows what is to befall a nation, a people, or a person.And there are people no less devoted to God, but who still believe that the people, a person should also take care of their own destiny and lives.And it gives me great pleasure to deal and to work with President Bush, who is a person, a man who does what he says.(Applause.)  And while congratulating those who have been liberated by the Armed Forces, and their relatives I would also like to congratulate on this, President Bush.(Applause.)  On our way here, we didn't expect at all that things would be so warm and homey as they were at the ranch of President Bush here.Yesterday, we had a surprise, but today's meeting is yet another and very pleasant surprise, indeed, for us.Indeed, in any country, the backbone of any country is not only the people who live in the capitals, but also and mostly, the people who live hundreds and thousands of miles from the capital.  It is especially pleasant and pleasing for me to be here in your high school.And my being here brings me to remembering those distinguished Russian Americans who contributed so much to the development and prosperity of this nation — including a world-known composer and musician, Rachmaninoff; a well-known designer and inventor of aircraft, helicopters and airplanes, Sikorsky; and a world-renowned economist and Nobel Prize winner, Leontiev; and many others.And it is extremely pleasant for me to know that here in this room we have some people, boys and girls from Russia who have come here on educational exchange programs.(Applause.)  Of course, serious people work in the capital cities and much depends on them.But in any circumstances and in any situation, what they must do is to fulfill the will of their people.And being here I can feel the will of the American people, the will to cooperate with the Russian Federation.And I can assure you that the Russian people fully share this commitment and is also committed to fully cooperating with the American people.(Applause.)  Together, we can achieve quite a lot, especially if we are helped in this by such a young and active and beautiful generation as the one we are meeting with now.  Thank you very much.(Applause.)  Only questions.No math questions, please. (Laughter.) We in Russia have known for a long time that Texas is the most important state in the United States.(Laughter and applause.) But, seriously speaking, we in Russia somehow tend to know about Texas rather better than about the rest of the United States somehow.Except maybe for Alaska, which we sold to you.(Laughter and applause.) In my view, first of all, because, like in Russia, here in Texas the oil business is quite well-developed and we have numerous contacts in this area.And we have very many contacts in such areas as high-tech and the exploration of space.And the fact that the parliament of the state of Texas declared April the 12th — the day when Yuri Gagarin, the first man to fly to space, accomplished this — as a state holiday, like it is a national holiday in Russia, is yet another testimony of the closeness of our outlook and achievements.(Applause.)  I do agree with the President that, indeed, such a problem does exist in the world.And in Afghanistan this phenomenon has taken an extreme form, and the disrespect of human rights has acquired extreme dimensions.Overall, women in Afghanistan are basically not treated as people. And the testimony of the people's attitude towards this problem, this issue in Afghanistan is in the liberated areas people burn their veils, or as they're called, chadors.This is the testimony of the attitude of the people to this in Afghanistan.  In many countries of the world, especially in the poor countries, this problem exists and has acquired quite dramatic dimensions.To overcome this, one needs to develop specific gender-oriented programs that would include, primarily and first of all, questions related to proper education for women.And I would like to reiterate, there are many programs and many people devoted to implementing such specific, special activities for the benefit of women.  And what we should avoid in the course of the implementation of such programs, and as an end result of their implementation, is that a lady would turn into a man.(Laughter and applause.)  First of all, I would like to say that it gives me great pleasure to be here in this room.And it's not quite clear for me whether I am here in the school or at NASA.(Laughter.)Looking at the questions of the 12th graders, it comes to my mind that everything is fine with this nation and in this school.(Applause.) There, indeed, exists a number of scenarios of behavior in this situation.And the question was quite professionally put, mind you.You can just dismantle the warheads and rest them by the weapons, and to preserve the so-called strike-back capability, in order to be able to retaliate.But one may, on the other hand, destroy the arsenal. What you would do with those arsenals is subject to negotiations, with the result of those negotiations depending on the level of trust between the United States and Russia. Yesterday, we tasted steak and listened to music, and all of this with a single purpose and objective, to increase the level of confidence between the leaders and the people.And if we are to follow this road further, we will certainly arrive at a solution, decision acceptable both to Russia, to the United States and, indeed, to the entire world.(Applause.)  Just I had a hard time imagining how could a living person create such a masterpiece of cooking.A fantastic meal.And when I said so to the President, he said, indeed, this cannot be done except for in Texas.(Laughter and applause.) Russia has changed greatly recently.And today, the Russian economy is on the rise.The growth rates are considerably higher than the average for the world.Last year, the growth rate was about 8.3 percent; this year we're expecting the growth rates close to 6 percent. I would like to say that, unlike other economic negotiations and negotiators, Russia is not seeking and is not expecting any preferences or any free-buys.We even pay — return the debts of Russia to the international financial institutions ahead of schedule.Russia needs only one thing to develop normally.We need normal standards, conditions and relations with all the leading economies of the world, and primarily with the United States.And we have to get rid of the ideological barricades of the preceding decades.And the President is helping.(Applause.)  I feel that time was not wasting by coming here. (Laughter.)The President told me that we'll just limit ourselves to generalities, but he was mistaken.(Laughter and applause.)You are applauding yourselves.(Laughter.) Our objective is a common both for the United States and for Russia. The objective is to achieve security for our states, for our nations, and for the entire world.We share the concerns of the President of the United States to the fact that we must think of the future threats.And here is a common ground for our further discussions.  What we differ in is that we differ in the ways and means we perceive that are suitable for reaching the same objective.And given the nature of the relationship between the United States and Russia, one can rest assured that whatever final solution is found, it will not threaten or put to threat the interests of both our countries and of the world.And we shall continue our discussions.(Applause.)  I am extremely grateful for this question.The whole audience basically started on this note and you finalized the whole thing with your question.(Laughter.)This is not a mere coincidence, I believe.On our way here, the President invited to come here when it's plus 40 Celsius, more than 110, and he invited me to join a plus-40 club who jog when it is 110 and more.(Laughter.)Well, I'll think about it. (Laughter.) Indeed, in our country, there are regions where people live, by the way, in Siberia, where, for one, last year, for two weeks in a row, the temperatures were about around or below minus 50 Celsius — for two weeks running.My promise is I will not terrorize your President with such low temperatures — (applause) — and would be glad to see any of you present here in Russia.  But, first of all, I would like to address here at this juncture our hosts, the schoolchildren, the young audience here.At the count of three, those who want your President to come to Russia, raise your hands and say, yes.  One, two — "
2001-11-16 23:55:00,Interview for the National Public Radio,New York,[],"Thank you. It was a very emotional experience. Of course all of this I had already seen a number of times on television, and I must tell you that as far as the official schedule of my visit, the trip to New York was not part of it. However, I could not help but come here, both to New York itself and of course the Ground Zero, the disaster site. And it made a very big impact — not just on me personally, but on Russia as a whole. And what I wanted to do was not just to go visit that place, but to pay my respects to those who had suffered in this tragedy. And I wanted to once again by doing that, by going to the site, to attract the attention to this tragedy, to do everything that I can to make sure that nothing like this happens in the future, that there is no repetition of this in the future. And I would like to express my admiration for the courage displayed by the New Yorkers. I also would like to say that there was a poster across the street from the Russian flag, because of course there were some Russians among the casualties — and I signed the poster. And what I wrote there was that, quote, ”This great city and the great people of America will no doubt prevail,“ unquote. Well, the problem is not so much about the administration's plans to build up the system. The problem is that in the whole we do share the concerns of the U.S. administration regarding possible future threats. And in this regard we do have a common platform on which we can engage in a discussion and to decide what the optimal way is of providing security for both our two countries and the rest of the world. Where we do have differences is how to move along towards that objective — how to reach that level of security. Our position, Russia's position, comes down to the fact that the best, the most optimal way, is to preserve the agreements that have been signed and put into effect before, and to develop the international agreements and accords in the security area — also to put an end to the nuclear proliferation and to the proliferation of missile technologies, and to engage in arms cuts. That we believe is the ultimate road.  We also believe that the 1972 treaty that we have now is flexible enough for us to use it for different kinds of efforts towards a greater level of security, both for the United States and Russia. The U.S. administration has its own approach to how this problem can be solved, but I don't have any doubts whatsoever that no matter which scenario unfolds, our bilateral relationship will not deteriorate from the level it is at now, and we at the end of the day will be able to arrive at a solution that will be acceptable for everyone involved. First of all, indeed we have heard quite a lot that such a scenario is possible, but no final decision has been made. Secondly, I would like to reiterate — I would like to emphasize once again that the level of our relationship — and I am not just talking about my personal relationship with President Bush, but I am referring to the relationship between the United States and the Russian Federation — the level of awareness of the need to strengthen this relationship vis-a-vis the new threats is such that we simply cannot fail to understand the importance of the quality of this relationship, no matter how difficult the challenges are and how difficult the problems are that we are solving, such as for instance the ABM Treaty and its future is. That is one of those difficult problems. That is why I am saying with this much confidence that no matter what the actual situation is, we jointly with the U.S. administration will be looking for a scenario that will be acceptable for everyone involved, and I am positive that we will find such a scenario. I believe that the most important is for us to be thinking about a future security system together. The most important thing is to work on a system that rather than generates mutual distrust and rather than deteriorate the strategic position of the partner, we engage in building a system that will work exactly towards the opposite end. And I believe — I think that such a scenario is indeed feasible, and that's what I feel my partner and colleague President Bush is prepared to do. Why is it that we have focused on Texas? Actually I believe that's the right thing to do… Unfortunately we all live in a world where there are all kinds of problems that one still comes across. However, I don't think — let me put it differently — I am confident that there are no problems about the interaction of any confessions, representatives of any confessions, with the official authorities. I don't think that there will be any problems in that area. Unfortunately some parts of the world — in some countries of the world, the Russian Orthodox Church is running into problems. And in countries where as a matter of fact it has a long history of representation, a very solid representation. Our job is to create an environment where it will be possible to profess religions freely, and to engage in religious beliefs freely for all and any people, irrespective of their congregation. But for instance myself — I have been doing everything that is within my powers to do, and I am positive that at the local level many people are doing the same. However, when there are or if there are certain episodes, certain problems of the caliber that have been mentioned by your listener, I think it would be appropriate if he were to send a letter with the description of those problems to my office, and I promise hereby that we will pay the closest attention to such a letter. You know, this is a question — or this is an issue that cannot really be summed up in a yes or a no. I will try and express my position on this matter briefly. NATO was built to counteract the Soviet Union in its day and time. At this point there is no threat coming from the Soviet Union, because there is no Soviet Union anymore. And where there was the Soviet Union once, there is now a number of countries, among them the new and democratic Russia. If — and I have already said that, and I don't mind repeating that — if we were to take to the streets of New York or to the streets of Washington, D.C., or Paris, or London, or Rome, or any and all other major capitals of the countries that are NATO members, and if we were to ask the man in the street, the ordinary person, whether he thinks that the enrollment of Estonia, with its 1,300,000 people and Latvia and Lithuania if they were to join NATO, whether or not it will increase their level of security, most likely, most probably almost everybody will say no — no, their enrollment in NATO will not increase their security. Because unfortunately, mechanical enlargements of NATO is not going to increase the level of security in the face of new threats — the threats of the 21st century.  However, if we were to ask the man on the street whether he thinks that Russia is in a position to help neutralize the newly-emerging threats, again most likely everybody will say, Yes, Russia can do that — and that would be the right thing to say.  So what I am trying to say is that while Russia acknowledges the role of NATO in the world of today, Russia is prepared to expand its cooperation with this organization. And if we change the quality of the relationship, if we change the format of the relationship between Russia and NATO, then I think NATO enlargement will cease to be an issue — will no longer be a relevant issue. I guess that would be my comment. Not only I am not opposed to it, I actually don't think it makes any sense. If we were to deal with increasing I nternational security, NATO enlargement does not make sense. We of course are not in a position to tell people what to do. We cannot forbid people to make certain choices if they want to increase the security of their nations in a particular way. But I don't think that enlarging or enhancing NATO mechanically makes any sense. Good evening. Well, of course I have been asked not only about President Bush, but about advice in general, what I think is the most important thing when one is faced with the threat of terrorism. And what I'll try to do is to provide a very specific and brief answer. The most important thing is your society's morale. It's the society's preparedness to try and control terrorism and trust into the political leadership of your county. And I have a feeling that America has enough of that now. No. And I'll tell you why. Chechnya is part and parcel of the Russian Federation. And it is our duty to decide matters in what is our home. And that's the first point I would like to make answering the question. My second point is that the Chechnya issue has more aspects to it than just terrorism. It's not all about terrorism. The Chechnya problem is a centuries-old problem. The thing is that today, fundamentalists and terrorists are exploiting those centuries-old problems to accomplish their own objectives that have nothing to do whatsoever with the interests of Chechnya. They are taking advantage of those problems. And of course, because there are many things and many questions that can be asked about this, please allow me to — please bear with me, I will say something else regarding this.  In 1996, Russia virtually gave Chechnya de facto statehood and independence even though, de jure, it didn't recognize Chechnya as an independent state. And I would like to emphasize strongly that Russia withdrew all of its troops, we moved the prosecutors, we moved all the police, dismantled all the courts, completely, 100 percent. Starting from that moment, what happened was the beginning of a fundamentalist invasion of that territory — fundamentalists, and as a matter of fact, foreign mercenaries virtually invaded that territory.  What happened was that an international terrorist enclave was set up in Chechnya. And all of this, of course, led to the fact that in summer of 1999, terrorists attacked a neighboring republic, Dagestan, which also happens to be a Muslim republic. And their motto was — their direct motto was to alienate new territory from Russia, to take away the new land from Russia, and to set up a new fundamentalist state between the Baltic and the Caspian seas. And as we all understand, this has nothing to do with the independence of Chechnya, and cannot have anything to do with the independence of Chechnya. And this is something that Russia could only respond to in a rigorous and armed manner.  And, as of now, in Chechnya, about 500 foreign mercenaries have been destroyed and in the territory of Chechnya, according to our data, there are several hundred more mercenaries. That is why we and the Chechnyan people will engage in political means to find a final solution. And as far as international terrorists are concerned, we will bring them to justice or physically destroy them. As you can see so far, the situation has been evolving, as we planned — as President Bush planned, and as we both discussed this situation some time ago, including in Shanghai. From our perspective, as of now, the Afghans are being — the Northern Alliance and its own forces are being and have been sufficiently effective. We sought to liberate the north of Afghanistan, and the capital of Afghanistan at the first stage, and these objectives have been accomplished.  Yes, of course. Let me finish answering that question first. I believe that, first of all, we must focus on the Afghans themselves. And we should put them in a position where they can liberate their own country and their own nation from fundamentalists and foreign mercenaries. While we should be doing that supporting them with aviation and special forces and special means, and helping them with food supplies and weapons. And as we can see, once again I would like to say that so far this line of action has been effective. And as far as a large-scale ground operation is concerned, as of now — as of now, that doesn't seem to be an appropriate line of action. Everything will depend on how the situation will evolve in the future. As far as the comment from our host, yes, Russia does see itself as an integral part of the international community which is fighting terrorism. We have been supplying our partners in the United States with reconnaissance, with intelligence. We have provided corridors for air traffic. We provide political support to our allies from around the Central Asian republics that have been providing assistance to the U.S. armed forces.  But, in addition to that, in this particular region, and more specifically in Tajikistan, we have a fairly large ground formation of the Russian armed forces. Our border troops are protecting the border between Tajikistan and Afghanistan — and I'm talking about a 10,000 contingent, 10,000 strong contingent — and in Tajikistan, we have a mobilized division of 12,500 personnel strong — which is to say that the Russian armed forces have 22,500 people on the ground in this part of the world. And that, I think, is acting as a major stabilizing factor for the situation in this region. And, our relationship with the United States in this area has been developing in a highly productive manner. Good evening. I started practicing this sport when I was 14, and as a matter of fact, what I did start engaging in was something called sambo, which is a Russian acronym for, quote, ”self-defense without arms,“ unquote, which is a Russian wrestling technique. And, after that, I joined a gym that was teaching judo. We have our sporting ranks. And I was what they call a master of sports. And the black belt, I received it when I was, I guess, 18, in judo. And all my adult life I have been practicing judo — I guess I can put it this way — and I do love the sport tremendously. And I think that there is more to it than just sport. I think it's also a philosophy in a way, and I think it's a philosophy that teaches one to treat one's partner with respect. And I engage in this sport with pleasure and try to have regular practices still. Yes, still. I love the Russian classics very much, the Russian classical literature. But I also read modern literature. As far as Russian literature is concerned, I am very fond of Tolstoy and Chekhov, and I also enjoy reading Gogol very much. It helps me. For instance — I can see you are surprised to hear that — for instance, it helps me establish a good relationship with you as we are working here today in the studio. It helps me establish human interaction, because working for the intelligence — and that's where I was working, I was working in the — I was working in the intelligence department of the KGB — so working for the intelligence, you have to be working with and for the people. What I was doing, what was my specialty was the political intelligence. I basically engaged and researched into international politics — of course, from a different perspective, in a different capacity. And I never, ever regretted working, taking up a job with the external intelligence department of the Soviet Union. I did my duty. I served my country. And I believe that I did a fairly decent job at that. However, one must not forget, of course, that we lived in an entirely different world then, in a world that is no longer here. As far as I know, though, in the United States, there is a certain amount of experience where ex-intelligence employees became heads of state. And I also had a meeting with the father as well. Well, the United Nations' involvement in the counter-terrorism effort is extremely important, above all, in the international — in the internationally legal area, as far as the international law is concerned. The United Nations should work out fundamental definitions and standards to describe terrorism and to help make these standards part and parcel of the national legislation of the member nations. However, the United Nations is also deriving its strength from the strength of the individual member states. That is why the role that can be played by individual member states, especially the leading nations, such as the United States, for instance, is immense. And I don't think that, at least in certain individual aspects of the counter-terrorism effort, such individual role of some of the member states of the United Nations can be in any way replaced or substituted for by the United Nations itself. You know, while answering this question, I may come across as somewhat immodest. Advice of this kind is more or less a waste of time, really, because whenever somebody bothers to give this kind of advice, as a rule, the recipient wouldn't follow, wouldn't take that advice. If you believe that the United States should actually do something so as to strengthen even more its international standing, then my impression is that these objectives should be put on the agenda of the United States by the citizens of the United States that is by yourself. I was thinking that he was being a little extreme, and I was thinking that that kind of an extreme attitude was unlikely to result in the accomplishing of an objective, even though those objectives that President Reagan himself was mapping out were noble. My perspective is that generally a policy of any kind of restrictions or isolation is very ineffective. That's my perspective. And as far as the Soviet Union was concerned, I think that that assessment was more of a motto, a slogan, a slogan of the day, of the day when it was said, rather than a long-term policy pursued by Reagan himself. And as a matter of fact, the subsequent events did confirm what I just said, that it was more of a slogan for the day. Actually, I think President Bush is being very mild in his choice of words. I have other definitions and epithets to offer, but I, of course, am being restrained by the fact that I am talking to the media and this is hardly appropriate. The thing is that the people that you have just referred to, terrorists, especially terrorists who base themselves on man-hating fundamentalist ideas, these people, these terrorists, don't really treat the rest of humanity as human beings. We are not even enemies, as far as they're concerned. We're just dust. We're nothing and we're a bunch of nobodies. And as people, these criminals deserve the most serious of attention and the most rigorous of treatment. As far as the economy is concerned, the impact was minimal, fortunately. As far as the citizens of Russia are concerned, I can tell you that it was both a shock for the United States and a very serious event for Russia. And it is no accident that hundreds of people in Moscow and in other cities of the Russian Federation where there is some diplomatic representation from the United States came to the buildings of these diplomatic missions and brought flowers with them. I would like to tell you that sympathy from the Russian people towards the American people was something that the Russians were providing in a perhaps, I don't know, more conscious, knowing way than sympathy shown by other nations.  And I'm not afraid to say that openly, and I can tell you why, because exactly two years ago Russia was the first to come across the kind of terrorism that the Americans had to deal with on Sept. 11. And, of course, the scale was not as large but it was just as horrendous, where, in downtown Moscow and in other cities of the Russian Federation, residential buildings, apartment buildings, were exploded. And as a result of those acts of terror, hundreds of completely innocent people died.  That was two years ago. That is why I think I'm in a position to say that the citizens of Russia, probably more intimately than the other nations of the world, held this tragedy to their heart and sympathized with the Americans. I think that was a crucial impact that they provided. It was a fundamental impact that they provided to the Russian history. At different periods, certain periods of time in the life of any nation, there will be people who turn on the light, if you will, and they show a road for the nation to follow. And no doubt Andrei Sakharov was one of those people who turned on the light. Yes, exactly, a visionary, and also someone who was able to not only see the future, but to express, to articulate his thoughts, and do that without any fear. And that is also very important. No, it doesn't bother me. I think that people who criticize the authorities — there should always be people who criticize the authorities. And at the end of the day, it is good for a regime, for the authorities, to have this kind of people, because what these people are trying to do is casting light on a problem from every single perspective, including from a perspective that the authorities themselves may fail to notice because the authorities are busy dealing with the daily challenges of everyday life and they may not see a certain aspect of a problem. I believe that the Russian mass media are as free as in any other nation. There is a problem that is specific to nations with an underdeveloped market economy, with an insufficiently-developed market economy. And this problem, of course, projects itself to the mass media before anything else. I believe that mass media can be genuinely, completely free only in the context of a democratic society and a market economy when they become economically free. That's the only way for them to be genuinely free, when they no longer depend on handouts from outside people, when they no longer perform a function that is assigned to them by their financial sponsors. And in this sense, in my country we still have a lot of work cut out for us if we were to make our mass media independent, especially in some of the regions of the Russian Federation. The choice was made, and I am absolutely, 100 percent confident that this is an irreversible process. And everything that you have just mentioned, I am positive will continue to evolve in a positive manner. And the basics of the democracy, the foundation of the democracy, will continue to be strengthened and the market economy will again continue to progress. And I have no doubt whatsoever that this will happen. The point of no return is way in the past. I think that if you were to go to Russia now, to come to Russia now, and if you could see for yourself how active and proactive the Russian press is now, I think many of the questions that you are about to ask, you probably even wouldn't bother to ask. I am very touched by your kind invitation. I have a lot of places to visit in this sense in the United States, and I think there's a city that's called St. Petersburg in the state of Florida, and I of course was born in St. Petersburg — not Florida, in Russia — and I would very much like to visit Moscow, Idaho and St. Petersburg, Florida. One thing, however, that I absolutely agree with you is that a genuine friendship between our two countries is only possible if and when these relationships are maintained at the grass-roots level, and in the citizens of our respective countries. Yes, if we were to refer — as if we were to use the phrase ”white nights“ to describe nights that are covered in snow, and streets that are covered in snow — (laughter) — when the streets are covered in snow, then December might do just fine. However, we will be happy to welcome President Bush on Russian soil at any time that is convenient for him. But the actual phrase ”white nights,“ when used correctly, refers to several weeks between late May and the middle of June. That is why, because in the latitudes where St. Petersburg is located, the sun basically never goes down and stays above the horizon virtually through the night, and sets for just a few moments during the night, and this is an exceptionally beautiful season, especially in a city that is exceptionally beautiful itself, St. Petersburg, Russia. And what I was referring to when I extended my invitation to President Bush of course was the few weeks between late May and the middle of June. But our specialists, our experts from the U.S. State Department and from the Russian Foreign Ministry, I hope will be able to select a time that happens to suit the president best, and that is the most convenient time for him. Thank you very much for organizing this event. And I would also like to thank the audience and the callers. I would also like to thank everybody for the interest that they have shown in today's conversation. I also would like to take advantage of this opportunity to thank the American people for the extremely warm and cordial welcome that has been extended to me. And I saw it with my own eyes when I went to Texas. I could see posters and Russian flags flying virtually on every house, and there were greetings — and there were posters and greetings written across the posters. And that's actually something that some of your listeners, some of the callers have mentioned today — that is, where the feeling of friendship and the feeling of human interaction goes down to the grass-roots level, to the level of the interaction of individual citizens. Thank you very much, Americans."
2001-11-19 00:02:00,Excerpts from the Transcript of a Joint Press Conference with President Vladimir Voronin of Moldova,"The Kremlin, Moscow",[],"My meeting with President of Moldova Vladimir Voronin has just ended. Its main result is the signing of the framework political Treaty on Friendship and Cooperation between the Russian Federation and the Republic of Moldova. This basic document sets forth the main goals and principles of strategic partnership between our countries in the new era. We have seriously strengthened the legal framework of the growing political, economic and cultural ties at all levels, and it covers also the development of relations between regions. It is a good basis for regional cooperation.  We have signed this Treaty with a view to consistent joint creative work; its supreme goal is to improve the quality of life of people in Moldova and the Russian Federation, to ensure peace, security and prosperity of our peoples.  We are absolutely convinced that the Treaty will also contribute to the solution of the Transdnestr problem, especially since a provision on a political settlement of the issue is included in the preamble to the document.  The Treaty on Friendship and Cooperation between Russia and Moldova is an example of equal and respectful relations between two sovereign states. Our countries do not just recognise the priority of democratic rights and freedoms and the values and ideals of the civilised world, we are already making a real contribution to the shaping of just international relations in the 21st century.  Permit me to say a few words about other aspects of our talks today. We have discussed a wide range of bilateral and foreign policy issues and we were pleased to note that our positions on all the topics discussed are either close or, as they say in such cases, are practically the same, and it applies to such major global problems as countering international terrorism and extremism, the fight against transnational crime and the need to enhance the role of the UN.  Naturally, the problem of Transdnestr settlement was discussed both in a narrow format with the Moldovan President and in an enlarged format. We tried to assess the current situation from all sides and in an objective manner. We think that above all the negotiating process in the current five-way format must continue. And individual problems that may crop up need not cause the work on the key political issues of settlement to be suspended. We should make full use of the time-tested mechanisms and channels of communication to establish a constructive political dialogue between Chisinau and Tiraspol.  In conclusion, I would like to note that we are optimistic about the future of Russian-Moldovan partnership, and this mood is well justified: it is based on the positive historical experience and the current trends and the desire of our peoples to cooperate actively in many fields.  I don’t think so. You see, a lot has changed recently inside Moldova and in the Russian-Moldovan relations. You have heard the Moldovan President’s assessment of the character of relations between Moldova and the Russian Federation. We see that the Moldovan leadership is changing its attitude to Russia, its attitude to the Russian-speaking population and the basic principles of our relations. Let me tell you that I have been listening to Moldovan speech now and it occurred to me that all those in Russia who work with Moldova, especially in the economic field, would be pleased to learn the Moldovan language because it is a very beautiful language. But naturally, we assume that the Russian language used to be the language of international communication on the territory of the Soviet Union and it should continue to perform that role. And the attitude of Moldova cannot pass unnoticed. And secondly, I am deeply convinced that the State Duma deputies will react to some changes in the Treaty compared with the old one. And thirdly, I am deeply convinced that it is in the national interests of Russia that the Transdnestr conflict be settled on the basis of territorial integrity and sovereignty of Moldova with due respect for the interests of all the peoples and ethnic groups living in Moldova, including Transdnestr. Russia for its part is ready to act as a guarantor and a participant in the settlement process. We discussed it today in some detail and we are sure that this position is shared by the leadership of Moldova. So I am optimistic about the future of this document at the State Duma and the Federation Council and I am planning to have early meetings with the corresponding Duma and Federation Council committees on this issue and on the development of our relations with the CIS countries, and I will be ready to brief them on the results of my visit to the US.  I would like to stress again that, in my opinion, the ratification of the Treaty by the Russian Parliament will not take long.  The past six months have seen some processes in the Moldovan economy which our experts consider to be positive. The fears expressed by some experts to the effect that after the left-wing forces have come to power we will see a resurgence and a return to a planned economy have not come true. On the contrary, we see that on the one hand, there are market mechanisms and on the other hand, we see a positive start to the process of cleaning up the logjams in the economy and improved management. All that creates a good foundation for the development of economic ties. In the last six months our trade grew by 15%, but that is only the beginning. We have reached agreement on some basic issues in the field of energy, cooperation, in the sphere of industry although many loose ends still have to be tied up. The prerequisites are good, and I very much hope that the process will develop positively."
2001-11-21 00:00:00,Speech at the Opening of the Civil Forum,Moscow,[],"First of all, I would like to greet you and congratulate you on the start of your work. I would also like to note that the assistance rendered by the Government in organising this event has been prompted by its awareness of the need for dialogue and partnership between the authorities and civil society.  When the forum was being prepared some fears were expressed that the Government would try to dominate civil society and make it amenable. But I think that all representatives of the authorities, I assure you, are well aware that civil society cannot be formed on the initiative of the authorities, on their wishes or directions. Moreover, I think it is absolutely unproductive, practically impossible and even dangerous to try to create a civil society ‘from the top’, in general, it cannot be created ‘by fiat’. I would like to stress again that it grows by itself, it has its own root system and thrives on the spirit of freedom, it is only then that it becomes truly a civil society.  Yes, our civil society cannot be considered to have been finally formed. But I don’t think there are any countries about which one can say that society has been finally formed. In the context of democracy that process is obligatory and constant, and in Russia, one has to admit, that process is only beginning. I doubt that anyone has ready recipes for fostering civil society. But the authorities can pursue only one task – to provide the most favourable environment for its development. It is the main and in fact the only task of the authorities.  This audience consists of representatives of diverse civil institutions – diverse in terms of their goals and in terms of what they expect from the state. There are some among you who are in sharp opposition to the authorities on fundamental issues of government policy. I consider this to be not just a normal phenomenon, but an extremely useful one in the context of democracy.  There can be no strong state or a prosperous and thriving society without relations of true partnership between the state and society. What is needed is an equal dialogue. We are aware that the effectiveness of that dialogue greatly depends on us, the representatives of government, all its branches. In this connection we are ready to take the necessary organisation and, if the need arises, legislative measures; we are ready to ensure effective feedback between society and the state, at least we will try to do it.  We are ready to listen to you attentively and to hear what you propose. I believe that such cooperation can be very productive and is necessary for our state now that the time of truly great opportunities has come for Russia and its citizens. We live in very dynamic and eventful times. They call for responsible actions, considered decisions; they call for an influx of new ideas, initiatives, human resources and technologies. That is why the country needs intellectual mobilisation, it needs workable and effective models of cooperation between the state and civil institutions. We must work together to use the historic chance, if we are not to find ourselves again in the “backyard of civilisation”. I think your work in this area is not only possible but sometimes indispensable.  Over the past years you have come up with your ideas on the solution of social, ecological, charitable, information and educational tasks. The Russian Internet is a vivid example. Much of the credit for its development goes to non-governmental non-profit entities. Its emergence marked the birth of a totally new system of public scrutiny of the quality and authenticity of information, including information on the work of the bodies of power: it has a direct impact on the making of managerial decisions. I am aware of the suggestion that an “All-Russian Personnel Fund” be formed, i.e. a database accessible to the state, business and civil society institutions. I think the idea merits serious attention, the Administration needs progressively thinking competent people from the private sector.  Your cooperation will undoubtedly be helpful in the reform of the justice system. It meets with heavy going and it cannot be the business only of government departments. The voice of the citizens should be among the decisive voices here. The same is true of the issues of making the penitentiary system more humane. The conditions in our prisons are appalling and the problems that have piled up over many decades need to be addressed urgently. We will try to ensure real access of civil institutions to the solution of these and other key problems. A few words about the interaction with the business community. Today it is well organised, perhaps better than other communities, it is consolidated and its structures represent the public and business interests of large groups of domestic entrepreneurs.  In their dialogue with the state they raise not only production or legal problems that are closely related to production. They discuss employment, social assistance, education and national security. Our actions to make the economy less bureaucratic owe much to the constructive interaction with representatives of the Russian business community, their direct impact on these decisions is obvious. I believe that similar cooperation is extremely important in solving human rights issues and in combating ideological, national and religious intolerance, all very important problems in multi-national Russia. I am convinced that only a civil society based on respect of human rights can be a safe barrier in the way of marginalisation, extremism and intolerance.  Of course, the list of topics for our joint discussion is much broader than what I have just mentioned, and we look forward to your proposals and initiatives on the broadest range of issues of government and public life.  Ladies and gentlemen, you know that in recent years we have worked hard to strengthen the state. But the state is not only about power, and it is judged not only on the strength of its political success and economic development but above all by the degree of personal freedom and how influential civil society is.  There can be no truly strong democratic state if society is weak. Only a full-blooded social life can secure the government machine against inertia and its apparatus against stagnation. The ethical principles accepted in society are directly reflected in the style of the operation of the government apparatus and its results.  I am sure the authorities will lose if they do not have a free society as a partner. The worst option would be to attempt to bureaucratise its institutions. Aping the methods of work of government structures is obviously not an answer: civil society has other, more effective instruments. And it is right that you have used them in preparing this forum.  In conclusion, I would like to say that we in Russia have always managed to get together and overcome difficulties together. But it is equally important, and ultimately far more important, to learn to work with calm and concentration and in a systematic manner especially now that we have a good chance to combine the resources of the strengthened state and the energy of the democratic society.  One feels chary of admitting it – and I am choosing my words carefully – that some things are beginning to work out. The time is coming when life in Russia is becoming more or less decent. It is becoming prestigious to be a citizen of Russia, especially since in Russia the concept of “citizen” has always meant something more than the formal legal relationship with the state. That is why civic awareness and patriotism do not materialise if they are just written down in a document.  From the bottom of my heart I wish success to your forum. Thank you for your attention."
2001-11-22 00:00:00,Introductory Remarks at the Meeting with the Members of the International Affairs Committees of the Two Houses of the Federal Assembly,"The Kremlin, Moscow",[],"Distinguished colleagues, This meeting is attended by the representatives of the Federation Council and the State Duma. I think such a broad format will allow us to discuss the key aspects of our foreign policy strategy and current foreign policy practice, as well as the priorities in this sphere that face the law-makers.  To work out and implement a single line in international affairs requires close coordination between the executive and legislative branches. I believe that such meetings can help us to perfect an effective mechanism of interaction and of agreeing positions and producing new imaginative ideas, and I look forward to hearing these ideas from you.  Today parliamentary work has become an inseparable part of our ties with foreign countries and international organisations. Our participation in the Parliamentary Assembly of the Council of Europe is a vivid example. Russian legislators, working against heavy odds, have managed to argue and uphold our position and convey it to the European public. And you claim much of the credit for the fact that Russia is perceived as a reliable ally and a partner open to cooperation.  I would like to say a few words about the results of the Russian-American summit. Today we can speak about a qualitative change in the relations between our countries, and I am referring above all to the increased level of mutual understanding and confidence. I think that those who see our interaction only as a tactical rapprochement prompted by the recent developments in the world are profoundly mistaken. We are talking about a programme of long-term partnership. This is our common position and we have set it down in the joint statement on the new Russian-American relations. It has been to a large extent prompted by changes in the world, not by our wishes, but by the fact that the world has changed and this cannot be ignored. It has to be taken into account if we want to create a favourable climate around the Russian Federation, a climate in which we will be able to develop our productive forces, our economy, which is our number one task.  Much attention was devoted during the talks to countering international terrorism. In spite of the successful actions against the Taliban movement in Afghanistan, the fight against the terrorist threat is only beginning and it must be pursued until the terrorists, wherever they are, and wherever they are hiding, are liquidated.  We intend to promote Russian-American interaction in all areas, including in creating a legal framework for combating terrorism. In this connection serious challenges face the legislative branch. I have to say that my meetings at the US Congress too have shown that there is a large field for joint work and that the mood among your American colleagues is positive. There are some problems which we will discuss a little later, they are natural problems, but on the whole I note a positive mood.  The future political set-up in Afghanistan was also discussed. Our countries have similar approaches to the problem. It is necessary to seek to form, under the UN aegis, government bodies broadly representative of all the political and ethnic groups in the country. We on our side stressed that the representatives of the United Front must play a key role in the negotiating process to create new power bodies in Afghanistan.  Among major international issues, particular attention was paid to the future development of interaction between Russia and NATO. I would like to stress again that Russia is not going to join the queue to be admitted to NATO. In terms of its economic, scientific-technical, human, military and territorial potential, Russia is a self-sufficient state capable of ensuring its defence. But in the changed conditions in the world we, I repeat, are committed to positive and constructive cooperation not only with all the countries, but with all the international organisations, especially in the security sphere. And we are ready to bridge the gaps between our positions and those of NATO in many areas and move as far as the North Atlantic alliance itself is ready to move, with due account of our national interests. The US President was very perceptive of our ideas of creating new mechanisms in a G-20 countries format for joint making and implementation of decisions. He is ready to discuss these issues with the NATO allies, which I think is a very positive factor. I have a generally positive assessment of our conversation on the economic aspects of Russian-American relations. The US leadership intends to actively contribute to the development of trade, economic and investment links with Russia.  Let me note that this approach is a marked departure from the Administration’s initially very skeptical approach to the issues of government support of business cooperation with Russia.  The fact that George Bush and the US Congress have confirmed their intention to take the necessary steps to finally lift the Jackson-Vanik amendment with regard to Russia, the readiness to accelerate the recognition of Russia as a market economy and to conduct negotiations on our accession to the WTO in a positive way without putting forward extra demands, and the readiness to take into account the economic interests of Russia in dealing with regional problems – all these are politically important facts.  On the whole I consider the summit to have been a success and I assess it positively, even though differences on a number of issues remain, one can say that the relations between Russia and the US are going through a period of serious positive transformation. Of course, it is far from completed and much work lies ahead. We shall see how it will proceed, but I would just like to stress again that we are interested and we will work towards its positive development. "
2001-11-30 00:00:00,Answers to Questions at a Joint Press Conference with the CIS Heads of State,"The Kremlin, Moscow",[],"I think that the CIS has a good chance to work in this sphere. And the best proof of that is our successful activities in the settlement of the conflict in Tajikistan. It is in general a unique example of solving such issues in the present-day world. Frankly, I do not know of any other examples. It is a credit to the CIS, all the heads of state present here because each of them in his own way contributed to the resolution of this conflict and influenced the situation in his own way. The CIS as a whole has had a positive impact on the situation in Tajikistan. It gives us grounds to believe that in other areas too the CIS can make its contribution to resolving conflicts in the Commonwealth countries. At the same time, I would like to stress that while in the USSR the contradictions were as a rule of an inter-ethnic character, today they have an inter-state character, which has merely exacerbated them. It has become more difficult to settle such conflicts after the break-up of the Soviet Union. But it can safely be said that because the CIS was created, these mechanisms were functioning on post-Soviet territory, even though they were weak. It enabled us to avoid a worst-case scenario, to avoid “Yugoslavisation” of the former Soviet Union, and that is a big plus. Of course, there is a lot to be done, but we are in a positive mood. First of all, I would like to thank the Georgian President for displaying his usual statesmanship and coming to Moscow in spite of all the problems. I think he has come in order to meet and talk, and exchange opinions on this situation and on the relations shaping up between Georgia and Russia. For my part, I have this comment on your question: I agree with the Georgian President on the need to look into this issue more closely and not to postpone it until the next incident. We hope we won’t see anything like it again. But an investigation must be put in place and a bilateral commission must be created now.  At the same time, I would like to mention the following circumstances: if it is alleged that Georgian villages have been bombed and at the same time we hear that there are no victims, the question arises: what sort of air raids were they if they struck communities and claimed no victims? Of course, it prompts some questions. It means that either there were no air raids or that they were not aimed at communities. And if the clashes that may have occurred there – we do not rule it out, and according to our tentative data there were clashes between militants – claimed no victims either, that calls for further examination and study. I absolutely agree on that with Eduard Shevardnadze.  I would like to inform you that before noon today Russian special units carried out an operation in Chechnya and captured a well-known deputy of one of the most odious Arab mercenaries in Chechnya, Abu Sayad, who was bringing money, organising terrorist attacks in the Russian Federation and maintained contacts with his units in Georgia. These are accurate data of the Russian special services. From our data – and we have made them available to our Georgian colleagues – some of these international terrorists are on Georgian territory. Regrettably for us and I think for the Georgian authorities, and certainly for the Georgian people, it means de facto occupation of part of Georgian territory. I repeat, we are ready for joint work to investigate what happened there. I find it hard to imagine how we will go in there to carry out the investigation because these territories are hard to access even for official representatives. The area where the incident occurred does not just have militants, their bases and ammunition dumps, it has enterprises for commercial production of narcotics. The markets for these drugs are our peoples, they are poisoning the people of our countries. All that naturally creates problems and we intend to discuss them very thoroughly with the President today. And of course that enclave has relay towers which the militants in Chechnya use to communicate with their sponsors in the Gulf countries and in Afghanistan. All this is a very real, and not an imagined problem for us. And I appreciate the Georgian President for his readiness to discuss these problems frankly. Our special services are in contact with each other and I hope that these contacts will result in practical joint work.  Let me finish my answer to the previous question: where do we go from here? I think we can continue to cooperate positively in accordance with the Georgian President’s proposal on drafting a new joint treaty. I can say more, I recently met with the potential participants in the process on our side, including State Duma deputies who are getting down to the business of drafting that joint document. As for the Eurasian Economic Community and the WTO, I can say that we discussed the problem with Kazakhstan’s President yesterday and we have agreed to coordinate our efforts and our interaction with the international economic organisations, including the WTO. I have no doubt that the coordination will be successful.  I have nothing to add, I subscribe to what has been said. First, Russia intends to comply with all its obligations, including in the framework of the OSCE. We do it in sometimes difficult conditions. The Moldovan leadership knows it and we coordinate our actions with the leadership of Moldova and, as you see, we achieve some positive results. We will continue to work in this area and we will fulfil all our obligations. As for the failure to accredit our television channels, it is deplorable.  I can say without exaggeration that during my term as the President of Russia and working with my colleagues from other Commonwealth states, I have been reinforced in my conviction that the organisation is necessary to maintain stability in our region and to ensure economic growth. I agree with the opinion of those heads of state who believe that we must improve the mechanisms of cooperation in the areas discussed and that the results will benefit the people of our countries. I have to say that the CIS countries were confronted with the problem of terrorism much earlier than many other countries. That is why we are able to be pro-active within the CIS. It is because we are aware of the scale of the terrorist threat that we have agreed our positions on key aspects of the fight against terrorism in a timely manner. That is why we have created the Anti-Terrorism Centre. That is why we have created rapid deployment forces which, as you know, have already had exercises in Bishkek. All this shows that such acute issues and problems as the fight against terrorism can be tackled very effectively in the framework of the Commonwealth, in any case we devoted much time to it today and we will keep this topic under review until the problem has been solved. Thank you for your question and I absolutely agree with you that any integration – be it political or military – must be based above all on addressing economic problems. But, replying to this question, I would like to say that in addition to being the Chairman of the Council of CIS Heads of State, I also happen to be the President of the Russian Federation, and in addressing all these issues I will be guided by the national interests of Russia, just like my partners behave when discussing these issues. As regards the creation of a free trade zone, we are having a very intensive and positive dialogue on the matter. We have agreed on all the issues connected with the introduction of the regime with practically all the countries with the exception of three: Tajikistan, Ukraine and Belarus. I hope that our experts will manage to finalise the unfinished work soon. Thereafter Russia will implement in full on its territory the agreements reached on this highly sensitive question. I have no doubt that further integration in the economic field will provide the basis for improving our interaction in the military, diplomatic and other fields.  Ladies and gentlemen,  In conclusion I would like, in your presence, to sincerely thank the heads of state who have gathered in Moscow today for their very positive attitude and constructive joint work. And not only the work today – and today it was indeed highly constructive and businesslike – but for everything they have done in the previous years. These were very difficult years for our countries: there have been ups and downs in internal political spheres, ups and downs in terms of the economic situation of our countries.  Now we are experiencing a kind of upsurge. In any case, the vast majority of CIS countries are experiencing noticeable economic growth. This is due to many circumstances but not least due to the state of the Russian economy, which is connected by thousands of threads with the economies of the Commonwealth countries.  Our shared commitment to positive work gives me confidence that we will be able to solve all the problems facing us through joint efforts.  Once again, I would like to cordially thank all my colleagues for the meeting today. "
2001-11-30 00:00:00,Introductory Remarks at the Plenary Session of the Council of the CIS Heads of State,"The Kremlin, Moscow",[],"Distinguished heads of state, Let me say from the outset that we were preparing for this Summit not so much as a gala event, but as a frank and critical review of the path we have covered. Our discussion among the heads of state now has confirmed that this is indeed the prevailing mood. We have left behind a certain stage of history, the experience of dealing with a number of complicated tasks and an equally significant experience of mistakes. But before moving on to their analysis I should note the main thing that has characterised the activities of the Commonwealth during the past ten years. First, the CIS has succeeded as a form of integration in the post-Soviet space that is necessary and inevitable for everyone. And second, the CIS has succeeded as a major international regional organisation, an organisation whose functions are already evident, and they include the key functions of unification, coordination and stabilisation. Russia, together with the other CIS countries, has been and remains a key outpost in the fight against international terrorism, illegal migration, and contraband of arms and narcotics.  The main results of the past decade are summed up in the analytical report. It contains a lot of information for serious thought, and for obvious lessons that we must derive. I will permit myself to dwell on some of these problems.  First. Although we sometimes differ in our approach to cooperation between states, we have become convinced that the national interests of each of our countries are best served by integration processes, but the determining factor is the degree of readiness for such integration. Second. We have achieved victories and successes only when we acted pragmatically, when we were doing something real to bring closer together and combine multilateral – primarily economic – interests. And practically all the setbacks were caused by failure to act in accordance with our declarations or by attempts to impose our will on one another.  Third and very important. Problems in our interaction have arisen each time the states wittingly or unwittingly infringed upon the interests of their own citizens. We have faced this in solving the problems of the common education space, the possibility of preserving the native language and other humanitarian issues, and of course in dealing with the problems of compatriots living abroad. In this connection I would like to stress that Russia, where many citizens of the CIS, your compatriots, live, has always regarded creating worthy living conditions for them as a matter of principle. And finally, another lesson is an economic one. We have already lived through the stage of integration that we described as “renewal of economic ties”. Now we have reason to talk about another stage, a qualitatively new nature and a new international division of labour in the economies of the Commonwealth countries. The CIS today is a huge common market with a serious potential for development — development on a truly market and modern basis. Our economic partnership is inherently rooted not only in our common history, but in the single infrastructure, compatibility of technical regulations and standards, energy and transportation systems. It is very important in our times to be able to see these advantages, and to use them to solve the tasks facing our countries.  The present day of the Commonwealth is marked by almost simultaneous upsurge of business life and an increasingly apparent mutual interest based on mutual benefit. Market relations have already become the predominant principle in the building of national economies and then of economic integration. The main driving force of economic ties is increasingly not so much the governments as enterprises, businessmen, the citizens of our countries. They are opting for cooperation with their closest neighbours and partners tested over many years of history. And political leaders cannot afford to lag behind their peoples and businessmen, especially since the producers themselves have long learned to overcome the outdated economic barriers.  It is impossible not to see that our citizens are not only convinced that there is a common labour market in the CIS but – and I can confirm this 100% on the basis of Russia’s experience – they are actively working in this market.  I am convinced that countries – and still more a community of countries – must learn to work as effectively as business, by providing political support for it and also determining the strategy because the interests of states and interstate associations are much broader and more responsible than the interests of individual corporations, no matter how large.  And finally, I would like to stress another aspect. The CIS countries are some of the basic suppliers of energy to the world market. So, we should not forget that our interaction in the present-day conditions is emerging as an ever more serious factor for financial and economic stability not only of the Commonwealth, but of the world as a whole. I have spoken about a noticeable upsurge of our economies, and we undoubtedly must coordinate our actions in all areas, and not least in the energy sphere.  Dear friends,  We have lived through the hardest ten years together. In terms of the depth and consequences the changes we have lived through cannot be compared with other historical processes, even those that took centuries. A practical reordering of the vast space of the former USSR and the creation of the CIS are events whose significance is yet to be assessed by historians and politicians. But it is already clear that we all have a stake in multilateral integration. The question is, how we see the CIS today and tomorrow: as a debating club or an effective association. I think the geopolitical situation of the Commonwealth countries and their role in maintaining world stability – and of late nobody has had any doubt that this role is significant, if not huge – all this does not tolerate the dynamics of our relations up until now which has hardly pleased us, and the very tone of our communication, and especially the weak and loose mechanisms of interaction. Of course, a qualitative transformation of the CIS is a matter for the future. But the question about the future of the Commonwealth is of immediate concern to millions of ordinary people in our countries. It is not by chance that, as we said in the meeting with the heads of state today, our citizens see the Commonwealth as a key guarantee of stability and economic prosperity, in short, as a guarantee of a better life for the ordinary citizen. We should not only remember it, we should act accordingly."
2001-12-01 00:00:00,From a Speech at the Founding Congress of Yedinstvo I Otechestvo (Unity and Motherland) Party,"The Kremlin, Moscow",[],"Good afternoon. I would like to heartily congratulate you on your decision to create a single party.  Although some people in this room abstained and there are those who opposed this fundamental decision, nevertheless you have proved that influential political forces in the country are supporting with their actions the unification processes that are already taking place in Russian society. In that sense your consolidation is absolutely logical. The period of political radicalism is receding into the past. The forces that are winning today are those that feel the pulse of the times and the sentiments in society. The future belongs to those who can rein in their own ambitions and renounce narrow corporate interests. We see that the party’s Supreme Council has many prominent individuals who have gained authority in society and enjoy respect and occupy high positions in the government and social hierarchy. However, I would like to stress the following: I think it would be rash to declare oneselves to be the ruling party in this connection, and let us be honest and say that it doesn’t take an awful lot of brains to do so. It only makes sense if the government itself does not make a lot of mistakes and therefore enjoys the support of the people and reflects their interests. It has to be said that the authorities won’t last long in their present shape unless they rely on civil movements which reflect the interests of the majority of the country’s population.  Today Russia needs parties that are really capable of earning the respect and support of the nation. Society has already presented a demand for parties that consistently uphold the rights and interests of its members. Only then will you become a true party of the majority. That is not easy, but I hope that it is not too high a bar for your party. I hope that your main political goal will be to bring about a real improvement in the life of our citizens. I hope that you will serve the people by your deeds and not your words; that you will set concrete social and economic tasks and will be able to explain to the people in a coherent and talented way that the achievement of these goals will deliver prosperity to Russia and its citizens.  Society and government are interested in having healthy political competition in the country. I very much hope that there will be just such competition within the party – normal and healthy. I hope that there will be competition on the political scene in the country and that you will be able to display your best qualities. But it must be truly healthy competition and not a fruitless struggle that weakens the state system and undermines the authority of the state and the very essence of democracy. Russian citizens rightly believe that political confrontation is far removed from their interests. It is not by chance that in many regions a large part of the constituencies, as we know very well, simply don’t go to the polls or vote against all candidates. It should give us food for thought. "
2001-12-01 00:02:00,"Opening remarks at a meeting with Prosecutor General Vladimir Ustinov, Defence Minister Sergei Ivanov, Chief of the General Staff Anatoly Kvashnin and Commander-in-Chief of the Navy Vladimir Kuroyedov","The Kremlin, Moscow",[],"You have been presented with the tentative results of the Prosecutor General’s investigation into the causes of the sinking of the Kursk nuclear submarine. I would like to stress that these findings are of an interim character and do not yet provide the answer to the cause and to what has actually happened. All lines of enquiry continue to be explored, including the theory of a collision between our submarine and an unidentified submerged object. At the same time, it has to be admitted that to date no objective data have been obtained to confirm that theory, in spite of the huge amount of work done. However, from the materials presented by the investigating team we can draw conclusions with a fair degree of certainty about the quality of preparation for the exercises, their organization and the organization of the search and rescue operation. I would like to stress that these materials are not sufficient for us to establish a causal connection between the actions of the officials concerned, and the dire consequences. But we are able to assess the performance of officials. So I ask the Defence Minister, the Chief of the General Staff and the Commander in Chief of the Navy to present proposals that address not only the issues related to personnel, but above all a system of measures aimed at upgrading the activities of the Navy in general. "
2001-12-03 00:00:00,Extracts from a Speech to Members of the Presidium of the Russian Academy of Sciences,"The Kremlin, Moscow",[],"It is necessary to create a comprehensive national innovation system. That implies a developed infrastructure, a civilized market of technologies and legal protection of intellectual property rights. It is very important to define the legal status of the Academy of Sciences, to adopt the provisions on personnel rotation and deal with some other issues.  The statutory documents of the RAS must be brought in line with modern civil and property legislation as quickly as possible.  That is above all what the Academy itself needs to feel secure within the existing state system. It should not be exposed to accusations of living according to its own laws and being “a state within a state”. It may not be so bad in a certain sense, but everything must function within a single legal framework in the country.  Putting the system of science management on a modern basis that meets the requirements of our times is a key challenge. It is due to the absence of professional management that Russia today is losing scientists and unique scientific results – it is not the only reason but it is part of the reason. In fact, Russia is putting its resources into other countries, increasing their science and technological potential at its own expense.  It is high time to move on from the so-called basic and target planning to competitive planning and financing of science. The economics of the RAS institutes must be changed to create flexible and mobile research teams, to increase the share of funds in the financing of research, encouraging those who can make effective use of resources and successfully compete in the world market of ideas and high technology.  A fair playing field must be created in the market of ideas. And I would like to stress that to this audience. These equal conditions mean that regardless of their administrative position and academic degrees, everyone must work with a view to achieving real results in research. Prominent RAS scientists should not only organise and manage tenders, but they should take part in scientific research along with all the others.  A key issue is to develop a clear-cut form of the state order in the scientific and technical sphere. The government has identified its scientific, technical and applied priorities based on its internal and external policy documents. And it is a key role of science to implement these priorities.  The whole system of fundamental sciences must be made healthier. These sciences have been a particular Russian strength, and we are still rightly proud of our fundamental science. The strategic task of science is integration with higher education. In the meantime there has been little real progress in that direction. As a result both systems suffer. The existing integration programme fails to address the problem of functional integration of science and education. There are only isolated instances. Ultimately, our common goal is to make the Academy face up to the needs of the state and society and enhance its effectiveness. Reproducing itself is not the main aim of the RAS. As in any other business it is the outcome that matters. The RAS is not only a key attribute of statehood. Its resources should be harnessed to the success of the country. Throughout the history of our state the Russian Academy of Sciences has many times spearheaded the solution of complicated issues. And the country, drawing on the achievements of the Academy of Sciences, was in the very front ranks of the world’s leading states because of the efforts of our scientists. I think that we will fulfill our task if we do everything to breathe new life into the Academy of Sciences in the new conditions. "
2001-12-03 00:02:00,Excerpts from the Opening Remarks at a Meeting with Government Members,"The Kremlin, Moscow",[],"Today is the International Day of Disabled persons. There are nearly 10 million of them in Russia. They all require assistance and support, care and attention, notably on the part of the Government. For a long time government policy has been confined to the granting of benefits. And even those benefits were puny and, as you know, have not always been delivered. And this policy did virtually nothing to help disabled people to reintegrate into normal, decent life in the broad sense of the word.  The main area is rehabilitation [of disabled people] into normal life. I think it is high time we paid attention to that particular issue.  Take the urban environment, for example. We know that problems for the disabled begin as soon as they cross the doorsteps of their flats. The urban environment is not adapted to help them cope. Public places and transport – nothing is adapted for use by disabled people.  One is ashamed to recall the scenes at the Civil Forum. Disabled people were unable to even get past the turnstiles. No provision had been made for them.  But in addition to the practical aspects there is a still more important aspect. It is the moral state of society and the way society treats disabled people. Unfortunately, disabled people often meet with a callous attitude. I would say even an inhumane and uncivilized attitude, including in the world of work. We must certainly pay attention to that and create corresponding conditions through all means available, including legislation. "
2001-12-05 00:00:00,Remarks at a Federation Council Session,Moscow,[],"Dear Mr Stroyev, members of the Federation Council, Yegor Stroyev, the Speaker of the Federation Council, is leaving his post today. I would like to offer my sincere thanks to him for the hard work he has been doing here for six years with such brilliance. It fell to the 1990s generation of politicians to accomplish the most difficult task: to change the nature of the state and the political system in our country. The Russian Parliament too has been exploring uncharted territory. The members of Parliament had to start with the ABCs of their profession, and the Federal Assembly faced the challenge of becoming a genuine Parliament. It had to determine the face of the new democracy, of power that relies on the law. The Parliament speakers had a difficult time. So, to say that Mr Stroyev has made a great contribution to the emergence of the parliamentary system in Russia, for the development of democracy and the new state in Russia is an understatement.  Today, as Yegor Stroyev chairs a meeting of the Federation Council for the last time I must say that for nearly six years he has been displaying the skill of a real speaker. It is difficult to dampen conflicts and bring together colourful, but very different people. I am convinced that the young generation of politicians have a great deal to learn from Yegor Stroyev. Once again, I would like to thank you and to wish you health and every success.  The law is the law, and under the law Mr Stroyev cannot simultaneously be a Governor and a member of the Federation Council. While I support this approach in principle, in Mr Stroyev’s case I can’t help saying that it is a pity. I will divulge a minor state secret: Mr Stroyev and I discussed this about two months ago. And I asked him to remain Speaker of the Federation Council, but he chose to be the Governor of the Oryol Region, saying that he was sure that the deputies of the renewed Federation Council would choose an honest, decent, young and energetic politician with whom I would find a common language.  I would like to thank you for the choice you have made today and to congratulate Sergei Mironov on his election to this high post of Speaker of the Upper House of the Parliament of the Russian Federation.  The key element in strengthening the state and making the whole system of power more secure has been the adoption of a new procedure of forming and work of the Federation Council. It is impossible to improve the mechanism of state without professional law makers who work on a full-time basis.  The period of renewal of the Federation Council is drawing to a close, which means that the Upper House of the Russian Parliament is entering a new period. Your agenda includes many issues, a whole package of laws connected with the reform of the judiciary and the pension system, and some of these laws have been passed. I admit that we had some fears that once Mr Stroyev left, all the important laws would be shelved. I would like to thank Mr Stroyev for displaying his customary diligence and following this work through.  In conclusion I would like to announce that today I signed a decree decorating Yegor Stroyev with the order “For Services to the Homeland”, 1st class."
2001-12-07 00:00:00,Answers to Questions During a Joint Press Conference Following Talks with the Greek Prime Minister Konstantinos Simitis,Athens,[],"Yes, of course. Today it is becoming clear to many, to practically everyone in the world and in the united Europe that the ideological clichés of the past, thank God, are gone forever, and nothing prevents us from developing relations in terms of our geopolitical interests. Russia and Greece share many interests. These include not only Southern Europe, but also global issues. I have already mentioned the areas of interaction that are of primary interest to us, but they are not limited to the range of issues I have outlined. We can cooperate quite effectively in other fields, especially on infrastructure projects. We can effectively work with our partners and neighbours. I am referring above all to the countries in the region. We know about large-scale projects between Russia and Turkey, for example. I don’t see why we should not attain the same level of interaction with Greece in the sphere of energy. But, I repeat, the series of agreements signed yesterday identifies the possible areas of our cooperation. I repeat, they are not confined to energy issues. Today the Prime Minister and I also discussed further interaction in the world arena. There is very close cooperation between our foreign ministries. We attach great significance to the activities of the intergovernmental commission, which is developing a series of projects; today, for example, we touched upon cooperation in the sphere of the environment. The Prime Minister agreed with me and we discussed not only environmental monitoring of our joint projects, but also joint work on the ecology of the Black and Azov seas. In general, cooperation in the Black Sea can be very promising, and that is another area of our interaction.  You know that at this stage of our cooperation direct contacts between economic agents, market agents are becoming ever more important. I should note that some Russian companies feel very confident in Europe. You probably know that they are ready to take part in the liberalization of the Greek economy, notably in the energy sphere; they are ready to take part in major investment projects in this sphere. We very much hope that Greek companies will respond to the high level of relations emerging between our countries. As my colleague has just noted, we do not consider the level of trade to be high enough. It is just 1.2–1.3 billion dollars. And the level of investment by Greek companies in the Russian market is still lower. It is almost zero. We see at least two avenues of development in this connection: one is cooperation here in Greece between our companies and your leading businessmen and the other is their direct involvement in the development of some investment projects in the Russian Federation. All this is of mutual interest to us. And I hope that the meeting with your leading businessmen will not be a token event and will lead to concrete agreements. You know, we have discussed very many issues connected with various areas of our cooperation. One is cooperation in the gas sphere: the building of additional pipelines, including on Greek territory, and the participation of our companies in building gas distribution networks. One interesting project, as I told the Prime Minister today, could be joint construction of underground gas storage facilities. I must tell you that the implementation of that project would do much to stabilize the Greek economy. In addition, Greece could become an important element in the energy system of the whole of Europe. We have discussed the possible construction of additional gas pipelines via Greece to other countries, including Albania. That too is a feature of Greece as a country that is integrated into the common energy programs of the European community. We have discussed the possibilities of building new oil pipelines and various aspects of that problem. We have discussed the possible participation of Russian companies in the building and continuation of some projects and participation of our companies in new projects in the energy field for domestic Greek consumption and for supplies to third countries. In short, it is a whole range of issues that are not linked solely with the supply of hydrocarbons. It is a major comprehensive program that may be part of the overall program of energy cooperation between the Russian Federation and the European Union.  You know, we have decided to take an active part in the international counter-terrorist operation not in order to gain any privileges, advantages or preferences in dealing with our partners. But of course, one cannot fail to notice that the very fact of our participation, as you have rightly pointed out, brings de facto qualitative changes to Russia’s relations with its partners, including the NATO countries. Russia, as I have repeatedly said, is not knocking on NATO’s doors. And it is not planning or seeking to become a fully-fledged member of the alliance. However, it is obvious that some issues, especially in the security field, can be dealt with much more effectively if Russia is directly involved. Our current participation in the counter-terrorist operation is the best proof of that. We believe that there is a large set of issues, in the resolution of which Russia’s voice must be taken into account from the beginning, from the time the issues are discussed, before decisions are made. Thus, we agree with the opinion of the British Prime Minister Mr Blair who has come up with an initiative to set up a special body that would solve issues “at twenty”, that is, not through the mechanism used up until now when 19 NATO members first got together to work out a decision and then presented it to Russia. A body must be set up in which Russia could be a fully-fledged participant on concrete issues. The mechanism of the “twenty” needs to be worked out. We don’t believe that the process should be artificially sped up. We are not in a hurry, we are ready to pursue that work calmly, in working mode, in the trusting and friendly atmosphere that has prevailed in our relations with our partners, including the members of the Alliance. I don’t think we should skip any stages. If anyone has any doubts, these doubts can be removed during the negotiating process. In other words, the decision must be made consciously by all those who take part in preparing and adopting it."
2001-12-10 00:00:00,From a Speech to the All-Russia Congress of Ukrainians Living in Russia,"The Kremlin, Moscow",[],"Today both the Russians and Ukrainians have their own states. And, let me add, they are both multiethnic states. There are 4.5 million Ukrainians living in Russia, and, as far as I know, 11 million Russians live in Ukraine. We cherish everything connected with Ukraine. Above all, we cherish the Ukrainian culture which is much loved in Russia. I remember well the admiration felt by all of us who attended various events during the time of the Soviet Union, including the director of the Kirov Plant, who is present here today, when they sang Ukrainian songs together with their friends. We admired the way they sang and the sing-song sound of the Ukrainian language. You know that Ukrainian culture has been particularly popular in Russia throughout the ages. It has always had something special about it, a unique spark. It is not by chance that the Russian government has many people who come from Ukraine or have a close affinity with Ukraine. When Valentina Matviyenko was in Kiev representing the Government of the Russian Federation, she spoke both in Russian and Ukrainian. And I am told that she did it very well. I would very much like the Ukrainians who live in Russia to feel completely at home, to feel that they are not only in a friendly atmosphere, but in their own cultural environment, just like the Russians who live in Ukraine."
2001-12-12 00:00:00,Speech at a Gala Reception to Mark Constitution Day,"The Kremlin, Moscow",[],"Ladies and gentlemen, I would like to congratulate you on the Russian Constitution Day. We mark it as a national holiday every year. We do so not only out of respect for the fundamental legal document of our nation, but above all, out of respect for our choice, for ourselves. Back then, in 1993, we voted for the rule-of-law, democracy and freedom. We voted against the breakup of the Federation, against a weak state and ineffective economy.  In fact, on December 12, 1993 we chose the future for Russia. Everything we have achieved since then has been done on the basis of the Constitution and in full accordance with its letter and spirit. Deviations from it inevitably landed us in an impasse and weakened the country and the state. Therefore changing the main provisions of the Constitution would be tantamount to revising the foundations of the state, a revision of its norms prompted by political expediency, it is sure to lead to a crisis of power and to loosen up the bodies of power and provoke dangerous conflicts within the state.  In this connection I would like to stress again that introducing amendments that would bring fundamental changes to the new constitution is not on the agenda in our country. Likewise, dismantling basic values and renouncing democratic gains is not an option.  I would like to go back to what I have said and to repeat that it fully applies to the issue of the presidential term. No changes will be introduced in the constitution to suit the incumbent president.  Compliance with the constitutional principles and norms greatly increased the rule of law in the country, paved the way for the development of civil society, gave an impetus to constitutional justice and the creation of a new court system and strengthened the Federation.  The latest steps in state development – the fight against bureaucracy in public life and the economy – also follow the logic of the Constitution. And yet vitally important work to delimit the powers between the centre and the regions of the Russian Federation has yet to be completed. Some key issues under joint jurisdiction have not been resolved. And I would like to draw the attention of the federal and regional governments to the fact that these problems are directly relevant to the integrity of the state and the equal rights of all the citizens of the Russian Federation.  The fact that the absence of a law is often replaced with the sometimes arbitrary decisions of individual officials cannot be tolerated. And nor can the fact that the legislation and regulations passed by the Russian regions, municipalities and agencies sometimes violate the political, social and property rights of citizens.  Today, on the anniversary of the Constitution, I would like to address those whose immediate job is to ensure compliance with the constitution. These are of course the community of judges, the members of the law enforcement agencies and all the bodies of power and administration. It is incumbent upon you to protect the rights and duties of citizens, to protect their dignity, which the state is obliged to protect under the Constitution. Let us do this more effectively. People’s confidence in the effectiveness of government and mutual respect between the state and the citizens depend on your actions.  Dear friends,  The fact that in times of the most difficult crises – and we remember these times – the authorities did not yield to the temptation to adjust the Constitution for themselves ultimately proved to be good both for the authorities and for the state. Our Constitution is neither a whip nor a carrot and it will never again be an ideological bogeyman or a political toy in anyone’s hands. The Constitution is the main law of the land and as long as that law is in force no experiments with the state and its people will be allowed.  To learn to live according to the Constitution is the highest school of democracy, a school we are all obliged to go through.  I give you a toast to the Constitution of the Russian Federation, to the well-being and prosperity of great Russia, to the citizens of Russia."
2001-12-13 00:00:00,A Statement Regarding the Decision of the Administration of the United States to Withdraw from the Antiballistic Missile Treaty of 1972,Moscow,[],"The U.S. Administration today announced that it will withdraw from the 1972 ABM Treaty in six months’ time. The Treaty does indeed allow each of the parties to withdraw from it under exceptional circumstances. The leadership of the United States has spoken about it repeatedly and this step has not come as a surprise to us. But we believe this decision to be mistaken.  As is known, Russia, like the United States and unlike other nuclear powers, has long possessed an effective system to overcome anti-missile defense. So, I can say with full confidence that the decision made by the President of the United States does not pose a threat to the national security of the Russian Federation.  At the same time our country elected not to accept the insistent proposals on the part of the U.S. to jointly withdraw from the ABM Treaty and did everything it could to preserve the Treaty. I still think that this is a correct and valid position. Russia was guided above all by the aim of preserving and strengthening the international legal foundation in the field of disarmament and non-proliferation of mass destruction weapons.  The ABM Treaty is one of the supporting elements of the legal system in this field. That system was created through joint efforts during past decades.  It is our conviction that the development of the situation in the present world dictates a certain logic of actions.  Now that the world has been confronted with new threats one cannot allow a legal vacuum to be formed in the sphere of strategic stability. One should not undermine the regimes of non-proliferation of mass destruction weapons.  I believe that the present level of bilateral relations between the Russian Federation and the U.S. should not only be preserved but should be used for working out a new framework of strategic relations as soon as possible.  Along with the problem of anti-missile defense a particularly important task under these conditions is putting a legal seal on the achieved agreements on further radical, irreversible and verifiable cuts of strategic offensive weapons, in our opinion to the level of 1,500–2,200 nuclear warheads for each side.  In conclusion I would like to note that Russia will continue to adhere firmly to its course in world affairs aimed at strengthening strategic stability and international security. "
2001-12-14 00:00:00,Extracts from the Speech at the Russian-Ukrainian Economic Forum,Kharkov,[],"Your forum is being held at an auspicious period for both our countries. It is auspicious both in the political and economic sense. And I would like to congratulate Ukraine on the results of this year, the growth figures are already in – I think it’s about 9% — and that is an impressive result. We are very glad because, considering the level of cooperation, the mutual positive influence of the two economies benefits both Russia and Ukraine. An active dialogue has been established between politicians and businessmen. New cooperation bonds are emerging in addition to the existing ones.  The border between our countries is becoming more transparent for the investment flows. The flows are going both ways, to Ukraine from Russia and vice versa. Trade in the first 9 months of this year increased to 112% on the same period of last year.  I think it is very important that technological links between our countries are more developed than among many European countries within the EU. That is a very good indicator. At the same time, I would like to underscore another indicator. I have just mentioned the growth of mutual trade, and I regret to have to note that Ukraine comes second after Germany as Russia’s trade partner. We are glad that our relations with Germany are developing so intensively, but it is bad that Ukraine has found itself in second place.  Our countries bear responsibility for the energy security of Europe. Russia as the producer of gas and oil and Ukraine with its developed transport infrastructure ensure deliveries of gas to practically the whole continent.  In a sense we already have our “common market”, the market of Ukraine and Russia. It is another question that political and administrative stereotypes and sometimes downright prejudice prevent us from taking advantage of this common market. And yet learning to use the advantages of interconnected economies is a great plus in seeking to break into the European and world markets both for Ukraine and for the Russian Federation.  Dear friends,  I have already said and I am prepared to repeat it: Russia wants to see an affluent and prosperous Ukraine. Not only because we have a kind attitude to Ukraine as a truly fraternal country, but because it is good for Russia owing to the high level of cooperation with Russian enterprises and economy. We are interested in having an economically strong neighbour and partner.  So we must learn to come to terms with each other. And seek to do it. In October this year the Agreement on Further Measures to Ensure the Transit of Russian Natural Gas through the Territory of Ukraine put us on track towards the settlement of the biggest problem in our relations. The outlook for other energy sectors has become clear.  But economic cooperation between our countries is not confined only to these issues. It is much deeper and its scale is larger. It is true that Russian gas and oil form the basis of our relations. But the defence sectors are just as interconnected as energy. For example, a whole group of sectors is developing as part of a single technological flow chart in Kharkov. Major projects are being implemented in aircraft building and the space industry, as the Ukrainian President has said.  In addition to the large economy there exists an equally important sector – the small and medium-size businesses which are particularly active in cross-border cooperation. And that of course is part of our common market.  We have just been discussing the plans for further integration, for bringing Kharkov and Belgorod still closer together, and I think that these initiatives have to be supported. Border trade accounts for 20% of the total trade between our countries. The heads of border regions are present here and they know very well and are aware of the importance of this work. Apart from everything else, the common problems of employment are addressed in this way. But so far the Chambers of Commerce and Industry, the funds in support of entrepreneurship and our intergovernmental structures, unfortunately, have not paid the due share of attention to small business or to border trade. I think that support of joint small and medium business projects is no less important than coordination of large-scale investment projects. We have many common tasks. One of these is to negotiate the kind of terms of our accession to the WTO that meet the national interests of Russia and Ukraine. I am absolutely sure, especially after a thorough study of the negotiating process between Russia and the WTO, that the easiest and most productive way of preparing our economic systems for international integration processes is to do it together. There will be greater benefits and we will achieve more. And we will be able to bargain for more favourable terms of integration.  Leonid Danilovich and I have already agreed to give maximum support to the practical solution of these issues. We have recently put in place the necessary prerequisites for the restoration of effective cooperation. "
2001-12-17 00:00:00,Interview with the Financial Times,,[],"Thank you for your interest. I said what I think. What is more, even earlier I stated that, in our view, unilateral withdrawal from the treaty would be a mistake. But I also said that should it happen we would have no intention of raising any anti-American hysteria. Nor do we think this step could result in the emergence of new threats to Russia's security – for several reasons. First of all, there is no nationwide missile defence system. Second, we do not know whether it could be created. And third, if the attempt to establish it is successful, it is not clear when that could happen. I would like to point out the fact that Russia, even today, has all the necessary means to penetrate any ABM defences. Therefore, the principal imaginable negative consequence of this unilateral withdrawal, which is upsetting the balance of forces, is not a serious threat for Russia. And while national anti-ballistic missile systems are considered defensive weapons systems, in effect they enhance the potential of offensive strategic arms. Therefore when we speak of strategic arms there is little difference between defensive systems and offensive systems from the point of view of their effectiveness against the potential adversary. Finally, there is one other consideration which we cannot fail to take into account. I do believe the world has changed in recent months, and the change has been fundamental. If we intend to change the nature of the relationship between Russia and the West, Russia and the US, and if we take the road suggested by the British Prime Minister, Mr Blair, concerning changing the relationship between Russia and NATO, then this overall question of confrontation will lose its relevance. It is true we were opposed to a unilateral US withdrawal from the treaty. But that was not because we feared for our own security. It was simply because we are proponents of a different concept, a different philosophy, of how international security should be built. We did believe that this treaty was one of the fundamental pillars of the overall security and stability system in the world as established in recent decades. More than 30 other international agreements were based on that foundation – agreements in areas of arms control and arms reduction. That is why we insisted it should be maintained. In principle, we were prepared for certain modifications of the treaty. We asked to be given specific parameters that stood in the way of US objectives to develop defensive systems and implement programmes. We were fully prepared to discuss those parameters. But nothing specific was given to us, no specific parameters to be negotiated. We heard only insistent requests for bilateral withdrawal from the treaty. To this day I fail to understand this insistence, given our position, which was fairly flexible. I am very much concerned about the most negative development or implication of this step, which is the extension of the arms race to outer space. If the leading nuclear powers embark on this road, we will not be in a position to say ”no“ to any other country. But on the whole, as I said earlier, our US partners had the right to withdraw under the treaty. We recognise this right. They acted in accordance with the Treaty. They did not violate anything and they did not do anything surreptitiously. Their position can be contested, one can disagree with that position, as I do. But one cannot say that in acting the way they did, they violated anything or did anything in secret. On the contrary, they acted consistently and quite openly. There is a certain logic to that approach, we were aware of that logic, there was nothing surprising. Our response was very calm, very constructive, and it was in line with the overall approach pursued by the Russian Federation. I believe the US-Russian bilateral relationship is of major importance for our two nations. But it is also of great importance, taking into account that these are two leading nuclear powers in the world, for overall international security. We will try to profit from the level of relationship we have achieved so far to resolve all the outstanding issues on which we have not yet reached agreement. No I don't think so and I will explain why. In the course of our contacts with President Bush, on no occasion did he deceive or mislead me. He always does what he says, and in that respect he is a reliable partner. I repeat, of course, we have differences of opinion on some issues. But nevertheless on some issues, even complicated and difficult issues, we succeed in convincing each other. The fact that our opinions sometimes diverge on major issues is only natural. If we treat each other as partners, solutions can be found – as with the reduction of strategic offensive arms, where we have reached agreement in principle. I think this is a major issue, not just for our two nations but for the entire world – whether two countries will each have 7,000 nuclear weapons, as now, or 1,500–2,000 weapons. It is a difference. Of course, here too, we do have some questions that need to be discussed further, to be negotiated. And we do believe that the accords we reach should be translated into a legal treaty form. They should be transparent, they should be verifiable. I believe these agreements should have legal treaty form. I think without that, it could so happen that partners would have suspicions and misgivings about what was happening with the other party's weapons – whether they had actually been reduced, what were the actual numbers, where the weapons were, had they been destroyed or had they just been dismantled and put in storage somewhere. If they are stored they constitute so-called ”reconstitution potential“. In other words, the possibility would remain that those weapons could be put back on missiles. In other words, if we do have such a legal treaty, legal agreement, a transparent one with proper verification measures, the entire world could be safer and at peace. It is subject to negotiation. So we have to convince and persuade our partners, find a convincing argument. We have to be convincing enough in adducing arguments and getting them to understand that compliance with the principles we suggest will not only benefit us, not only meet our interests, but theirs as well. Of course, there could be other arguments. For example, the reason we did not agree to withdraw bilaterally from the ABM treaty was because the arguments provided by the US side to justify their position to us looked unconvincing. After all, what were the arguments they used to convince us? The first argument was the possibility of terrorists' using nuclear weapons. The second was that so-called 'rogue states' could use nuclear weapons. But the object of the 1972 ABM treaty is strategic ballistic missiles, and that is something that neither terrorists nor rogue states have at the moment and are hardly likely ever to have. A justified position, a well substantiated argument, is the best foundation for any agreement. I hope that the arguments that we will use in our further negotiations with our US partners will be convincing. But the most important thing that underlies any sort of agreement is the level of mutual trust, mutual confidence. That is why I would very much like to have our current level of mutual confidence with the US maintained. It is a basic foundation for agreement of any kind, particularly in this field of strategic stability. It will depend on the final result we achieve. It will depend on the way we develop our relations across the board. If relations between Russia and the West, Russia and NATO, Russia and the US continue to develop in the spirit of partnership and even of alliance, then no harm will be done. But given the present state of international relations, given the international situation, we do believe that our proposals, our suggestions, are more justified and more substantiated. And there is another important point: the actual level of our nuclear deterrent. The state of our deterrence is such that we feel safe and secure, and this is the most important thing to us. As a result of the ABM treaty's being abrogated, and all the relevant constraints being abolished, Russia will have the right to install multiple independently targeted re-entry vehicles (Mirvs). But this is not to say we will actually do that. In the foreseeable future there is no point, no sense for Russia to do that but Russia will acquire such a right. If we are talking of a missile defence system, then we may have a ”success ratio“, a capability of such a system to intercept, one, two, 10, 20, or — a most fantastic option — 100 missiles. But even if Russia in a few years goes down to a level of 2,000 weapons, it is unimaginable, totally unrealistic, to think that such a number of missiles could be intercepted. As I already said, the velocity of a ballistic missile in flight is about 7.5 km per second. An interceptor missile should have at least the same velocity. It is as unrealistic as expecting to hit a bullet with a bullet. If we add to that the fact that missiles could be equipped with Mirvs, and they would have special systems enabling them to penetrate missile defences, then we can easily understand that defensive systems of this kind could not be regarded as a serious obstacle … But now we are following the line of a logic that could be called a logic of confrontation. If we do not pursue this line, if we do not talk in terms of confrontation, but rather come back to a point I made in the beginning, then the main principle which could inspire a sense of calm and security and safety in the hearts and minds of Russians and Americans and people all over the world would be a changed quality in relationships between the major nations of the world. This means primarily the leading nuclear powers of the world, a changed relationship between Russia and the West, Russia and NATO, Russia and the US. This is the main thing from the point of view of strengthening international security. That is why I want to re-emphasise how much we appreciate and how positively we view the initiative taken by the Prime Minister of Great Britain with respect to changing the nature of relations between Russia and NATO. All the disappointments and frustrations are born out of undue expectations, exaggerated expectations. But I didn't expect anything extraordinary. I know that the processes of ‘estrangement’ have their own inertia. It is quite hard to reverse them. We have to be patient, proceed cautiously, and act in a professional way, resorting, by the way, to help of such respected periodicals as The Finacial Times. As regards the things that could be presented as the results of the policies pursued by the Russian leadership, let me say the following. The most important thing for us is to create safe and secure conditions for the people of our country, for the people of Europe, for all humankind, and also to develop and establish favourable conditions for economic growth in this country. The recent evolving nature of relations between Russia and the West is already creating favourable conditions for international security, for stability, and for positive economic growth in this country. This is quite obvious, quite evident. Second, in pursuing this policy (and I would like to stress this point), we are not asking for some kind of preferential treatment. We are not asking for any indulgence. We are simply drawing the attention of our partners to the simple fact that it is in their interests to treat Russia as an equal partner. The sooner our partners come to understand this logic, the better it will be both for us and for our partners. And in pursuing these policies we do not at any time prejudice the national security interests of Russia. One of the best cases in point is our position on the ABM treaty. From the very outset we were in favour of maintaining it and we consistently defended this position. To this day we believe this is the right position. Russia still has the generation that suffered and still has fresh in its memory the hardships and sacrifices of the Second World War. Our people still remember it quite vividly. Russia is a peace-loving nation. The people of Russia share a policy that is designed to achieve friendly relations with Russia's neighbours, with major powers, and generally speaking with every country in the world. Therefore we have a well considered and well balanced position which is designed on the one hand to safeguard our national interests, and on the other hand to achieve friendly relations with other countries. This policy is fully supported by the people of the country. When everything is going well in the area of security, people focus their attention on the economy. They expect positive results there. It is from this point of view that they judge the results achieved by the leadership of the country. We still have many difficult outstanding issues. But still, it is quite obvious that there has been progress, and it is tangible. This is something that inspires confidence in us. We are not asking for debt relief or debt write-offs, we are paying everything back. This year we are repaying our debt to the International Monetary Fund ahead of schedule. We are developing our market-oriented institutions and seeking membership in the World Trade Organisation. We are very actively pursuing economic reforms. We have paid back all our debts to the people of the country. In the recent past, wages to workers in certain branches of the economy and in certain regions of the country went unpaid for months. And of course that caused very serious social tensions. Today we have succeeded in paying all those debts, everywhere, including in the armed forces. Not only that, we are enhancing, modestly but confidently, the living standards of the population. The real incomes of our pensioners have increased by 22%. Wages have grown roughly by 19%. Real per capita incomes have grown by 6–7%. GDP growth is expected to reach 5.7%. The most important thing is to have a favourable external situation, something we would seek to create and ensure for our country. But of particular importance is positive development of the economy. This is something we will seek to attain. We believe this is a most important thing. We have seen a major growth in investment this year – both domestic investment and foreign investment. I would like to point out that foreign investment has been growing much faster than domestic investment. We are making our economy more attractive. But a lot has still to be done, and we envisage a whole package of measures in this regard. We are going to keep pursuing our liberal tax policy. We have significantly alleviated the tax burden on the economy. Our flat rate of income tax is now 13% (irrespective of incomes), the lowest in Europe. The profit tax is going to be 24%, it was decreased from 35% to 24 % for banks and a bit less though still considerable decrease – for industry. We have pretty much done away with the sales tax and with the turnover tax. We have adopted a number of measures to de-bureaucratise and liberalise our economy. The range of activities subject to licensing has narrowed in number from 2,000 to a little over 100. Recently we adopted a whole package of laws on legal reform. This should make our legal system more efficient and help it meet the needs of the market economy. We are also adopting a new labour legislation. And we have adopted the land legislation. All this should start working beginning from next year. That is not all. We are planning further measures to make our economy more dynamic and efficient. These are primarily measures for restructuring, including the major areas that we call the 'natural monopolies'. If we pursue and implement this whole range of policies comprehensively, only then will the economy become more attractive. There are no magic wands to wave here. This all calls for systematic work. We are full of resolution to pursue this plan. What we expect from our partners is only that they deal with us on partner-like terms, and treat Russia on standard terms like everybody else. It is high time we stripped our economy of the political content of the previous years. High time both for us and for our partners. I remember my last discussion with colleagues from the European Union. Also I recall the discussion among experts regarding Russia's accession to the WTO. The logic of the last discussion was as follows. Russia has not been granted market status. I asked my colleagues, why did you grant market economy status to the Baltic States? They were recognised as market economies a few years ago. How are they different from the Russian economy? I asked them to explain to me the difference between the Russian economy and the economy of these countries. I was told that when they were making this decision they were proceeding from the following logic. These countries have very small economies, and Russia has a huge economy. Naturally I asked them, are we discussing the quantitative or the qualitative aspects of the economies? And the reply was: we should change the subject. I'm quoting our discussion almost verbatim. I will not say exactly who said this, but present were delegations of Russia and the European Union. All those present heard this. Pretty much the same is true of Russia's accession to the WTO. It is still a question who will benefit more from Russia's accession – Russia itself or the industrialised countries. Our experts are naturally still arguing about this. Some experts firmly believe that some industries in the Russian economy are not ready to compete with the cheap and high quality products produced by our partners. In such a situation, perhaps our partners from the WTO should try to draw Russia into the organisation. But strange as it may seem, nothing like that is happening. And I believe this is also due to political considerations that were characteristic of the times of the cold war. It would be hard to explain otherwise why it is demanded that Russia brings all of its legislation into conformity with WTO standards before we start negotiations on Russia's accession. And we should do it even without knowing whether we will be accepted or not. Such demands have not been posed for any other country ever. But I also think it is good that Russia is not yet a party to the WTO, because in this way we are not tied up too closely with the world economy and we are not drawn into recession with whole of world economy. This has allowed Russia to achieve rather good figures for economic growth. Last year it was 8.4 per cent. This year it is 5.7 per cent. Seriously speaking, we are resolved to continue our negotiations with the WTO, but only on standard terms. I am implying that Russia is being treated like no other country. Such conditions have not been posed for any other candidate. In this I can see a politicised approach that would be more characteristic of the cold war era and quite detrimental; I mean, detrimental to the western countries. I always fear conversations about Russia playing a central role in something – because it may be followed by persistent requests to do something that we may not want to. Russia has always had an established role in this sector of the world economy. Its role is going to increase, first of all because we have a stable situation in this country, and also because the world economy is interested in diversifying risks in the energy sector. I should say in this regard that in this sector of the world economy we are interacting especially intensively with the United Kingdom. Of course, we are working with other partners. But in terms of the energy sector, relations between Russia and the UK are especially strong. British Petroleum and some other oil companies are involved in major energy projects in Russia. We have a lot of oil fields that are explored, that are new, and we are going to develop this area further. But in carrying out this policy we will do our best to maintain the price corridor that will be fair both for producers and consumers. And the fair oil price in our understanding would be between $20 and $25 per barrel. As for the fall in prices, we are not especially happy about it, but nor are we especially concerned about it. Unlike some other oil producing countries, for us the oil sector is important but it is not the only source of revenues. There are some experts, some economists, who believe a price drop will result in a redistribution of resources and in a growth of other sectors of the Russian economy. However, that would require that our economy is first made more attractive. But as you can see from what I said earlier, this is exactly the aim we are pursuing. In what sense? That Iraq would be involved in this as a fighter against terrorism, or that somebody would fight against Iraq? We believe the fight against terrorism will not be over with the military operation in Afghanistan. It cannot be finished by this. Primarily, we need to look at ways of blocking the financing of terrorist activities. And so far I have no confirmation, no evidence that Iraq is financing the terrorists that we have in mind. Judging by information that we have at our disposal, the financing comes from other countries, and we know what countries these are. As for Iraq, the international community is still concerned about the possibility that weapons of mass destruction may be produced on the territory of Iraq. In my opinion, we should tackle precisely this problem. Our proposal is as follows. We should convince the Iraqi leadership to allow United Nations observers and controllers to inspect the sites and facilities inside Iraq that are of interest in this regard, in exchange for a lifting of sanctions. As for a possible use of force, we should look at the productivity of what has been done in this regard so far. If you can name objects or problems having raised concerns of international community that have been destroyed by the bombing, I will be grateful to you. I don't know if any have been destroyed. There have been bombings, but nobody knows whether there have been any results so far.  We believe we should act within the UN framework. I've explained the option that we think would be most effective. However, our proposal has not met with understanding on the part of the Iraqi leadership. We have not received any positive response from them so far. So we are going to continue our joint work, our consultations with our partners in Europe, in the US and in the UK. And of course we are going to continue this work within the UN framework. We believe that this would be reasonable and fair. And we should be honest about what has been happening there all this time, and what is happening there now. In 1996 Russia withdrew all its military and law enforcement forces from the territory of Chechnya. Thus de facto, and not de jure, we granted independence to Chechnya. So nobody can accuse us of suppressing the aspiration of the Chechen people for independence. We have already given them such an opportunity once. And you know what the result was. What happened was that this legal and ideological vacuum was filled immediately with international terrorists and fundamentalists. What we got instead of a new state entity was a quasi-state of a terrorist nature. Today our armed forces are not pursuing any large scale military operations there. What is happening there is the rehabilitation of peaceful life, of the social sphere. This is a complex process that will require much more time. Of course this will call for the continuation of our dialogue with the Chechen people. Within the framework of the constitution of the Russian Federation, Chechnya can be granted a rather broad autonomy. But we cannot afford to make the same error a second time; we cannot repeat what happened in 1996, when an enclave was created which destabilised the whole Russian Federation. We cannot afford this any more. The vast majority of the Chechen people want to live peacefully, in harmony with each other, they want to have a normal life to bring up their children. The best example of our dialogue with all groups of the Chechen population is the fact that the head of the current Chechen administration is someone who before 1996 fought against Russian federal forces with arms in his hands. As for disruptive forces, there are two major groups there. They are not numerous but they are there. There are international terrorists, mostly from Arab countries. And there is the residue of separatist bandit formations. The international community never supported and I don’t believe would support both.  As for the international terrorists, it is clear that these are people raised and trained in Afghanistan in military camps run by Al Qaeda, financed by bin Laden, and neither the Russian nor the European, nor the US intelligence services have any doubt about it. As for the second group, the separatists, they are certainly linked to a great extent with the first group. Russia does not support separatism in other countries and we hope that no other countries will support separatism in the Russian Federation. If we allow people to try to re-delineate borders, especially in Europe, then Europe will tumble into an abyss of continuous confrontation and ethnic wars. There is a humanitarian aspect – the support for human rights. In this regard we are ready to co-operate with international organisations and do our best to prevent problems. A lot is being done in this regard. The judiciary is operating in Chechnya. The prosecutor's office is in operation there. Our law enforcement agencies are fighting not only terrorists and separatists but also the military who violate the law. Criminal actions have been instigated against 20 Russian servicemen. They have been sentenced to various punishments. We will do our best to provide everything necessary to prepare the public for parliamentary elections and the elections of an executive. Yes, we expect this. And if this is the case then the decisions will be more mature, they will be better grounded, and the implementation of such operations will be more effective. Let us not look too far ahead in terms of the number of my presidential terms. I still have my first term to cope with. But of course this does not prevent me from entertaining some ideas about the future of this country. Of course the most important thing is to ensure a developed market and socially-oriented economy, as well as a reasonable economic growth rate within the next few years. Based on this, we would seek to resolve Russia's social problems. I have told you what we can be proud of Russia's economic development in the past two years. But I have to say honestly that we cannot be satisfied with the level we have achieved. We should at least maintain the current pace of economic growth, and that will be hard to do. And the second thing that has to be said is that the level of national well being does not look bad in terms of percentage growth. However, in absolute terms it is rather low and we cannot be satisfied with it. I want people in Russia to be better off, to enjoy a better quality of goods and services at lower prices. I want that along with the development of democratic institutions, without which the future of Russia is unthinkable, Russia be more predictable, more transparent, more manageable. It is based on this rationale that we have introduced such new tools as plenipotentiary representatives of the President in the regions. Their responsibilities include co-ordination of the activities of federal authorities in the regions. By no means are they allowed to intercept responsibilities and privileges of the regional authorities that have been elected by the region’s population. I want Russia's civil society to develop further. I want our public organizations, trade unions and various associations to become a real force capable of influencing the process of adopting political and administrative decisions. I want our new laws on political parties to be translated into real practice. I want the people to have the choice in the elections not among personalities who they may like better or worse, but among representatives of political parties that adhere to a certain vision of the country’s development, a certain theory of the nation’s development, a certain political movement. All of this should make Russia more organised, more stable and more prosperous in economic, political and social terms. If we look at the percentages of representatives of various regions in the government and the presidential executive office you will not find many natives of St Petersburg there. Of course there are some. But not all of them were invited to their current office by me. When I came to work in Moscow a few years ago there was a pretty large group of people from St Petersburg here already. Of course I know all of them. But they had got their jobs in the government or in the capital in general, through channels that had nothing to do with me at all. I try to hire people for jobs in the central authorities based on their moral and professional qualities. I have been trained to adhere to this principle. Frankly, I have been here in this capacity for less than two years. Of course I would hire people with pleasure not only from St Petersburg but from other regions. But to this end I have to know these people well. I need to see how they work, the results of their work. And of course it is much easier for me to take decisions about hiring people based on what I know about them from our joint work in St Petersburg. Speaking about the future of the state I would also like to add a further point. No full-fledged state can exist without a free press. It’s very important for the future of the country. We should create economic conditions for the development of a free press. If you look at the economics of any major media organisation here you will see it cannot exist on its own without any external influence or investment. This is impossible for a mass media organisation here. If you look at the expenses that any media organisation bears in renting premises, utilities, communications, taxes, then you will see it is unable to pay a decent salary to its journalists. It can only pay a few cents to them. Without major outside investment, national and even regional media organisations simply cannot exist. Then they are often run by major energy companies or by trading firms, or by other private institutions. The objective of the state is to create the right conditions. Thank you very much."
2001-12-19 00:00:00,Opening Remarks at a Meeting of the State Council on Government Support and Development of Small Business in Russia,"The Kremlin, Moscow",[],"Distinguished colleagues, On our agenda today are the issues of government policy in the sphere of small and medium-size entrepreneurship. We identified the key aspects of this topic at the meeting of the State Council Presidium yesterday. They are presented in the report prepared by a working group headed by the Governor of the Leningrad Region, Valery Pavlovich Serdyukov. I trust that you have familiarized yourselves with all the documents, or at any rate that the documents are all there. As part of the preparation for the State Council, the working group and yours truly met with the representatives of big, medium-size and small businesses. And there were discussions within the business communities. The documents you are to discuss today contain the proposals both of governmental and non-governmental structures, including organisations that represent the interests of entrepreneurs. Let me say from the outset that small business is an important national concern and I am sure that the majority of those present would agree with me. The more people are involved in small businesses the more stable and healthy is the Russian economy. The number of small enterprises in this or that region is a sure indicator of the performance of regional governing bodies. Unfortunately, our hopes that small business will become the engine of reforms and take its due place in the economy have yet to be justified. To be more precise, it is not that the hopes have not been justified, but that we have failed to accomplish it. When I say “we” I mean the regional authorities, the federal and the municipal authorities. That is why there is no credible middle class in the country. However, in spite of all the snags in this development, small business already provides livelihood for a third of the Russian population. But so far, unfortunately, it merely provides a livelihood without contributing to growth and innovation processes in the economy as a whole. More than half of all the enterprises in the sector are concentrated in eight regions, and a quarter of them are in the capital, Moscow.  As you see, it is a very spotty and not a very comforting picture. If nothing changes, small business has all but exhausted its growth potential. And the reason is by no means the inertia of Russian citizens. The wish to start one’s own business and to succeed is widespread. And our citizens have immense resources, above all intellectual resources.  But in the business day-to-day activities they face a huge number of obstacles at every step. Obstacles created by municipal, regional and federal authorities. Every level “contributes its mite”. As a result entrepreneurs remain “in the shadows” or shut up shop or withdraw “into the shadows”.  Obviously, all of us at the federal and local levels must change our approach to the problem. We must become aware that without the development of that sector the country will not have sustained economic growth or improve the life of its people. I would like to mention the main priorities which can produce great improvements within a short time.  Government support of small business is above all about forming a high quality and effective legal environment for entrepreneurship as a whole. In the meantime our entrepreneur is often defenseless under the law. At the federal level there is not even a framework law that protects the rights of the entrepreneur. Besides, at present one has to pay for every step, every document and every permit to the firms which have contracts with firemen, the sanitary inspection and dozens of other services. In reality this is nothing but a legitimized form of bribery. At a meeting with the representatives of small business I asked for a list of government and municipal organisations which engage in open, though legitimate, extortion.  So, it is necessary to have a closed list at the federal level of all the documents that the authorities have the right to demand from entrepreneurs. It has to be an exhaustive list. Without such an efficient approach all our concepts will make no sense. And if we competently write up all the details, frameworks and bans, that alone would yield a serious effect. It is also necessary to improve the legal framework for the oversight of business activities. This is not to say that there should be no supervision, but supervision should be regulated, there should be no arbitrariness in this sphere. As it is, there is widespread arbitrariness. The main reason is the vague legal provisions and all sorts of “blank spots” in regulations. The next problem is not just cutting taxes, but improving the very procedure of taxation and accounting. Most small businessmen have had no specialized training. These people find it hard to understand all the niceties of the tax system and modern accounting. It is quite within the capacity of the government to develop a simplified system which will be more effective for the government and ensure better collection of taxes for the local, regional and federal budgets.  In this connection an interesting idea is the so-called limit to taxation that has been discussed at meetings with the representatives of big and small business. I am aware of certain problems and they are being discussed at the Economy Ministry. The proposal has been backed by the Russian Union of Industrialists and Entrepreneurs. I think the Government should continue work on this issue. And particular attention should be given to improving the starting conditions for small businesses.  All this has to be borne in mind when we speak about improving the business environment. We must know precisely what prevents beginning businessmen from standing on their two feet, what prevents them from liquidating unsuccessful businesses in a civilised way. And of course we should remember that what makes small enterprises different from big ones is that they can be quickly started and quickly curtailed. I think it would be useful to conduct similar work in the regions.  One should also look for forms to make easier for small enterprises access to credit and other financial resources. The ultimate goal is to enable the entrepreneur to obtain cheap and long-term credit on condition that the credit will be paid back. Laws are needed to regulate the creation of such credit institutions and structures that ensure financial risks.  The problem is not only financial, but also managerial, and it is in many ways linked with business culture. There is a lot of room for improving that culture here. And it is up to the business community to change that situation.  It is also incumbent upon us to find ways to facilitate the access of small business to disused basic assets, above all premises and equipment. That problem was the subject of a lively discussion at the meeting of the Presidium yesterday. Opinions vary, but the problem is there and one must give thought to it.  We should also give thought to another element, the information resources. Information resources are emerging as the most important resources and their role is going to increase. I have mentioned the more acute questions that must be discussed and solved.  In conclusion I would like to stress that the development of small business is ultimately about improving the well-being of our citizens. By limiting small business we constrain people in their desire for prosperity and a higher quality of life.  I think that a responsible attitude to this kind of activity may become an effective instrument in meeting the social and economic challenges facing us.  Thank you. "
2001-12-19 00:02:00,Closing Remarks at a Meeting of the State Council on Government Support and Development of Small Business in Russia,"The Kremlin, Moscow",[],"I would like to thank all of you for your active contribution to this meeting today. During the course of our discussions we identified the main problems facing small businesses and certain proposals have been made. As you know, not merely the overall concept, but a concrete action plan have been prepared, which, in my opinion, is very important. I think the working group did the right thing. Instead of concluding remarks I would permit myself to present you with a list, an open-ended list, of instructions that will emerge from the results of our discussions today. It is an open-ended list because some of the proposals that have been voiced here have yet to be formalized and included in the list.  The following instructions will be issued to the Government of the Russian Federation: First: to prepare and submit to the State Duma of the Federal Assembly of the Russian Federation proposals on more accurate criteria of small enterprises.  Second: to suggest improvements to tax legislation in order to simplify the taxation system for small enterprises and the taxation system for certain types of activities.  To prepare proposals to simplify forms of reporting when paying the consolidated social tax. This is an issue over which speakers today have voiced concern.  To consider the possibility of legislating the maximum level of the tax burden on small businesses. It is a complicated issue and we have had some further consultations with the Government Chairman, and we should follow that road and the government will give some additional thought to the parameters for resolving that issue. To speed up the development of regulations and legislation elaborating the federal law on the protection of the rights of legal entities and individual entrepreneurs in the process of state control, as well as regulations to eliminate contradictions between the existing legal framework and the basic principles set forth in the said federal law.  To ensure that the whole range of regulatory documents is available to entrepreneurs, documents that regulate the procedure and terms of their activities as well as the powers and the jurisdiction of the supervisory bodies.  To prepare proposals on the establishment of consultancy centres for entrepreneurs.  I think it would be right if the Government developed a procedure whereby the enabling decrees issued by ministries and agencies would have to be published in the media prior to coming into force. To develop a conceptual approach to the organization and conduct of government control of compliance of the products, processes, production methods and services with mandatory requirements.  To eliminate duplication of activities by different agencies in supervisory activities. There are many such cases, some verging on the ridiculous. In any case, the more outrageous instances should be dealt with immediately. It is necessary to analyze and assess what we have in this sphere at present. Jointly with the business community, to prepare and submit to the State Duma of the Federal Assembly of the Russian Federation a proposal on amending current legislation with respect to the procedure of establishing mandatory state requirements of various types of entrepreneurial activities.  To consider improvements of legislation regarding the activities of credit cooperatives, mutual credit societies and other non-banking institutions lending money to small businesses. In general, I think we should see what can be done to make financial resources more accessible to small and medium sized enterprises.  To develop a simplified procedure for the lease to SMEs of federal property not slated for use for any other purposes. To develop procedures stimulating the participation of SMEs in the privatization of federal property.  And in conclusion I would like to say that if a favourable environment for the development of small and medium sized businesses is to be established there must be stability in society, the state and in the regions, there must be an ongoing dialogue between the business community and the authorities.  In this context I would like to welcome what Victor Ivanovich, the Governor of the Khabarovsk Region, has said: while the establishment of the Entrepreneur’s Day may be the subject of further thought, there is no doubt that a dialogue between business and the authorities must be established at the federal, regional and municipal levels.  In this connection I would like to draw the attention of the President’s plenipotentiary representatives to the regions to the following. The heads of the constituent members of the Russian Federation rightly pointed out today that many of the outrageous things that are happening in this sphere have been initiated by the federal executive bodies in the regions. So you must help the heads of regions to resolve that problem. How to do it? Consult with the governors and the presidents of the republics within the Russian Federation and think.  Finally, I would like to express the hope that this work, whose urgency we constantly stress, will not be completed today. It will be a long haul, so I would ask you to keep this problem under constant review. You should personally pay attention to it because if the heads of regions and the state do not pay attention to that sphere, the problem will be stalled and we will constantly be going back to square one.  I very much hope that we will work jointly, intensively and effectively. Thank you for your joint work today. "
2001-12-20 00:00:00,Speech at a Reception Marking the Security Agencies Personnel’s Day,"The Kremlin, Moscow",[],"Good evening. I am genuinely happy to congratulate you and your colleagues on your professional holiday and to wish success to all those who have chosen this responsible and challenging work, all those who serve their people and country with honesty and dedication.  And of course, my special words of appreciation to the veterans who have devoted their whole lives to the service. Congratulations, dear friends. The Russian security agencies have many tasks. Protecting the rights and freedoms of citizens is the most important of these. This is the key to understanding the essence of public security. This is the key to winning the confidence of our citizens. I am sure you are well aware of it.  Among the main tasks facing the security agencies is the fight against terrorism. Russia was the first to be confronted with large-scale manifestations of modern terrorism, terrorism in its new guise.  Our actions delivered the first serious blow on international terrorism as a whole. It is our duty to understand the roots of modern terrorism and the new subversive methods it uses. We know from our own experience that the war on terror is hard and fierce. Every success is achieved at a great cost, including at the cost of human lives, at the cost of the health and lives of our people who secure peace in the country. I ask you to observe a minute of silence to honour the memory of all the security officers who gave their lives in the line of duty. Dear colleagues, One of the main areas of the work of the security agencies is to counteract the activities of foreign special services. The strength of our “counterintelligence shield” determines not only the security of the country but to a large extent the competitiveness of our national economy. National special services throughout the world protect the economies of their countries. That work is particularly relevant today. I am glad to note that not only the FSB, but other Russian special services have made considerable progress in this area.  Dear friends,  On this festive day you will of course be remembering the highlights of the history of the special services in this country. Of course there are many highlights. And we should not be shy about being proud of that history, being proud of the heroes and their exploits.  Public awareness of the importance of your work and public trust is the main reserve of the security agencies today. That is why it is so important and necessary for the special services in this country to be open to the media. For all the special character of your activities, Russian citizens have the right to know about your problems and the most important results of your work. And I think you are not just ready for it, but it seems to me that the special services themselves are interested in it.  This year the new Russian special services, like the new Russia itself, are marking their 10th anniversary. I would like to stress that of course the history of our security services is much longer. Our country, like any state, needed to protect its national interests at all the stages in its development. The question was how these interests were interpreted and what means were used to protect them.  I believe that the main result of the work of the special services in the past 10 years is that they have become an organic part of the system of democratic government, its natural and necessary component.  But it is equally obvious that we all have to work very hard for democracy and rule of law to be finally established in society and government, for the rights and freedoms of citizens to be secured. This is the main policy task of all the government bodies, not least of the security agencies.  In conclusion, I would like to thank you again for your fortitude and perseverance, your hard work and loyalty. And of course I would like to convey the warmest wishes to your families: fathers and mothers, wives and husbands. They love you and they feel for you. And you are aware of their support at critical moments.  I congratulate you all on this holiday. I wish you all the best. "
2001-12-21 00:00:00,Joint Press Conference with the British Prime Minister Tony Blair,"Halton, Great Britain",[],"Good evening, ladies and gentlemen, First of all, I would like to sincerely thank the British Prime Minister and Mrs Blair for their invitation. It is a great honour for me and my wife to be at the home of the Prime Minister of Britain. And it is also very interesting. It is an old building with its own history and Mr and Mrs Blair have been kind enough to tell us something about the place.  But the most important thing of course is the chance to have an informal exchange of opinions not only on bilateral issues, but also on the international problems of practical interest both for the people of Great Britain and for the peoples of the Russian Federation.  I agree with Mr Blair’s statement: I also believe that this year has been in many ways a turning point in the destiny of the world. Not only have we become aware of the common danger of terrorism, but we have realised the need to fight it together. In this context we devoted considerable time and attention in our first discussion to our cooperation in counter-terrorist activities. Among other things, we discussed the current situation in Afghanistan and the future of Afghanistan. The discussion between Russia and NATO will continue in a constructive mood. The idea of the “20” was first proposed by Mr Blair when he was on a working visit in Russia. He proposed it at my home, and I think he will come up with some more good ideas now that he is at his home. Just recently he launched an initiative to bring Russia and the EU closer together. I would like to stress that the initiative regarding Russia’s accession to the WTO was put forward by Mr Blair and Mr Berlusconi. As for NATO, the formula proposed by the Prime Minister suits Russia quite well. And I think that it is one of the few possible ways of changing the quality of relations between Russia and NATO and, even more importantly, it is one of the few real ways of changing the situation in the world in terms of a single security system in Europe. It is important that we have agreed on a schedule for further work and by May 2002 we must determine the details of the new “20” format of political interaction. The Russian side is prepared to work on such approvals, as I have indicated. This year the relations between Russia and the European Union have been developing positively and dynamically. The EU is our priority partner. And its role in this capacity must grow. This applies to our political dialogue, interaction on security issues, countering terrorism and, last but not least, to trade and economic interaction. We have discussed in detail the problems of EU expansion and its consequences for the economic cooperation between Russia and the European Union. Of course we devoted some time to strategic stability. I reiterated Russia’s approach to the ABM Treaty and our position on the US decision to withdraw from the Treaty. But I would like to repeat that we are not inclined to dramatise the situation and hope that the dialogue will continue, including with our American partners. I told the Prime Minister about my recent telephone conversation with the US President and I told him that we have agreed to intensify our contacts in this sphere early next year through the Ministry of Foreign Affairs. I had the impression that our position met with a favourable response. We have also discussed some regional problems and the situation in the Middle East. On the whole the discussion of the entire range of current international issues confirmed my conviction that the character of our cooperation in the world fully matches the spirit of the relations between Great Britain and Russia, and the relations that have shaped up between myself and the Prime Minister. On the subject of bilateral ties, we focused on the basic issues of bilateral trade and economic interaction. I had a meeting with the Confederation of British Industry and some representatives of British businesses. These companies have multi-billion projects in the Russian Federation and their activities, I am sure, will contribute not only to Russia’s economic growth, but to creating favourable and stable conditions for economic development in Europe.  Britain is among the top five trade and investment partners of Russia. We highly value the assistance of your country in implementing structural and market reforms in the Russian Federation. But the most convincing demonstration of Russia’s economic attractiveness is provided by the work of such British giants as Shell and British Petroleum, whose managers I have just met with. Their participation in joint energy projects, as I have said, is measured in billions of dollars. Their interest in the Russian market has picked up recently, which perhaps may soon translate itself into a series of new large-scale projects. We welcome the British Government’s decision to renew guarantees of British export credits and insurance of investments in Russia. For our part we could propose the use of the “one stop” principle in implementing some agreements, the principle we have introduced for the registration of businesses. We are prepared to step up our work in the field of production sharing agreements.  A reciprocal gesture could be a review of anti-dumping procedures with regard to Russian goods and producers which now exist at the EU level.  Some major events are planned for next year in the sphere of economic cooperation. The Russian Economic Forum in London in April 2002 will be the high point of these events. Our choice of the British capital as the venue for the presentation of the Russian Federation and Russian economy is not fortuitous; we proceed, among other things, from the high level of relations that has recently been achieved between Russia and Britain. We are grateful to the Prime Minister for his support of the event, which, we believe, opens up good prospects for mutually beneficial contacts between our countries.  In conclusion I would like to say that we look forward to next year with hope. A good headstart has been made in our bilateral relations, and there is every reason to hope that in 2002 our contacts will develop just as intensively. I would like to wish a Merry Christmas and a Happy New Year to the press as this is likely to be our last meeting this year.  Thank you. I didn’t know what was happening in the Channel, and when a British colleague told me what happened just before the press conference I replied facetiously: “You should search more carefully”. On a serious note, I fully agree with the Prime Minister that it is no joking matter. When it comes to national security, one should proceed within the law, proceed carefully, but vigorously and professionally. And replying to the second part of your question regarding nuclear terrorism, let me note that, first, we have an initiative on the issue in the framework of the United Nations, we are in favour of passing a corresponding document setting down the rules in the fight against this kind of terrorism. And secondly, it should be central to the joint work of the proposed “20” within the NATO framework. Issues of non-proliferation of weapons of mass destruction and their delivery and the fight against terror are key real threats that worry all of us today. This is what we propose to discuss and I think that if we combine our efforts, if we act jointly, our work will be many times more effective. I think two approaches are possible. The first approach is to identify the areas of interaction from which Russia will be excluded and to state that on all the other issues Russia will be a fully-fledged participant. The other approach is to identify two, three or four issues on which Russia will be a fully-fledged participant on the understanding that it will not be in on all the other issues. The former is a more serious and a more radical approach, but we could settle for the latter too. I think if we select the issues that I have mentioned and that are of interest for all of us – and nobody is challenging that – then gradually, as our work together proceeds and confidence in each other increases, the list of problems to be tackled jointly can be expanded.  Russia does not claim to be a fully-fledged participant within NATO, it does not claim the right to influence decisions in accordance with Article 5 of the UN Charter, and it does not seek to influence the defence policy. But there are areas where we can act together very effectively. I have mentioned them and I need not repeat them. Such an approach suits Russia.  I would like to add something, although the question was directed to the Prime Minister and not to me. I would just like to thank the Prime Minister for remembering the victims of terror in Moscow and other major Russian cities. Believe me, it is very important for us that people here know about it and remember it. And in general we appreciate the initiative of the Prime Minister in establishing early contacts with the Russian leadership and with me personally. We had no doubt that we were being listened to and understood. It was a very good start, which enabled us to organise effective joint work to neutralise the threat of international terror, in this case in Afghanistan. International forces are being introduced in accordance with a UN decision, as has been said here, and you know that Russia took an active part in preparing that resolution. In the final stages we had active consultations with the members of the provisional administration in Afghanistan and as a result we can say that a decision has been found that is acceptable to all. And secondly and just as importantly, it is something that has to do with Russia’s interests, which is to have Afghanistan as a friendly neutral neighbour, which will not allow any terrorist training bases and will not send them to the North Caucasus in the future. In that sense the presence of an international force to maintain order and help the legitimate government of Afghanistan fully meets our interests.  As regards Chechnya, I have talked about it recently, including in my interview in Britain: the situation is not all that simple and we are not going to pretend that we are dealing only with manifestations of terrorism in Chechnya, although many of the problems there are created by international terrorists. That is an indisputable and universally recognised fact. International terrorists and their sponsors are financing the people who have not laid down their arms. There are many mercenaries, particularly from the Arab countries, who are still fighting there. But some of the people who have not laid down their arms can hardly be referred to as terrorists because they are driven above all by the ideas of separatism. Of course, at present all these elements are intertwined and in practice it is hard to tell one from the other. As for the other part of the problem, the problem of separatism, everybody knows that it is a problem that confronts not only Russia, but many other parts of the world, including Europe.  We do not support separatism in other countries and we hope that no one will support our separatists. It would be a gross error, which would plungeEurope into an endless succession of ethnic and religious conflicts. At the same time it does not mean that everybody should be allowed to do whatever they like, including in the human rights field. As for the humanitarian aspects, human rights and so on, I repeat that we are ready to cooperate closely with international organisations.  I have told Mr Blair about our plans to use all the possible political means to resolve this problem. Thank you. "
2001-12-24 00:00:00,Live with President Vladimir Putin — Hot Line (excerpts),"Moscow, Vladivostok, Yekaterinburg, Kazan, village of Kazache-Malevany (Krasnodar Region), Kaliningrad, Novosibirsk, Murmansk, Rostov-on-Don, St Petersburg",[],"To answer that question we have to recall what goals we set ourselves at the beginning of the year, in January. We faced several tasks. Basically they were as follows.  First, sustaining the positive trends of the Russian economic growth and using that as a basis to improve the well-being of the people and create conditions for positive national development in the medium term.  And if we look at what we have at the end of the year, the results are as follows.  We planned an economic growth of 4%, and it turned out to be 5.5%. The final figures will be known late this year and early next year.  Industrial output has increased by 5.2%, and agriculture has performed even better. In general I would like to congratulate our agricultural workers because this year they set a record of sorts. And I am not speaking about the grain harvest, which is 83.7 million tons this year. We haven’t had such a harvest in years. And if you look at the dynamics, they are even more impressive: three years ago we had 48 million tons, two years ago 55, last year 64.5, that’s about 65; and this year – 83.7, almost 84 million tons. But what is more important is that according to experts (but that will probably need to be verified) the yields per hectare have been the biggest in the whole history of Russia.  Now for the main thing, people’s incomes. The picture is as follows.  Incomes have been growing steadily since last year. Last year they grew by 6% and this year by 6.5%. Average wages, and I stress, average wages, increased by 20–21%.  Let me note from the start that the growth has been less for the military and the public sector employees. In general, our economy employs 60 million people, of whom 10 million are employed in the public sector. Public sector employees had only one 20% increase in January this year, but this year we have been paying back wage arrears for previous years. The federal budget has earmarked twice as much money for that purpose than last year. Early in the year, in January, wage arrears to public sector employees stood at 3.5 billion rubles. They have now dropped to 1.5 billion.  The number of unemployed has dropped significantly from 11.1 to 8.9%, that is, by one and a half million people. In short, the figures are significant.  The Central Bank has increased its gold and currency reserves. The ruble has grown stronger, although we have failed to meet the targeted rate of reducing inflation. It is lower than last year but it falls short of the budgetary target.  All that has apparently brought about a psychological change because we still have a positive birth rate trend. While the demographic situation overall is negative, the birth rate has increased. It shows that the so-called planning horizon has increased for the government, for individual companies and for individuals and families.  Of course, there are a lot of outstanding problems and people’s living standards are still very low, if you look at pensioners, it is still very low. Having said that, the pensions have increased by a record 23% this year. I am giving you real figures because the formal figures are still higher, 40–50%. But the real figure – adjusted for inflation – is a 23% growth of the incomes of pensioners. Even so, living standards remain quite low. But the trend is very positive.  And all this combined gives us grounds for saying that the results of our work (and when I say “our” I mean the whole country) can be considered satisfactory. And one can safely say that the outgoing 2001 was a good year for Russia.  <…> I must tell you that RAO UES is not an alien company for the government. But of course we will not leave a single person, let alone a whole region, at the mercy of a single company, we will never do it. In general, the energy supply of such a territory as Primorye and of the Far East as a whole is a major national problem. I must say that in the Soviet times there was no sustainable system of heating and electricity supply in the area. You know that the region has to rely to a large extent on imported fuel, expensive fuel oil and coals, which have to be brought either from Yakutia or from other regions of the country. And the power transmission network is not sufficiently developed.  At the same time the Government, above all RAO UES, with government support, intend to implement a series of programmes to develop this area. One of these is the Bureiskaya water-power plant in the Amur Region. It is to be launched in the second quarter of 2003. We will continue to develop the power industry in Kamchatka. A geothermal power plant was launched there recently. And gas development continues. The government debated for a long time whether it should suspend the construction of the power plant in Magadan. It has been decided to go ahead with the construction. It will be launched a little later than the Bureiskaya water-power plant.  All that, plus additional efforts of the government and the companies working in this sphere, must yield a positive result. Unfortunately, that is not enough. We must restructure the whole system of supplying heat and electricity to households, especially in such an important region as the Far East. We must align the prices between consumers and producers of electricity and heating, and build natural, normal economic relations. Of course the complexities of the process must not affect the population and the growth of people’s incomes should outstrip the growth of tariffs and prices.  <…> Thank you for your question. Indeed, little is happening in this sphere, but I must say that reforms haven’t really started. So far there has been just talk about the reform. It is as if somebody who has suffered from a chronic ailment for many years comes to a doctor and says: I want to join the pool of cosmonauts, can you give me a pill because I have to pass my medical checkup tomorrow with flying colours. Such miracles do not happen. The problems with the housing and utilities sector have been building up for years, and not only in the last 10 years. You are a young man, I don’t consider myself to be an old man myself, but I remember, and the people of my generation remember well a lot of jokes about plumbers in the Soviet times: they either have no nut of the right size, or a pipe would break, and pipes would leak here and there – we all know it. The sector was under-funded for decades. But in the Soviet times, although all this was officially municipal property, in fact it was financed by the central government, because the heads of the so-called planning commissions of local Executive Councils went to Moscow or to the regional capital to lobby for more allocations. And the money then trickled down to house maintenance committees. Everything was in short supply, and there was underfunding, and everything was slowly decaying, but in general kept afloat.  Beginning from the 1990s the whole housing and utilities sphere was truly transferred to the municipalities, and their financial and budgetary resources are way too limited to meet the needs of the housing and utilities sector.  So, a lot remains to be done here. And for starters, we should make sure that the money the government allocates, including the federal budget money, does not go to local monopoly enterprises (it does not matter whether they are private or government-owned, what matters is that they are monopolies), but directly to the people: to you and other owners of housing. When people begin to accumulate money in special personal accounts and create associations of flat owners and themselves order services, then that government money will work much more effectively.  Experts say that 20% less money will be needed than we spend on that sphere today. And another result which is important in this country, whose population is not very wealthy, is this: government assistance will reach the people who need it. And the people with high incomes will pay the full price. <…> I understand. Thank you for your question. It is strange to hear this because the average pension in the country has exceeded the targets that we set early in the year. In general, I must say (and this is well known) that over the past two years the government has been paying a due share of attention to pensioners, at least to the best of its ability. I have said that the average pension has increased by about 23%, but the pensions of war veterans and disabled war veterans have increased even more. Let me see, the pension to World War II veterans has increased by 1250 rubles and has reached 3400 rubles. And if for some reason your pension has not been adjusted, that is odd, obviously it is a mistake of the relevant agencies, which should look into it.  I hope that you have left your telephone number with the studio and it will be passed on to us, and I promise you that the problem will be solved.  <…> I have said it many times and I think it is important to repeat that science and education are more important for us even than energy, than oil and gas because this is what distinguished us from the countries which until recently we described as developing countries. And of course the government must pay due attention to science. I agree that for many years science has been neglected. However, I would like you to note that over the past two years the government has been meeting all the budgetary targets. On the whole we see – and I talked with the President of the Academy of Sciences about it yesterday and he has confirmed that on the whole the outlays for fundamental and applied science… I know what you are going to tell me: applied science is a separate item. Of course, I think applied science should be the concern of those industrial sectors to which it caters. But fundamental science is the concern of the government.  This year saw a slight growth. Next year financing of fundamental science is to increase by 40–50%. Of course, it will be less in real terms considering the inflation level. But the government has made a decision: this year the money will be spent to increase the salaries of those who work in the sphere of fundamental science and to address the problems connected with the housing and utilities sphere.  And next year, in 2003, will see allocations for the research process proper. We wish we could do it at once, but unfortunately, the budget cannot support everything at once, so we have to solve the problems in this sequence.  <…> You probably mean the planned pension reform envisaged by the package of laws passed by the State Duma which applies to the paid up part of the pensions. Let me reassure you. That system will fully apply and cover only those citizens who today are under the age of 30. That category of citizens will be fully covered by that system. The people in the 30–50 age bracket will be covered only partially. And the people aged 50 and older, let alone those who are already retired, will not be affected at all.  The paid up system will function in the following way. Today companies and organisations contribute 28% to the Pension Fund, of which only 2% will go into the accumulated part in 2002. I would like to take advantage of your question to explain it not only to you but to all the other people who are interested. Only 2% will go to the accumulated part. And a person will in the future be able to decide whether to deposit the accumulated part with some fund or to use it in some other way.  The government has assumed that it would bring part of the wages out of the shadow economy because a person will demand that the employer declare his full wage and not pay it “under the table” in an envelope, because the future pension would depend on his wage today. And that is a very important principle.  I repeat, it will be introduced gradually, and as regards current pensioners, pensions will be raised on a quarterly basis in 2002.  <…> You know, Svetlana, I wouldn’t say that the Russian economy is so heavily dependent. What is your major at university? So, it’s a question in your line. The Russian economy does not depend on oil prices. But it is true that the Russian budget does depend on oil prices. The dependence is considerable because 30–40% of the budget hard currency revenues still come from the sale of our energy on the external market.  Of course, we are all worried whether the government will be able to cope with its social obligations next year if oil and gas prices continue to decline. It would create difficulties for the budget. But I must say that, first, it assumes a minimal price of oil, and is based on the worst-case scenario.  And secondly, and most importantly, and I would like to draw your attention to this as a future international affairs expert – all our efforts this year, involving joint and fairly difficult work with the Parliament – and the Parliament (I should have said it at the very beginning, answering the first question) has been doing its level best this year; I am saying it without a trace of irony because the deputies have been working until 10 or 11 p.m. and sometimes through the night – well, the main thing that has been accomplished during this time is that a whole package of laws has been drafted and passed, including laws in the sphere of the economy or related spheres. That block of laws should create prerequisites for a favourable development of the country in the medium term.  And if that is so, we will see a good and sustainable investment climate beginning from next year. And if that happens then the money accumulated, among others, by our oil and other companies that have been selling commodities for many years, can be redistributed to other sectors of the Russian economy. And in general it may even have a positive effect. For this to happen, I repeat, we must have the kind of state that is not only able to secure that these laws are passed, but to enforce them.  <…> Now, Ivan Mikhailovich, no one is interested in letting them remain at large except the bandits themselves. If this were the case one of them wouldn’t have had half of his leg shot off.  As for Gantamirov’s claim you have referred to, you know that he is deputy to the Presidential Envoy to the Southern Federal District and until recently he was the mayor of Grozny, and he controlled the Chechen police to a large extent. So, if he really knew the whereabouts of certain prominent insurgents, and in what house they were staying and had a chance to seize them, he would have done so. Knowing his character, I haven’t the slightest doubt about it.  I think his information is fairly vague. And you have to bear in mind that the places he mentions are not little hamlets with two or three houses. There are several thousand people in these communities. And remember that the insurgents had been preparing for this situation. I have no doubt that they have ensured their safety by digging underground passages and so on.  So, unfortunately, we cannot afford to conduct the special operations called “mopping up” operations in communities where thousands of people live. We cannot use the aviation – including heavy bombers, as we did in Afghanistan. We should not forget that the people who live there are Russian citizens and we must proceed very carefully. But I have no doubt that our special services will get them in the end. <…> Alexei, you are right, of course. During the times of the Soviet Union, the United States and the NATO bloc were regarded as the main enemy. The official documents of the organisation with which I worked referred to the United States as “the main enemy”. But I was not too worried about spending the night at President Bush’s country house. I think he must have known what he was doing if he was hosting a former Soviet foreign intelligence agent.  Besides, I can tell you and I think you know that the incumbent President of the United States is the son of the former Director of the Central Intelligence Agency of the United States, who later became the President of the United States. So, in a way, we were like members of a family and we got along very well. <…> Yes, it is a difficult situation. I spoke about it at the very beginning and I would like to repeat it. We could not introduce real and serious wage increases in the public sector until we had repaid the arrears on wages built up over the past years. And as I said, this year the arrears dropped from 3.5 billion rubles to 1.5 billion. Let us face it: one cannot give promises that are impossible to keep, and then fail to deliver on them or “ferret out” that money from other sectors. At the end of the day, it is destructive for the economy.  We have by and large solved the first task in this sphere. The arrears have in the main been paid up, although not fully, and so we have been planning to start raising wages next year. But having looked at the results of the work this year we concluded (and the deputies made the calculations) that the raises will be considerable: by 40–60%, it’s the real figure, adjusted for inflation. The real figures. All this will be introduced from December 1 this year.  Of course, this is not enough. I think Leonid is absolutely right that it is not enough. You have mentioned two spheres, both of them very important for the state: education and healthcare. These are very similar budget-supported spheres, but they are still different.  I would like to say a couple of words about medical care. While developing private medicine we must preserve free medical services for the overwhelming majority of our citizens because their incomes are very low. The focus will be on insurance based healthcare. Money must not go to a medical facility simply because it exists, but on the quality of the services rendered and the number of patients served. Once the insurance system has enough funds to provide that money effectively follow patients, then the incomes in that sector of healthcare and the incomes of healthcare workers themselves will increase qualitatively.  At present the Government is grappling with two issues in this sphere. On the one hand, it is drafting additional legislation and on the other hand, economic validation is being provided. We are looking for sources of funding to create the necessary start-up capital for the insurance system. It is insufficiently developed today.  Regarding schools. It is a separate topic which is even more important for the state. Insurance has no place here. We can use only direct financing. This is particularly true of the secondary school, more than of higher education. The school is in a difficult situation, just like the housing and utilities sector because it is in the hands of municipal authorities, which don’t have sufficient budget revenues to maintain schools in proper conditions. Was it Sverdlovsk? I think the Yekaterinburg Region has the only school in Russia which is on strike. And yet Yekaterinburg is a high-revenue region, it is a net contributor to the federal budget. Why does it happen? Because there are certain problems in bringing support from the national and regional level to the municipal level, including support of schools. I think that problem can and must be solved. And I have prepared a decree, which I am going to sign before the end of the year. It is a very soft decree, but it recommends the heads of the Russian regions to introduce targeted subsidies for schools to maintain their facilities and material resources and the salaries of teachers. The federal budget will help the regions for its part.  <…> Pavel Grigoryevich, you have touched a sore spot, you put your finger on it. The problem is there: it is a distortion of the government’s crime control policy. The policy is set forth in the Criminal Code and we should see how to change it. Nothing like it happens in other democratic countries. Minor crimes of course can be punished in ways that do not involve imprisonment. At the same time court rulings regarding people who have committed serious crimes must be enforced. And the state must be consistent. The government has been given this task and we will tackle it.  <…> I am aware of the problem, and there are no easy solutions. I am sure there are many questions on this topic, which is very close to the topic of corruption. In general, corruption and abuse of power, especially in the law enforcement sphere, is not unique to Russia. It is a scourge of many countries. But in Russia it has acquired a certain scale that the government cannot ignore. In order to solve this problem the situation in society as a whole must be changed, in economics and in the education sphere. But meaningful administrative decisions are also needed.  One way to tackle this problem is to strengthen the law enforcement agencies and reform the courts. This is the aim of the package of laws on the reform of the judiciary which seeks to strengthen the courts, to make them more independent, on the one hand, and more accountable to society and the government, on the other hand. As you know, the Criminal Procedural Code is due to come into force next year, and under its provisions no citizen can be interrogated even when detained, not arrested, but simply detained, in the absence of a lawyer. So, if beginning from July 1 next year somebody detains you in the street, he has no right to interrogate you in the absence of your lawyer if you demand that a lawyer be present.  Beginning from next year a criminal case cannot be opened without the approval of the Prosecutor’s Office. Up until now the police could open a criminal case with regard to any citizen at its discretion. Now the decision will be taken by the Interior Ministry, by its officials, but only with the consent of the Prosecutor’s Office.  The court system itself has been strengthened. We have introduced the upper age limit for judges, it is 65. Previously there was no age limit. We have introduced a special procedure of bringing judges to account, including bringing criminal charges against them. A procedure of conducting operations with regard to judges has been written down in the law. And so on and so forth.  And what is important, I think – although it is not directly linked with the activities of the Interior Ministry, but still – is the overall strengthening of the rule of law in the country. We have paid particular attention to implementing the decisions of the Constitutional Court. All that is called upon to increase the potential of the state to restore order in that sphere.  <…> I would like to thank you for this question. I must say that there have been many arguments about the lifting of the submarine. But when I made that decision, I must say that it was not my own decision, it was based on the opinion of scientists with whom I worked directly. However, those who objected to the lifting, let us be honest, had weighty arguments, because nobody could say with 100% certainty how it would end. So, I wouldn’t be as critical as you sound.  As for the words used in the question about myself, I would like to thank you for these kind words. But I think it is your relatives we should be proud of above all: your sons, husbands, all those who died on the Kursk submarine and all those who continue their service in these harsh conditions and are fulfilling the vital task of ensuring the country’s defense capability.  <…> I began my service as a lieutenant in 1975. At the end of 1975 my salary was 180 rubles. Not much, even for those times, but decent. Of course, we should not only raise the salaries of our servicemen to the national average, I think they should be a little higher. Just yesterday we had a conversation and an argument with some government members on this issue. In general I think that the incomes of servicemen should be a little higher than the incomes of civil servants, at least by 25–30%. Unfortunately, we have a long way to go to achieve such a situation.  Not much has been done for the Army in that way this year. It has to be admitted. This year the government repaid arrears to servicemen on hardship pay that were introduced last year for those who serve in the North or in the Far East. That was all. Part of the reason for that is that the plan of the Armed Forces development took too long to draw up. The development programme and who should be paid how much was to be coordinated with that plan.  Starting this year our plans are as follows: beginning from January 1 the extra pay for service in special conditions will be increased from 50% to 70% of the salary. Second. We will reintroduce extra pay for commanders of military units. It will cover mainly medium-level commanders from regimental commander down. Generals will also get an increase, but not as much. On average it will be just 10–15%.  And as of July 1 this year there will be a significant raise: by 40–60% in real terms on average. But that will be only the first step towards improving the material well-being of servicemen. The next phase, if everything goes right, and I hope it will, will be a raise of benefits for military rank in 2003. If all that comes through, the average income of a serviceman will be higher than that of a civil servant of a similar level by 30%.  But the main problem today is of course providing servicemen with housing: today we have 90,000 officers and warrant officers who have no apartments of their own. Not enough is being done to tackle the problem. This year, at this moment, only 13,700 or 13,800 servicemen have received their flats. Some additional money was disbursed in December and one more thousand families will get flats. That would bring the total number to 14,700–14,800. Last year only 8000 servicemen got new flats. Beginning from next year the number of people who will get their own flats is to be doubled. We expect that at this rate we will gradually solve the problem.  But I would like to take advantage of your question to draw your attention to some other things. I spoke about raising salaries of servicemen starting from July. (Katya is nervous because I think she wants to read another question. But I will finish answering this question because I know that it is a big worry for servicemen).  Simultaneously, some privileges are to be abolished. But I would like to note that not all of them are abolished, for example, free travel to the place of service and back, during holidays and so on will be retained. But exemptions from taxes and housing and utility rates are to be canceled.  Let me explain that I have instructed the Government to develop and promptly introduce the mechanism that would spread to servicemen the common rule, namely, if you have to pay more than 22% of the total household income for housing and utilities, everything over and above 22% must be subsidised by the state. I want you and all the other officers to know that.  Secondly, retired veterans will retain all their privileges. No privileges they enjoy now are to be abolished. Actually, they are in an advantageous position because they will have their pensions raised as the salaries of servicemen are raised (as you know, the pensions of all the retired servicemen are pegged to their salaries). The pensions will go up and no privileges for veterans will be abolished. Make a note of that. I know that it is a question that worries veterans.  <…> Nikolai Mikhailovich, it was probably a slip of the tongue. You said that they were afloat. If they were afloat, that would be fine. I understand that you meant to say that they are all foundering. Indeed, the defense industry has been in trouble throughout the past decade. And you are absolutely right to draw my attention to this problem. What can you expect if during all this time we haven’t started building a single vessel for the Russian Navy? It is only quite recently that the first new naval vessel in a decade started to be built in St Petersburg. However, if you work in this sphere surely you will know and feel that the government has changed its attitude to the defense industry during the past two years and has been paying more attention to it. We have repaid almost all our debts to the defense industry, 80% to be more precise. The remaining 20% will be paid up in the first quarter of 2002.  And of course, the defense industry should be developed in accordance with the plans for the Armed Forces development. It took us too long to put our act together and work out a strategy of the development of the armed forces until 2010 and a plan of building the armed forces until 2005. The development of the defense industry has been geared to that plan. The government will increase its outlays for the military industrial complex by 30% in 2002.  Nikolai Mikhailovich, I think you will agree with me that in addition to the defense industry we have doctors, teachers and pensioners. I think this is the maximum of what the government can do in this very important area. But we will try to meet the targets that we set.  <…> Kirill Kleimyonov (reads a question that came over the telephone): Yelena Vitalyevna Krasilnikova from the Kostroma Region asks an unusual question: “Mr Putin, you constantly meet with people and presidents, and are always in the public eye. You fly every day; perhaps you have a double, and if not, when do you rest?”  First, it is not every day that I fly although I do travel a great deal across the country and go abroad frequently. When I have free time I do sports, I try to do sports during my free time. Of course I have no doubles. These are a myth. <…> I have already talked about this when I answered the question from an officer in Murmansk. I earned my first money… sorry, I almost got it wrong: my first salary, when I started work with the security and was a Lieutenant, was 180 rubles. But I first earned money when I was a member of a student construction team. We went to the Komi Republic where we cut down trees for a power transmission line to be made, and we built and repaired houses. I earned about a thousand rubles, a fantastic amount at the time. A car cost around 4000 then, I think. I must confess that I made very poor use of that money. I won’t tell you how.  <…> Stanislav Alexandrovich, it is indeed a very important problem, especially for Southern Russia. Let me cite some figures: over the past years about 8 million people have moved to Russia from the CIS countries. Of these 4 million moved to other countries permanently or went back home, but 4 million people stayed in Russia. We spend a certain amount of money to address these problems, not too much money, but it is significant for us. We have helped nearly half a million people, 480,000 people, I think, to solve their housing problems. I may be mistaken, but not by much. Of these people 60,000 were given flats and the rest received money which would not buy them a flat, but will help pay part of the cost. Note that we have 90,000 army officers who have no flats, and 60,000 migrants have been able to buy flats in Russia. It is a tangible number even for us.  Unfortunately, this sphere is very poorly regulated. Our legislation is illiberal and confusing. It is too heavily politicised. In general I must say that most industrialised countries solve their demographic problems through the influx of immigrants. They even pursue a policy of attracting immigrants and they have big problems in this field. Because as a rule the people who come don’t speak the language, belong to a different culture and so on.  Honestly, to us these people are a godsend. The citisens of the former Soviet Union who speak Russian and share our mentality and culture and so on, adapt easily. But, let’s face it, we must have an immigration policy that benefits us. We must attract manpower to the places where the country needs it and not to allow everybody to go wherever they want.  I have given instructions to the government and we will try to get this law through the Parliament. Unfortunately, I would like to repeat that the issue is too politicised here. Some of the deputies still insist that all the citizens of the former Soviet Union are simultaneously Russian citizens and should have all the rights. I think the time when we helped refugees is over. Everyone who wanted to move has moved. All those who wanted to stay in the republics where they lived have stayed, with few exceptions.  So, what we need to do is rather than improve the law on refugees, we should work out a body of migration legislation that benefits Russia. And that is what we will do.  <…> I have already answered that question because I got exactly the same question about the practice of part of the police to provide “cover” for criminals. So I’ll be brief. Yes, it is a problem, and I am aware of it. It is not something that you can just order out of existence. Obviously, a system of economic, educational, organisational and legal measures is needed. We intend to do all that, including with a view to strengthening the law and order system itself. That is all I would like to say for the moment.  <…> Pasha, I don’t think there is much you can do, especially the students in your school. It is up to the grownups to solve the problem. A similar question was asked in connection with the housing and utilities sphere in the country as a whole, and especially in some regions. And the first such question, as you understand (surely you watch television) came from the Primorye Region because it experienced many problems in the past years. And today not all the problems have been solved. For you and your parents to understand what is happening in this sphere I should tell you that there are several levels of responsibility: the federal, regional and local.  Of course, schools and heating are officially in the remit of the city authorities. But I am aware that they cannot cope with all these problems. The federal government should have provided the necessary stocks of fuel. In your region and in Primorye, and I can repeat it again, the stocks of fuel now are larger than in any other year. They exceed 100%. I am sure the situation is the same in the Irkutsk Region.  As for pipes bursting in the networks, including in schools, this is most probably because of the irresponsible attitude of the local authorities. I can’t imagine the city head coming to the governor, Boris Govorin, and saying: if you don’t help me the pipes will burst in my city and all the schools will have to be shut down, I doubt that Mr. Govorin would have refused help. Surely he would have helped. So most probably, it is an omission of those grownups who were supposed to ensure that your school functions normally.  I am sure the governor can hear us and he will do everything to get the schools reopened. If for some reason he fails to do it we will be ready to pitch in. I hope you won’t have to repeat your year at school.  <…> Luiza, the problem is much more complex than just fighting drug dealing. Unfortunately, we have become a country without borders, and not in the figurative, but in the direct sense of the word. There was a time when the situation on the southern borders of Russia was the same as on the border with Finland: barbed wire, a marked border, sniffer dogs and so on and so forth. In the south, which is the most dangerous area, we have nothing of the kind now.  The border between Afghanistan and some republics of the former Soviet Union is “transparent,” to use a vogue word, and in some places it is simply non-existent. And our own borders with these countries, far to the North, if we look at Kazakhstan, are open and undeveloped over thousands of kilometers of wilderness. So, drugs flow direct from Afghanistan through Russian territory to the countries where the drug market is much more attractive than ours.  But in the process, considering what a lucrative business it is, much of the drugs traffic settles in Russia, above all in industrial centres and oil mining regions, that is, where people have the money to pay for the drugs. So, it is an exceedingly difficult task which calls for much effort and a lot of resources, and not only for covering the border, although that is an important area of activity.  By the way, that was one of the reasons why it was important for us to liquidate the hotbeds of drug production and drug trade and crime on the territory of Afghanistan, because it was from there that drugs flowed to Russia and are still flowing, unfortunately.  And besides, organisational and legal measures are necessary. We have a special federal narcotics control programme. We will have to work in two directions. On the one hand, we will strengthen law enforcement which deals with this type of crime. Moreover, I think it is high time to create a specialised federal service to fight drug trafficking. We should strengthen all the other law enforcement agencies and technical units by recruiting personnel and so on.  And the second area of activity has to do with prevention and healthcare: working with drug addicts, preventing drug addiction and treating the sick.  <…> Of course, the problem of energy resources cannot be outside the Government’s purview and outside my purview as the head of state, and that of course includes the problem of gasification. And in this connection I would like to make this comment. People often say that we sell part of our gas abroad and naturally this prompts the question: we export gas, but what about us? Let us first provide for ourselves. I think, Tatyana Alekseyevna, such thoughts have also occurred to you? This is what we have at present in this sphere. Just to give you and others a clearer vision of what is happening. Today to produce 1000 cubic meters of gas and deliver it to the consumer in Russia, Gazprom spends about 420 rubles. I am quoting from memory, but I am almost sure I got it right. And Gazprom sells gas to households and to the industry at an average price of 410 rubles. And it charges households nearly half of what it charges the industry, but on average it works out at 410. So, it costs 420 and it sells at 410, at a loss. Any enterprise, any joint stock company, even the state itself, if it works at a loss, will eventually go bankrupt. If we work towards bankruptcy, we will simply lose the gas industry. That is why we sell part of our gas abroad.  Make a note of this: inside the country the price is an average 410 rubles per 1000 cubic meters, and we sell gas to Europe at 100–110 dollars per 1000 cubic meters. And we sell twice as much domestically than we supply abroad. I think we sell 129 billion abroad and more than 300 billion inside the country. By selling abroad Gazprom recoups its losses inside the country and gets some money for development. This accounts for the need to sell abroad. As for household consumers, that network is constantly growing, perhaps not as fast as we would like to, but it is growing.  I would like to draw your attention to another circumstance. The level of gasification in the Krasnodar Region is twice as high as in other regions of the Russian Federation, although, as we know, the Krasnodar Region is not Siberia. But the gasification policy will continue even in the Krasnodar Region.  If you ask my own opinion, I think we should retain preferential norms of consumption and preferential prices for households as long as possible. While we should gradually level off the prices for industry, being the biggest gas producer in the world, considering the low incomes in the country, we should preserve low gas prices for households for as long as possible. And we will do it.  As for your village I cannot tell you with 100% certainty, but I know there are plans to continue gasification of the Krasnodar Region, and before we go off the air, I will ask my aides to get me a reference or put it on the computer display. I think I will be able to tell you exactly when you will get gas supplies within five or seven minutes.  <…> Valentina Petrovna, it is indeed a very important and complicated problem. There are many homeless children, and this is particularly visible in big cities, such as Moscow and big cities in southern Russia. It is most noticeable there. I am aware of it. What is the crux of the problem? While after the October 1917 Revolution and after the Civil War there were many children left without parents, today, unfortunately, many children have parents but they are neglected. And another part of the problem is that many homeless children come to our cities from other CIS countries, from the former republics of the Soviet Union, and they too have living parents.  So, the problem cannot be tackled in the same way as in the 1920s. We need above all to develop a system to strengthen the family, to promote a healthy way of life and so on. But of course the problem of getting children off the streets needs to be tackled urgently. One part of the Children of Russia programme deals with that problem, but apparently that is not enough. So I recently gave an express directive to the government to work out a system of measures to address that complicated and very sensitive issue. On behalf of the government, Valentina Matviyenko will be personally in charge of the issue.  <…> I understand your question. Lyubov Mikhailovna, of course the situation is hard. I have sympathy for you. That is why we have done everything to repay the arrears to public sector employees this year and to prevent new arrears building up. The federal budget allocated twice as much money to support the regional budgets on these matters in the current year and it intends to continue this policy. I don’t think you have ever paid attention to such a specialised area of work as interbudgetary relations. But all our efforts, all the recent efforts of the government consisted in redistributing part of the revenues of the so-called net contributors to the federal budget in favour of depressed regions, or, to put it more mildly, regions which do not have enough revenues even to pay wages. The majority of public sector employees must have felt the difference, although I do not rule out that there may be delays of wages in some regions.  I assure you that we will build up our efforts to boost the budget revenue and will do everything to make payments regular.  As for disabled children, their benefits will be raised by January 1, 2002. I can tell you that for Category II child disability it will be raised to 900 rubles. So, if you now get 600 rubles for your child, you will be getting 300 rubles more.  <…> Of course, there are no such plans. I don’t think St Petersburg needs it. At the same time, supporting such a large city as St Petersburg is a problem. The city finds it hard to pay its way. I think it would be unfair to put all the blame on the governor. The palaces and parks of St Petersburg belong to the whole Russian people. So the Federation should help to support the city and its museums. I don’t think we have been doing it well enough. But let me formulate my direct answer to your question about transferring the capital. In many countries some central government bodies are not located in the capitals. For example, in Germany the Central Bank is in Frankfurt and not in Berlin. And it was not in Bonn when Bonn was the capital. The court, I think, is located in Karlsruhe and so on. And in many other countries, in France for example, the central bodies of government are scattered.  First, it provides a measure of decentralisation and brings certain government bodies closer to the territories, and second, the presence of central government bodies increases business activity, gives a boost to the real estate market and so on. In other words, the side effects are very good. I think if we put our minds to it and introduce this practice in our country, without any revolutions, not only with regard to St Petersburg, but also some other big cities, such as Nizhny Novgorod, that would be a sound approach.  <…> I don’t know whether you have noticed it or not, but I would have thought that the Government and especially the Foreign Ministry have recently taken a much more active stand in protecting the interests of the Russian-speaking population, and especially the citizens of the Russian Federation who live abroad, first and foremost in the CIS countries. There are many examples but I don’t want to dwell on them. There are some specific issues connected with financing. That is first of all maintaining a certain level and sending the right amount of newspapers, magazines, books and various publications, but especially textbooks, and promoting the status of the Russian language. All this is being done.  If you feel that not enough is being done I can assure you that we will increase our efforts in this area – there is no doubt about it.  By the way, pardon me, if we are still on the previous question, we have a very interesting example in Europe, which I am sure we should all use. I am addressing the questioners and those who are interested in hearing my answer. As you know, in Macedonia, under the pressure of the European Community and the OSCE, they decided that the Albanian population, which accounts for, I think, 20% in Southern Macedonia, should be represented in the same proportions in the bodies of Government, including the military and security agencies, and that includes the police.  I think we have to admit that if it is a fair rule, then we have grounds for spreading it to the Russians, including the Russians who live in the Baltics. In Riga 40% of the population are Russian-speaking people. And they can just as well demand that the same rule apply to them.  Yes, I know. I have already sent a letter of thanks to Askar Akayev. I think it is a very important step in the right direction. <…> Dekabrina Borisovna, let me tell you that we will do everything so that it does not affect you. I am almost 100% sure we will succeed. I have already answered a similar question, but let me say it again. Our budget is calculated proceeding from the worst-case scenario in the world commodity markets, including markets of oil and gas. So, honestly, it does not scare us all that much, although if the price falls very sharply and remains low for a long time we will have some problems with our budget, but we will meet our obligations to the population. I have already said it and I repeat that in 2002 pensions will be raised every quarter and we will stick to it.  <…> No, Iskander, you needn’t worry on that score. As regards Afghanistan, we have very clear aims. They are as follows: we don’t want there to be facilities for producing drugs, which are then brought to us; we want there to be no training camps for terrorists in Afghanistan, who then are sent here; we want Afghanistan to be a neutral and friendly state. That is all we want. And that is the aim of our policy.  We have backed the efforts of the international community in the fight against terrorism which originates on Afghan territory, and we are rendering humanitarian aid to the people of Afghanistan. If you follow the media coverage, our activities meet with support among the Afghans and our actions are becoming ever more popular.  Let me note that both our and foreign experts note our effective actions in this field. We will continue in the same way. There is no question of sending troops to Afghanistan. That will not happen.  <…> Suleiman, Russia is a unique place on the planet because Islam and Christianity have coexisted here in harmony for centuries. There is no other such place in the world in which Muslims and Christians do not only coexist but live in harmony. There is no other such place and of course we must cherish it. Secondly, I would like to stress that most Christians here are Orthodox Christians, that is Eastern Christianity and we have much in common even with Islam.  You know, when the President of Egypt was here on a state visit and we were sitting in the reception hall the walls have various pictures with episodes from the Bible and I started telling him: “I am sorry, but that’s the reception hall we have: all the stories are from the Bible.” And I started explaining every picture to him. And he said to me: “You don’t have to explain it to me, all this is in the Koran too.” And he began commenting on the pictures on the Kremlin walls.  In short, I would like to tell you that Islam is a world religion, a traditional Russian religion and it deserves state support. We will adhere to this policy. And I am sure, considering your occupation, and your work in personnel training, we will definitely seek to unite and bring together our peoples for the good of our state. So I wish you success.  <…> Yevgeny Frolovich, I must say that this year farmers have done a great job. Agricultural output in the country increased by 6%, more than industrial output. Grain harvesting has grown at a very fast pace. Let me repeat these figures: 48 million tons three years ago, 50–55 two years ago, 64.5 last year, and 83.7 million this year. Yet even that is not the main thing. Experts believe – though it needs to be checked – that the yields per hectare have been the highest in the whole history of Russia. These results were achieved not only because of the good weather, although it is important for agriculture. The Government’s policy has been more meaningful this year. It involved several administrative measures, timely supply of fuel and lubricants to rural areas during the sowing and harvesting season and, also very important, easier access to credits. I don’t know if you are aware of it, but I can tell you that this year a rule was introduced whereby successful agricultural enterprises will receive government subsidies when repaying loans to banks. The government will subsidise part of the interest rate. That is direct subsidising of agriculture. All that combined to produce such a positive result.  This year, for the first time in many years, we can afford to export about 5 million tons. If we continue to perform in this way I am sure that Russia will become a significant exporter of food. And I must repeat that we will sustain the trend this year, increasing the area under crops. This year the increase was considerable.  In general I would like to reassure our farmers also in connection with our plans to access the WTO. It need not prevent us from developing our agriculture; on the contrary, it may even help us to break into the food markets. Thank you.  <…> You have asked an important question, Andrei, because, first, the United States is one of the leading world powers and our most important trade and economic partner. The volume of our mutual trade is very important to us. It is our number one partner. Germany is in second place, followed by Ukraine. I am sorry, Germany comes first, then Ukraine and then the United States. I assure you that Russia will do nothing to mar our relations. But I would like to emphasize that we will certainly uphold our national interests. In general I should say that such an interest on the part of the United States leadership could be discerned of late. We do not welcome the withdrawal from the 1972 ABM Treaty, we think it is a mistake, as I already said in my official statement. At the same time I would like to point out the following.  I think the decision – the US leadership knows this better, it is only my hunch – that it is not connected only with Russia. In my opinion, it is part of the new positioning of the United States in the world. It is a new stage in the change of the United States foreign policy, withdrawal from the agreements sealed in international covenants and treaties. In general, the fact of US withdrawal cannot influence our relations because it does not pose a direct threat to our national security. But the quality of future relations depends not only on the Russian, but also on the American side. Everything that has been done of late makes us confident that the relations between our countries will develop positively.  <…> Irina Lvovna, I think we can proceed in two directions. First, we should allow our citizens – those who can and want to do it – to use the services of a lawyer as soon as they face some problems with the state. If today one can demand a lawyer from the moment of arrest, I think from July 1 next year one will have the right to demand to see a lawyer at the moment of detention. Nobody will have the right to interrogate you even at detention without a lawyer, as of July 1. You have the right to demand the presence of a lawyer. Another point to be borne in mind is that more and more laws should be self-implementing. By the way, that is one way of fighting corruption. If we have self-implementing laws then we won’t have to go to bureaucrats or lawyers: the law says clearly what a citizen has the right to demand from the state.  And finally, we should improve not only the court procedure, but the court culture as a whole, the legal culture. Like in other complicated issues, I doubt that there are easy answers, but if we act consistently in all the areas I have mentioned, we can hope to succeed.  <…> Zinaida Pavlovna, you have asked a perennial Russian question. But it is important not only for our country. It is an illusion that we are the heaviest drinkers in the world. The biggest consumers of pure alcohol in Europe are in Scandinavia. In terms of pure alcohol consumed per capita we are behind France. But it need not be cause for celebration. The level and degree of alcoholism among the population are appalling. And I understand your concern. To solve the problem one has to proceed, as often in such cases, in several directions at once. The worst way is prohibition. This was the path the Government took during the times of Mikhail Gorbachev. I don’t know who invented it all, but clearly the effort was counterproductive. And we must take into account and bear in mind that negative experience.  In general, there is no room here for populist moves. In order to divert people from the bottle, a whole system must be created. First, one must improve the well-being of the people and stimulate interests so that a person could pursue these interests and so that the spiritual needs are matched by financial resources. There needs to be a system of educational measures. People must have somewhere to go and something to do. In general, a person has to feel he has a future. Then he will seek to achieve his goals and will give up drinking. Only all these actions together will yield a positive result.  <…> There is no such organisation. Yes, there is an organisation called GIBDD. It’s a bit of a tongue-twister and in general I don’t see why they renamed it. Nobody can offer a credible explanation to this day. But it is an important outfit all the same. It is essential for the country, for the state. It is essential for ensuring road safety, for preventing injuries and deaths among both drivers and pedestrians, and it is important from the point of view of the national economy because the flow of transport and everything connected with it depends on that organisation. And as you know, transportation accounts for a substantial part of the price of practically any product. But I detect a hidden message in your question and as far as I see the message is that many people are unhappy about the way the former GAI performs. Unfortunately, people still face bribery and extortion. Do I understand you correctly?  By and large, I have to admit that this is true. Of course, it is true of practically any country. But the scale in this country is intolerable. What needs to be done to get rid of this negative phenomenon in the activities of our law enforcement agencies? Of course they should be paid higher salary, but on the other hand, conditions should be created to rule out bribe-taking. To this end there needs to be the proper equipment, traffic police should be forbidden to stop vehicles for no apparent reason, new administrative rules should be introduced that would make these rules binding for the policeman and prevent him from abusing his office.  Just recently the Administrative Code was passed and it will come into force on July 1 next year. Under the Code traffic police will be forbidden to receive cash as fines for traffic offenses. Today I think a fine of up to 100 rubles can be paid to the traffic policeman on the spot. Well, the Administrative Code forbids collecting any fines on the spot.  And another important thing that matters very much for any driver: Police will be forbidden to take away your driver’s license. Today many people reach into their purses readily and pay these minor bribes because they are threatened with suspension of their license. Under the new Administrative Code taking away one’s driving license will be forbidden. But there is one more important element, and that is the general state of society. When a driver is pulled over by a traffic policeman and the first thing he does is take out his wallet and produce a 100-dollar bill and say: “I will be driving on my way back in half an hour and I’ll be speeding again, and you won’t stop me any more” that creates a corresponding atmosphere. The task you have mentioned should be tackled by all of us together… <…> Good morning, Irina Alexandrovna. Irina Alexandrovna, I have already had such a question. I don’t know if you had a chance to hear my answer. I mean the question about drug addiction. The question of drug addiction is complicated and involves a number of circumstances, including the lack of protected southern borders from where the main flow of narcotics comes. It also has some other components. But there is no doubt about the importance of the issue. And what is particularly disappointing is that it is a problem that affects young people, teenagers. And it is connected with another problem, another epidemic, the epidemic of AIDS. We have no right to forget about it. Not least, of course, it is connected with the problem of moral and ethical education.  As for teaching religion or other related subjects, under the law the church is separated from the state. So, as regards having electives or some other form of studies, one can think and discuss that… It depends on the specific situation and on the wishes of the parents, I think. But it is right that we should pay more attention to moral education at the school level, and we must think about it.  Let us say that it was not so much a question but, like in the previous case, an identification of a problem, of a challenge which faces all of us.  <…> Andrei Borisovich, I must tell you that when we were preparing this event there were some members of my staff who, frankly, tried to talk me out of having this meeting in such a format. Indeed, the head of state has never conversed with the population in the form of such a dialogue. And indeed, we knew that there are a lot more problems than solutions today and people could spring all sorts of questions. But I believe that, knowing the need for a dialogue and that this is an acceptable form of communication with the people, the head of state is duty-bound to communicate with his people, listen to and hear them, and there should be feedback. I often go to the regions and I see that people have such a need.  I must tell you that it is just as important to me as to those who ask these questions in order to feel what is happening and understand what people’s worries are. And I must say that the analysis of the incoming information shows that priorities are changing: the priorities of yesterday and the day before yesterday were of one kind and today they are changing.  Of course, I won’t be able to answer all the questions: there are more than half a million of them. When the meeting was announced, 300,000 telephone calls were received every day. So, it is hard to answer all the questions. But I would like to thank all those who are taking part because it provides a good sociological base which will be processed 100% and will be taken into account in our work.  As for this format of communication, I’ll try to see to it that this is not the last such event… <…> That’s a very unusual question. To those who would like events to develop in this direction I would like to show a sign of three fingers folded in a certain way into the camera, but my upbringing forbids me to do it. It’s an absolutely impossible thing, there is no point in discussing it. The issue is just not on the agenda. It’s unimaginable. It’s the first time I hear about it.  But the Kaliningrad Region does face problems and they may worsen in connection with the upcoming accession of Lithuania and Poland to the European community which will turn Kaliningrad into an enclave in the middle of the European Union.  I must say that we are pursuing a very active dialogue with Lithuania and Poland. We have just had a visit by the Polish Prime Minister, and he fully agreed with me, as does President Aleksander Kwasniewski, with whom we are developing a very good personal relationship, that this is a matter above all for our states, and also for the European Union as a whole. We would like this problem – the problem of free movement of Russian citizens living in Kaliningrad – to be solved together with the European Union and our neighbours before 2004. A working group will be set up on a bilateral and also on a multilateral basis with the European Union. We will work on that problem and I hope we will solve it.  But there are other more important problems in Kaliningrad: above all the state of the economy and of living standards. It is a major subject in its own right and I don’t want to go into it now, but I assure you that we are attentive to that issue too. <…> Of course, the question of land has always been very sensitive and remains sensitive in Russia. Like you, I don’t want the issue to be solved in a way that does not meet the interests of the Russian people in general and the people who live in the Kuban region in particular. I would just like to make an observation and share some memories. First, I must tell you that it is unlikely that anyone will put our soil in a bag and take it away. I find it hard to imagine. And you know, even liberalisation of the economy – and I am speaking about industry, not agriculture – has failed to attract the required level of foreign investments in the Russian economy. As to accumulated investment, I mean direct private foreign investment they make up only about 30 billion – it’s just nothing for the Russian economy. Only on Sakhalin Shell and Mobil companies are going to invest up to 30 billion, 12–15 billion in direct investment, but the total accumulated over 10 years will be 30 billion. Can you imagine that there will be a rush to buy our land and invest in this land? And if they do invest, great, at least they will pay taxes.  But that is not the main thing. In the mid-1990s the first President of Russia passed a number of decrees which effectively legalised privatisation of land and agricultural land in particular. Let me tell you that 63% of arable land in Russia has been privatised. But it has been privatised in a barbaric way because the decrees I mentioned had been issued, the doors for privatisation had been opened, but no one bothered to determine the legal procedure for land privatisation. The Land Code, which has been adopted recently, deals mainly with industrial land, land on which industrial facilities are based. That accounts for just 2% of the total lands in Russia. But the same Code, and I think you are not aware of that, the same Code introduces a ban on the privatisation of agricultural land, and the ban will apply until such time as the procedure of privatisation is sealed in a law.  Whether or not we need such a procedure is a separate topic, which we must solve through dialogue with the population, especially the rural population.  The process of privatisation in itself need not breed any fears. But there are other problems of which I will say more in a moment. You know that private ownership of land does not exist in its absolute form anywhere. Take any West European country. Private ownership of land there is encumbered by many conditions. For example, one cannot change the nature of the use of land for several years: three, four, five. We can write “ten years”.  Second. The state always has the right of first refusal, that is, if the owner resells the land the state has prior right to buy it.  Third: there are other restrictions on the use of even agricultural land. Take, for example, forests. I think, if I am not mistaken, they have a rule in Germany that even a private owner of a forest has no right to cut down a single tree without the permission of corresponding government authorities.  Our problem is of a very different kind. The authorities in our country, unfortunately, are feeble, and the state has grown weak. It is unable to enforce the decisions that have been put into law. That is why, incidentally, I have harped on the need to strengthen the vertical power structure, to strengthen the state and so on. When the state grows stronger, on the one hand, and when we all find a way of solving the issue of agricultural land that is acceptable to agricultural workers, only then will we come to grips with this question.  It’s about gasification. I am sorry, I forgot your name… A woman living in the village was asking it. You are… Tatyana Alexeyevna: they have brought me a reference from Gazprom. And I am happy to inform you that the level of gasification is 76.4%, and gasification in the Krasnodar Region is 83.2%, higher than the country’s average. I was right. Throughout the period of gasification 188 branch pipelines of a total length of 1,271 km have been built and launched in the Krasnodar Region. Six more branch pipelines are under construction. Gasification of the Kazache-Malevany village will be completed in January 2002. TATYANA DESYUK. Thank you.  You are welcome. Yes, these are some of the questions that have come over the telephone. I thought they were interesting. I simply waited for these questions to be put via the Internet or live. But they were not. So thank you. We still have a little time for me to read them. This is the first question: “Graduates in which fields, in the President’s opinion, will the country need in the next 10 years?” I wouldn’t like to singe out any specific areas of activity and occupations. We need all kinds of professionals. I would like to say that we will need truly knowledgeable professionals, dedicated to their work, people who put their soul into it. And I would advise Ksenia Nikitina, an 11th-year school student who asked this question to choose that kind of activity.  We have already had questions about corruption… …that Katya and Sergei would criticise me, quite fairly, I think, but I cannot help reading it because our meeting is taking place on the eve of the New Year. It’s a call from a child. His name is Vanya. He writes: “Dear Mr President. I am seven. We are in trouble. Our house has burned down and we have nowhere to live. I live with my grandmother and we have to rent a flat. I seldom see my mother. She has to work a lot. I miss her very much.” I have no legitimate right to solve the problem immediately. But I am sure that there are some kind people in the world, we have many charitable organisations and funds. And I have reason to believe, Vanya, that you and your family will get help. A Happy New Year to you. Thank you.  <…> I think if I were to answer it in a general way, our task is to preserve all the positive things we have achieved this year. To consolidate the positive trends, first of all in the economy. And to promote everything we look forward to in the medium term perspective, as I have said. We should make sure that the laws passed this year work and produce an effect. As a friend of mine has said: “Russia fulfilled its plan for revolutions during the last century.” I hope that in the 21st century there will be no revolutions, there will be a positive, progressive and confident movement. And if next year we make another small, but tangible step towards raising people’s living standards I will consider the task of the next year to have been fulfilled."
2001-12-26 00:00:00,Speech to the Supreme State Council of Russia and Belarus,"The Kremlin, Moscow",[],"Alexander Grigoryevich, Members of the Supreme State Council, First of all, I would like to greet all those who have gathered here for this meeting. I think we are all aware how closely the citizens in the Russian Federation and Belarus are watching the decisions of the supreme body of the Union State. In creating the basis for a new type of relations we proceed from the interests of our peoples. And we have always based our actions on a clear understanding that the path we have chosen is not only the right path but, as we have repeatedly said, the only possible path. The year 2001 has been politically significant for both our countries. The links between our Parliaments and Governments have grown stronger. Russian-Belarusian interaction in foreign policy has emerged as a serious factor that has to be reckoned with in the international arena. We have sought an optimal balance of our economic interests.  Mr Lukashenko and I have devoted much time to a detailed discussion of various aspects of our interaction. We agreed on some points and argued on other points. I think that is a natural process of hammering out our positions on the key issues of integration. And the key issues are unification of tariffs and the tax system, regulation of property issues of the Union State and interaction in the fields of defence, labour protection and social protection of the population.  One of our priorities is to develop a common economic policy, above all to form a common economic and customs space. It will enable us to make another important step on the historical path of building the union state and thus promote the most important goal of enhancing the well-being of the citizens of Russia and Belarus.  I am convinced that the success of Russian-Belarusian integration can only be ensured if it is systemic and consistent. It is important to keep up the momentum and not to try to skip certain vital stages. Only thoroughly considered and agreed approaches will enable us to implement our plans and solve any issues that arise in the course of integration processes.  Both Russia and Belarus believe in the considerable potential of the Union State. So, our immediate task is to live up to the high responsibility and to do everything to achieve the practical results we seek.  I think that today’s meeting of the Supreme State Council can by right be regarded as a milestone. We are not only to review the work done in 2001. We are to discuss our successes and omissions in a frank and business-like manner. We must determine our future priorities, discuss and approve some key documents of the Union State, including the plan of joint actions to form a common economic space, the conceptual principles, forecasts and assessments of social development. We are also to discuss the military doctrine.  During our personal meeting with Alexander Lukashenko today we discussed in great detail the sequence of the steps to be taken to strengthen the Union State, and we talked about the agenda of today’s meeting. I think that the issues on the agenda have been sufficiently well studied. Especially since yesterday the government and experts have done a good deal of work. Mr Lukashenko, as far as I know, worked late into the night yesterday with the Russian and Belarusian experts. All this indicates that today we can make a substantial step forward in our interaction.  Thank you. "
2001-12-27 00:00:00,Excerpts from the Press Opportunity,St Petersburg,[],"The question of the necessity to get rid of the pressure and diktat on the part of our partners arose immediately after the change of the geopolitical situation in Russia, when it lost many of its port facilities in the Baltic. Discussions about building additional port facilities, including oil terminals, began in 1992 and lasted a long time. After some of our businessmen settled down in some Baltic countries it became clear that they were not particularly interested in it. But the country has been interested in it from the very beginning. A good deal of work has been carried out with our oilmen and partners to reassure them that Russia is not moving away from other countries, including the Baltic countries and Finland. Russia’s only concern is to ensure its own security and independence.  <…> Russia is not only acquiring its own “window” in that part of Europe for the transportation of oil, but we are getting an opportunity to strike a flexible balance between the Mediterranean market and the market in Western and Northern Europe.  It opens up additional opportunities for our partners in the CIS countries. I have already talked with some CIS leaders about it. And many are very positive about what we have done here on the Baltic. Among others, we discussed it in some detail with Kazakhstan. "
2001-12-28 00:00:00,Excerpts from a Speech to an Expanded meeting of the Audit Chamber Collegium,Moscow,[],"Monitoring federal budget expenditure is a key task of the state as a whole. Budget discipline without any doubt – and I don’t need to say it to this audience – is the foundation of a healthy economy. How scrupulously it is observed and maintained determines not only the success of various agencies but overall progress in the social and economic sphere; and improvements in that sphere are, at the end of the day, our common task. Financial monitoring has many aspects to it. It involves many agencies. Each has its powers and its responsibilities. But together they constitute the system of financial control in the country.  <…> Speaking about the system of financial monitoring in the country as a whole we should pay attention to interaction. It has always been a sore spot.  <…> We should do everything to avoid any overlaps. On the contrary, interaction between various agencies in this sphere must be aimed at eliminating any overlap in their work and at a pooling of efforts in tackling key tasks.  That is why I would like to stress that for the Audit Chamber, which is a body that monitors the budget, it is very important to cooperate closely not only with the Federal Assembly, which is natural and pivotal, but also with the Government of the Russian Federation and its local bodies; and hopefully with the Main Control Directorate, too.  The Audit Chamber is a potent instrument both in terms of its powers and the significance of its tasks. In creating that agency our primary aim was to create a modern and democratic mechanism of budget monitoring, a mechanism, it should be stressed, that is politically neutral and independent of factional or corporate interests and preferences. I think we have largely achieved that goal.  We would very much like the activities of the Audit Chamber to be devoid of publicity or at least to be accompanied by a minimum of publicity. Publicity should be minimised. And we would like to see more professional work aimed at identifying the problems that are relevant to your profession and at fulfilling your tasks.  Along with the functions of auditing you are actively engaged today in improving the budget process as such. On your initiative important amendments have been introduced into next year’s budget. I would like to thank you for that. I am aware that you pay special attention to compliance with tax legislation and to reducing the shadow economy. All that is directly relevant to enhancing the efficiency of the Russian economy. It is a very important and by no means an auxiliary component in the activities of the Audit Chamber.  <…> Another important area is the sphere of inter-budgetary relations. Monitoring the flow and expenditure of government funds at all the levels of the budget system is extremely important. I know that your resources do not always match the magnitude of the problems the country faces in that sphere, but I urge you to pay attention to it. Moreover, I would ask you to join the work to improve inter-budgetary relations and come up with some proposals in this sphere. Because well-thought-out, precise and competent decisions in this sphere will go a long way to determining success in tackling the key task that confronts us today: delimiting the powers between municipal, regional and federal bodies. That is an important challenge for the state as a whole, and I count on your professional support. "
2001-12-31 00:00:00,New Year Message to the Citizens of Russia,"The Kremlin, Moscow",[],"My fellow citizens of Russia, dear friends, In a few minutes another year of our lives will become the past. It is fast receding into history, and we are remembering the key events.  There have been many. Some have been good and some dramatic. For Russia as a whole it has been a successful year in domestic affairs and in foreign policy. And every day of the year put more and more distance between us and the difficult times of economic and social upheavals.  We have contributed much to this end. We have worked together to make our lives more predictable. We have achieved modest, but visible results.  2001 has been very different from the previous year. We have not just maintained economic growth, but also improved the life of our people, if only slightly. We have proved that the good results of the previous year were not accidental, that they are not just an episode in our life.  Much has been done in the outgoing year that will be useful in the future. A legal framework has been created for new and serious steps in the economic and social policy. Decisions have been taken to change the business climate in the country in the long term, for several years ahead. Russia has come to be regarded with greater trust and respect in the world. The world has come to understand us better. It has become obvious that a consistent fight against terror is prompted not only by our national interests, but by the fact that it is a global threat. The world community responded with an unusual degree of international cooperation in facing the challenge of terrorism. Nations have rallied and have taken a stand together with Russia in the defence of peace, calm and life itself.  Dear friends,  We have not accomplished everything that we have planned. Our challenges still outweigh our achievements. Not all the citizens of our country have come to live better in the outgoing year. And not all of them can achieve it by themselves without the support of society and the state.  We must remember it as we review the results and make plans for the future. Now that so little time is left before the New Year I would like to wish prosperity to all the citizens of Russia.  In these final seconds of 2001 let us wish each other happiness. Let us say kind words to our close ones. Let us speed our children on their way. And let us wish each other health and success. Success, Love and Faith to all of you. Faith in yourselves and our Homeland.  A Happy New Year, dear friends! A happy 2002!"
2002-01-15 00:01:00,From an Interview with the Polish Newspaper Gazeta Wyborcza and the Polish TVP Channel,,[],"First of all, I would like to say that we find this approach reasonable, it suits us very well. If we talk about common interests, then we build our relations on a solid foundation. That is the only way if we are to build long-term relations. Let us not forget that we share not only past problems but a lot of positive things belonging to the past. Suffice it to recall the friendship between Mickiewicz and Pushkin. It has to be said that although the Poles were constantly fighting for their freedom and independence against their neighbours to the west and to the east, there has always been sympathy in Russia for the Polish nation, as impartial people know very well. That mutual sympathy can provide a basis for our relations, above all of the economic character and here of course we are talking about our pragmatic interest in each other. Today trade between our countries stands at $5.5 billion, or more. That is a significant figure. And we have to bear in mind that there is a considerable deficit on the Polish side in our mutual trade. And we are not at all happy about it because it indicates an imbalance. We must reach a balance in that respect.  Both Russia and Poland have a mutual interest above all in promoting trade and economic ties. That aspect dominated our negotiations with Mr Kwasniewski and the new Polish Prime Minister.  I think that if we follow that approach and identify the right areas of cooperation, our interaction will be very effective. And such areas exist. They are above all infrastructure projects and in that sense Poland has every chance of occupying the place which it has nearly always occupied in history, that of a bridge between East and West in the best sense of the word. It will truly benefit from that position in terms of the development of energy programmes between Russia and Europe, in terms of transportation programmes, and in terms of upgrading some sectors of the economies both of Poland and Russia. I am referring to agriculture, the mining and metallurgical industry, and so on. I think there is a good Polish proverb: agreement builds, disagreement destroys. We in Russia know about it and try to keep it in mind. I don’t remember talking about a manageable democracy and it is hard for me to give a definition to that term. If you are interested in my attitude to what is happening in Russia and how the institution of democracy is being built, I can tell you that in my opinion we should not reinvent the wheel, we have to follow the road that all the industrialised democratic countries are following.  I think what Anatoly Sobchak told you was probably true ten years ago. Of course, a lot has changed since that time, but on the whole he is right. We have many freedoms but few democratic institutions. Such institutions include free speech and political parties that act freely and so on. It is like having money and no effective banking system. There are such countries. And it only shows that they are in the transitional period. It’s the same with freedom and democracy.  Of course, we must create a solid and reliable legal framework for democracy. Democracy is not the same as anarchy and total permissiveness. It is about rules enshrined in laws passed by a constitutionally elected representative body of power, the country’s parliament.  We are moving down that road, and we are moving with confidence and consistency. Last year, as you know, a new law on political parties was passed in my country. Its aim is precisely to create in Russia strong national political organisations that represent the interests of various strata and groups in society. Once a balance is achieved between the interests of different groups and strata in society, as expressed in the position of various parties, then we could claim that we had built the foundations of democracy. Not least, of course, we must provide the economic basis for a free media, create a civil society and help the evolution of new trade unions which, both in your country and in ours, used to be called “the school of communism” (it is unclear what kind of school it was as it worked under a single party that held the monopoly of power in the country), to help the evolution of other civil society institutions and non-governmental organisations. That involves multi-faceted work, but it can only be based on existing laws.  <…> You know, I wouldn’t speak about threats, I would rather speak about problems and difficulties. And I think many of them are similar in our countries. All the countries of the so-called former “eastern bloc” have some problems in common. And one problem is how the population perceives its relations with the state and the obligations of the state to the population. Until fairly recently the state in your country and in our country was the monopoly owner of everything, and naturally it was responsible for everything. That was the case for many decades. In Russia it lasted much longer than in Poland, so that in Russia the sense that the state is obliged to solve all the problems has, unfortunately, deeper roots. I say “unfortunately” because today we have a market economy, and it is obvious that there is no alternative to the market economy and democracy. The alternative is simply stagnation and falling behind on every count. However, although people understand that the market economy and democracy must be promoted, they find it hard to come to terms with the idea that in that case the state cannot be responsible for everything.  And that, in my opinion, is a very serious problem that demands attention, but one should proceed in a very balanced and tactful way. We have to bring it home to every citizen and to win him over to the idea that his own position, the position of his family, the position of the region and their contribution to the common effort and the quality of their work determine the material well-being of every concrete individual, district or region and the whole country. People should personify their own contribution to the overall state of the economy and the well-being of the whole people. It is quite a long and complicated process.  You know, first of all, in my current position I have no right to be afraid of anything, I am forbidden to by definition. If I were afraid, I wouldn’t be fit to occupy the office which I now hold. It is not about being or not being afraid. It is about awareness of what we are doing and awareness that we are doing the right thing and whether I am doing the right thing or not. I believe I am doing the right thing. And as ever, what has been the problem? Respect for one’s own people. That respect should take the form of patient clarification of your position. You should never assume that everything you do will be embraced by everyone without any reservations. We should steadfastly and consistently and, I repeat, patiently explain our position, explain why we act the way we do and where the interests of the country as a whole and every Russian citizen lie when the leadership makes certain decisions.  I am absolutely sure, I know that every ordinary citizen can understand the interests of his own country, the interests of his own state. Who in my country is interested in a confrontation between Russia and the rest of the world and one of the world’s leading countries, the United States? Who is interested in that? There are no such people. There are only groups of people who are pursuing their own interests seeking to regain power or seize power. But that has nothing to do with national interests. And if one says it openly and without mincing words, the number of followers will not diminish.  I have heard this many times from the military: allegedly the generals in Russia are unhappy about what the President does and so on. I can tell you that our generals are no worse than civilians. They are intelligent people and certainly they are at least as smart as their counterparts in other countries. They know very well what is confrontation and military rivalry. Today’s generals are very well aware of the interconnection between the development of the Armed Forces, the real state of the Armed Forces, their combat readiness and the social security of the servicemen and the development of the country’s economy. I assure you there is such awareness. To ensure a high level of military capability, we need a high level of the economy. And to ensure economic development, we need favourable external political conditions. To this end we should foster our relations with Europe, the United States, with the countries that are far away from the borders of Russia and with our traditional partners such as Poland for example. There is such awareness.  Perhaps it is a question of tactic. We may argue as to whether certain things should be done in one format or another. We may argue about the pace of development, but that is a matter of taste and, I repeat, tactic. Actually there are no serious opponents in Russia to the development of relations with the leading countries, political organisations, including NATO, because it does not contradict the main goal towards which the leadership of any country must work – improving the well-being of its people and the position of the country in the world.  You are referring to our common friend. Yes, he was that kind of person. He recognised no authorities on the left or on the right. If he saw that some of his traditional allies among the democratic opposition in the early 1990s were mistaken, he said so openly and bluntly; and he nearly always criticised the left political spectrum, as you know as well as I do. I think that is the only correct approach to politics in general. We began this talk by pointing out that the soundest approach is to seek to build the relations between our countries on the basis of pragmatism and pragmatic interest in each other. It should be the same in every area. I think what is necessary is not to proceed from abstract schemes and not to speak in generalities, but to speak about concrete things, and then everything will be clear.  You know, all too often we fall back on schemes and theoretical concepts which have little substance. Just a short while ago a good friend of mine told me a fine joke: “An opinion poll was conducted by telephone on January 1. As many as 13% said “hello”, 25% said “yes” and the rest found it hard to reply.” (laughter). So, what conclusions can you draw from this?  You see, if we do not proceed from such polls, but look at the root of each problem, study it and make decisions proceeding not from general political ideas, but from the interests of our countries, we will rise to the challenges that face us. What exactly are you referring to? It all depends on how you interpret what these people meant to say. Perhaps they were saying pretty much the same things, but we know the peculiar views that distinguish Alexander Solzhenitsyn. He is very keen on Russian history, he makes certain assumptions based on historical events in his analysis of the present day and in his vision of the country’s future, and I think that is very important. However, my personal opinion is that for all the uniqueness of Russia, just like of any other country, which we must certainly take into account, there are still some general principles which must be recognised in theory and in practice if we are to build our state. And if we understand these general principles as the main principles of democracy and freedom, then, I repeat, without these universally recognised principles we will never build a normal democratic state.  Honestly, I don’t know what happened to the Segodnya newspaper. It is the first time I hear that it has been shut down. Frankly, I wasn’t aware of that. As regards NTV and TV-6, of course, I knew about them. There are several aspects to this case. The first is purely legal. When I hear this talk, I don’t quite understand what we are expected to do. Do they want us to use extra-judiciary methods and pull strings to interfere in the prerogatives of the courts? Then what happens to democracy? And which is better and which is worse? Would it be better if the government bodies rode roughshod over an independent branch of power, the judiciary, and commanded and issued orders to it? Would that promote democratic principles? Probably not. It applies to NTV and even more so to TV-6 because there is a quarrel there between absolutely independent economic entities which have nothing to do with the state.  Speaking about the substance, I think that just like we don’t have a solid and established multi-party system, so our free press is only emerging. The main thing that needs to be done is to create an economic basis to enable a free and independent press to exist by itself.  By the way, without solving that problem we won’t be able to create a fully democratic state. We are aware of that and you should have no doubt about it.  Finally, the third circumstance that is also important. After the collapse of the Soviet Union and the emergence of the new Russia, things have been happening which could only have happened in a country with a weakened political regime, a political regime that is in a state of flux. There was a danger that Russia would follow the road of an oligarchy when certain individuals who had links with the government and had partly monopolised government influence political processes in the country not being guided by national interests, bypassing democratic institutions, representative bodies of power, using the money they obtained during the course of privatisation or other processes, not always in a legitimate way, in order to further their corporate interests.  We know how much ink has been spent over this issue by the Western media, how often alarm has been expressed. In my country it often happens that a person who has got drunk and smashed his neighbour in the face is jailed for five years for hooliganism. And somebody who has stolen a bag of potatoes is jailed for stealing, he is declared to be a thief. But those who have stolen or illegally acquired a fortune of tens of hundreds of millions of dollars are declared to be political figures.  These people have nothing in common with democracy and, having gained control over the mass media, they do not promote free speech but their personal commercial interests.  I repeat, to create the basis for a genuinely free press it must be provided with its own economic base. We will of course address that problem while at the same time strengthening the judiciary and the administrative system, creating conditions in which journalists could pursue their profession without being dependent on anyone.  You know, you may find my comment somewhat unexpected. I prefer to love Poland because Poland gave the world Chopin. I prefer to love Poland for Mickiewicz. I prefer to love Poland for the Polish spirit and the Polish character. And what worries me today is that although the level of trade between us is high, there is an imbalance. I think we have so many common interests that we must and can solve the current problems together. If we permit ourselves to bicker over problems or trifles, we wouldn’t be thinking about the future and we would permit the problems of yesterday, problems long gone, to drag us back and to prevent us from moving forward. And that would be a very big mistake.  <…> You know, I have very high regard for Professor Likhachev. He was an academic and public personality in St Petersburg. And I must agree with him that the essence of any country and the essence of any people stems from its culture.  From the geographical point of view Russia is of course a Eurasian country. But in spite of the difference in living standards between its eastern part and, for example, the capital, I assure you that they are all people belonging to one culture. And that is the crux of the matter. And on that I absolutely agree with Likhachev. In that sense, Russia is without any doubt a European country because it has a European culture. There can be no doubt about it.  It has always been that way. The question you have asked me has been an eternal question in the country’s political life. To be more precise, I would put it this way. Of course, Russia is a very unusual country with its own history, a rich history with many unique features. But then almost every country has unique features. In that way Russia is no different from any other European country. But I would like to stress that it is a country with the European culture, so it is a European country.  That is a somewhat provocative question. Well, not a little bit. (Laughter). Stalin, of course, was a dictator. There is no doubt about it. He was guided to a large extent by his interest in preserving his personal power, and that I think explains a lot of things. The problem is that it was under his leadership that the country won the Second World War, and that victory is to a large extent associated with his name. It would be foolish to ignore it.  You will have to make do with this incomplete answer.  More like Tamerlane. My answer will be simple to the point of being primitive. It is economic development of the vast territories that are part of the Russian Federation and joint work with Europe and the rest of the civilised humankind to develop these territories and simultaneously improve the well-being of the Russian people, and natural integration in the political, economic and defence structures of civilised nations. <…> Nothing of the kind. The law on parties can only prevent political anarchy. Until a normal and viable multi-party system is created, we will not have a parliamentary democracy in the full sense of that word. We will have small political groups, and people in the national elections will be looking not at the party values for which the party is responsible, but at concrete individuals. It may be more or less acceptable for states in the period of transition, but it cannot be the case in the longer term. So, it is extremely important to create a legal framework for the emergence of national parties with political influence throughout the country’s territory. Parliamentary democracy cannot develop without it.  There is nothing strange about it. We know the background and we know how things developed a hundred years ago. I once had occasion to speak about it publicly, and it remains for me to repeat my position. Without any doubt what we have in Chechnya is an explosive mixture of international terrorists and separatists. As for international terrorists, I don’t think there is anything to argue about, they should be either condemned and isolated or liquidated. Which is in fact what we are seeing in Afghanistan, and nobody has raised any questions about it. As for Chechnya, there is a kind of symbiosis between separatism and international extremism mixed with extreme manifestations of Islamic fundamentalism. I don’t think anyone wants to support extreme forms of fundamentalism.  As for separatism, I can also ask a question to which there is no answer. Almost all countries in the world today face the problem of separatism. They include such large countries as India and many European countries. I don’t want to name them so as not to stir up this issue. You know these countries in Western Europe and especially in Eastern Europe.  If we permit ourselves to support separatism in one part of Europe, not to speak about other regions of the world, there will be no end to attempts to redraw borders. Europe will become immersed in an endless process of division of powers and territories. That is particularly true of Eastern Europe. We do not support it in other countries and we very much hope that there will be no outside support for separatism in Russia. I have mentioned Europe, but let us look farther afield.  The Kurdish people have been fighting for their independence for many years. A people of 40 million. They live in several countries, and I think there are about 20 million of them in Turkey. Does that mean that you are going to support annexation of territories from stable national governments? That would be an extremely short-sighted policy.  Terrorism, fundamentalism and other manifestations of extremism thrive on territories that are not controlled by internationally recognised governments. We should on no account allow that to happen. But that does not mean that we should not take into account the legitimate demands and interests of any people or any group of the population. That fully applies to the people of Chechnya. Complicated processes are taking place there.  By the way, the army is not involved in any hostilities there, it is conducting only local operations. But simultaneously a political dialogue is going on with the population and with those who want to have a dialogue. And of course a final solution can only be achieved through dialogue.  We intend to follow that road to achieve a final solution of the issue.  You may have noticed that I have great respect for the Pope. I visited him at the Vatican and I am grateful to him for receiving me. I don’t know if you will find it odd or perhaps quite natural, but we even have a feeling of pride that a representative of a Slavic people has become the Pope. He is a Pole and we are pleased about that.  Speaking about interstate relations, there are no problems. I am ready to invite him at any moment. But the Pope himself thinks that if he is to visit Moscow, it should be a full-fledged visit connected with the relationship with the Russian Orthodox Church. And that, unfortunately, does not depend on me. "
2002-01-15 00:02:00,Extracts from a Joint News Conference with President Jacques Chirac of France,Paris,[],"… I would like to stress again: Russia is interested in an early creation in Europe of a common security space, a common economic, cultural, educational and legal field. We consider France as before to be a key partner in addressing issues of strategic stability. We have agreed – the President has already said about it and I confirm it – we have agreed with President Jacques Chirac to create a security council involving the foreign ministers and defence ministers, and if necessary representative of other ministries and agencies. <…> The media exist in order to express various points of view. I don’t think we should take offence. I think we should be more convincing in arguing our case on various aspects of policy that raise doubts. There is nothing unusual about that. A guarded attitude is quite natural. It did not arise yesterday. It arose decades ago. And it was connected with the confrontation of the two systems, one of which was embodied by the Soviet Union. Few people are aware of the profundity of the ongoing processes. Apparently it takes time for people to become aware that the world has changed so much that it requires a new configuration in the security sphere, involving all the leading European countries and all the countries of the world to unite the efforts of the whole humankind in order to neutralise the new threats facing the world today. It takes time, patience, persistent and competent work. We are ready for such work and on the whole we have met with understanding on the part of our partners. I am sure that we will cope with these problems. Of course, we paid due attention to the Middle East problem. I have briefed Mr President on my recent talk with the Israeli Prime Minister. Our representatives and Ambassador Vdovin are in constant contact with the leadership of the Palestinian National Authority, and just recently our representative met with President Arafat. I have discussed all that with the French President. All I can do is to agree with his opinion that the only option is to resume the negotiating process. There are no other options.  You know, I recalled my conversation with President Arafat and I recounted it to the President today. It was when I on my part and the French leadership on its part, were trying to persuade President Arafat to agree to the proposals of the former Israeli Prime Minister Barak. And we were sorry to hear the response: well, in that case Barak had better go, things can’t get any worse. I don’t think President Arafat is thinking along the same lines today. I was reminded of it and I conveyed that conversation to Mr Sharon, warning him that President Arafat today takes a very tough stand. I think that real diplomacy, as we know very well, is about compromise and compromises must be sought. We are ready to take part in it – Russia as a co-sponsor of the settlement process and France and the European Union. You know that our press and the political circles frequently refer to double standards. What do we mean by that term? Take Afghanistan, where the notorious terrorist organisation Al Qaeda, now declared to be criminal, is active and is covered – or used to be covered – by the Taliban regime. Everybody agrees that it should be fought and we have actively supported it. Al Qaeda, its members or members of similar organisations were active on the territory of Chechnya. It was covered by another criminal regime under which more than two thousand people kidnapped in various parts of the Russian Federation ended up on the territory of Chechnya. People were executed in public squares without trial or investigation, and they included women. People were beheaded there, and everybody knew about it.  In what way does that criminal regime differ from the Taliban? It is no different, except that it is probably even bloodier. And we have every right to use all available means against it if legal means are not sufficient.  In addition, I would like to stress that it has always been and will remain an internal Russian problem, which of course we seek to resolve. Today we are confronting there international terrorism leavened with separatism, which are now even hard to tell from one another. That is another problem, and it should give all of us something to think about what is happening in the world and in Europe, including Russia.  We do not support separatists anywhere, and the problem of separatism is highly relevant in Russia, in Chechnya. It is relevant in Turkey and other countries. And we know about the Kurdish people’s fight for independence. Have we forgotten about the Kurds? There are forty million of them. Aren’t there problems related to separatism in Europe? Yet, nobody even contemplates supporting that fight. And rightly so, because if we try to do it we will plunge Europe into chaos. Western Europe and even more so Eastern Europe.  September 11 gave the world a jolt because it was indeed a brazen crime against the whole humankind. But Russia shuddered even earlier when hundreds of people died in Moscow and other big cities in explosions of blocks of flats. I assure you that the blood of the Russian people who died in Moscow at the time is of the same colour as the blood of those Russians who died in the World Trade Center, and of course of the same colour as that of the people from other countries and nationalities who died in New York on September 11.  It is our common problem and we should address it without undue fuss or hysteria, with a sense of responsibility to our peoples and states. In our opinion, it should not be the subject of bargaining or speculation. So, unlike many similar situations in the world, Russia is open to the international community regarding all the problems that confront other countries and our country.  Not a single international organisation that has expressed a desire to look into or contribute to the solution of the problems in Chechnya has been denied such an opportunity. They include the Red Cross and the Council of Europe. In fact another Council of Europe delegation is there at the moment.  Political issues can of course be solved by political means alone, but not where unscrupulous gunmen are involved.Gunmen must be in jail or dead. We will continue acting in this manner, establishing a political dialogue with the population and waging an uncompromising fight against terrorists. And if we find out that crimes have been committed by Russian officials, including servicemen, we will prosecute them. I can tell you that more than 20 servicemen of the Russian Army have already been charged with crimes. The judiciary system, the Prosecutor’s Office and other law enforcement bodies have been totally restored on the territory of Chechnya and we will increase that effort.  Of course, Russia is in a difficult position because it is living through a transition period. As a wise Chinese saying goes, God forbid you to live in times of change. We have many problems. I have no doubt that we will solve them. One of them is building a civil society and a free press. Without it there can be no democratic society. The question is how to do it, what exactly free press is and how the state should react to the processes taking place in that sphere.  You know, as I was telling media yesterday, in my country if a person steals a bag of potatoes or drinks too much vodka and starts a fight with his neighbour, he is either a troublemaker or a thief. He is put in jail. And if a person steals hundreds of millions of dollars, he is a political figure and he cannot be touched. During the course of economic restructuring and transition to market relations there appeared far too many such people. In order to preserve their influence on society and on the state the people who have caused a very negative reaction in the West, by the way, for many years and whom the press has dubbed the “oligarchs”, have gained control of the national media. Where it affected the state, the state has tried to retrieve whatever it could. Where a conflict breaks out among the media, including over financial interests, as we currently witness in the case of TV-6, the state does not interfere and cannot interfere. Because if a company has been reporting losses for several years, one shareholder surely had the right to be angry because he has not been receiving dividends. He doesn’t understand why he had invested money in it.  We have not interfered and we do not intend to interfere. As far as I know the company’s management has itself asked the Government and the Ministry to revoke the license in order to enable the journalistic staff to bid for that license. I know many of these journalists personally and I have high regard for them. They are truly talented people. And we will do all we can to support them.  It is not a lament, it is a statement of fact: there is room for constructive work to which, in my opinion, we do not pay enough attention. But perhaps it is natural because first we had to build the foundations of the relations between our states, which is what we have recently been doing together with the President. However, there are some positive trends in the development of economic ties. We would very much like our bilateral relations to fit into the system of the relations between Russia and the European Union in the main areas in which we seek cooperation with the European Union. For example, the energy dialogue.  Major French companies are already working in Russia in the energy sphere, for example, at the Kharyaginskoye field. They are now contemplating participation in the development of the Shtokman oil and gas field. We are talking about an estimated 3–5 billion dollars in investments there. If we promote our national interests in the energy sphere, on the one hand, and in the high technology sphere, on the other, we will contribute to diversified cooperation in Europe. I repeat, it is not a lament, but a statement of the fact that much still remains to be done.  <…> About Pasko, I would hate you to get the impression that we are dodging the issue. It is a purely legal problem. Frankly, I am not that well informed on the issue. All I know is that Mr Pasko faces charges because he has passed on classified documents to a foreign state for a remuneration. Nobody challenges that fact, not even, I think, his own lawyers. But I cannot give you the details, I simply don’t know them. But the content is hardly of any interest to the government. So, I think it is a purely formal matter and I don’t think I need step into the judiciary process. If we follow that road, we won’t be able to build anything useful, we won’t have a rule-of-law state. Because in my country, like in any other democratic country, there must be a separation of the executive power and the judiciary. These are, fortunately, independent branches of power. If the issue, under the law, is elevated to the level of the President, the head of state, and that may happen if Mr Pasko asks for pardon, the issue will be considered.  As regards the judiciary system, I think that France, of all countries, must understand the problem of the relations with the courts. Whether people like it or not, the courts rule as they must rule under the law. That said, I repeat, that some decisions may meet with a mixed reaction. As, for example, the case of Russian citizen Zakharova, who, very oddly in our opinion, is forbidden in France to talk with her daughter in her native tongue.  That is a little excessive. She is even forbidden to go to the Orthodox Church. We have discussed that with Mr President. He shrugged and said: “At first sight, it looks odd, but maybe they have their own reasons?” Well, I find it hard to imagine what reasons there can be, but I recognise that there is a strict separation of powers in the country and the executive branch cannot meddle in the activities of the judiciary authorities. But of course we will continue, through diplomatic channels, to try to make sure that such humanitarian issues are resolved not only in line with the law, but also in line with common sense. "
2002-01-16 00:00:00,Extracts from a Joint News Conference with Polish President Alexander Kwasniewski,Warsaw,[],"I don’t think we should see anything unusual or unexpected in the way relations between Poland and Russia have shaped up over the past decade. It is a natural period of building mutual relations on a new basis. Why is it natural? Because one must not ignore and one must honestly admit that the former Soviet Union tried to dominate not only Eastern Europe, but many other parts of the world. It did little good to the Russian people and it certainly could not have elicited a positive reaction from our quasi-partners, our partners against their will. It certainly was against the will of the Poles, freedom-loving people who tolerate no diktat. It is no accident that this period saw the emergence of political forces which not only took advantage of the situation but tried to get political mileage out of it forgetting the basic interests, the national interests both of the Russian and Polish peoples. But change has to mature. I think that a revival in Russian-Polish relations is now on the agenda precisely by virtue of the pragmatic, mutual underlying interests of the two countries I have just referred to. And such interests exist. Poland is interested in having full-scale, healthy relations with Russia just like Russia is interested not only in economic, but also in political relations with Poland. And in the new world the comparative sizes of our countries are not that important. To us Poland is an equal partner. This is the political basis on which we will seek to build our relations. And I do not have to tell you about the economic benefits. They are obvious even to ordinary citizens. We have proceeded on that basis in the last year and a half- two years and we will continue to act in this way. Our meeting today is a milestone event that completes the creation of a new platform and a new basis for moving forward.  Regarding it being a milestone and why we call it that, what we expect, and what the new quality of our relations that may emerge during and after this visit mean. I think we should speak about several dimensions of our interaction. The first is in the sphere of security and the building of new and equitable relations in Europe and the world. For us, cooperation with Poland is important for several reasons: in terms of building new relations between Russia and NATO, in terms of the future accession of Poland to the EU and the building of Russia’s relations with the united Europe. Several considerations of a pragmatic character, to use an expression that has cropped up several times during this news conference, are emerging on the agenda. We have a whole plan of interaction with the united Europe in the energy sphere and in other fields. Poland is best placed to use its geographical position and its special relations with Russia, its knowledge of Russia to play its part not only for itself, but also for the whole of Europe, and, in my opinion, it can make a very real difference for the ordinary citizen you have referred to. I must say that this is uppermost in our minds.  For example, today we had a very hands-on discussion on our energy dialogue. We have plans of cooperation with other European countries on gas supplies, but do ordinary people in Poland know that buying gas from countries other than Russia would cost 25–30% more? It is more expensive today and it is likely to be still more expensive tomorrow. The same can be said of our interaction in the energy industry. Our interaction in some hi-tech areas is so close and intensive that it can compete with the efforts of our partners and rivals from other countries. All these are practical results that make a difference to the life of the ordinary citizen. The reason is that the interests of politics, security, the economy and the social sphere are closely intertwined in the modern world. We will address the whole range of issues, which gives us reason to claim that we are entering a new phase in our relations because we take a comprehensive approach to these relations on a new basis and with an understanding that such cooperation benefits both Poland and Russia.  <…> Regarding financial compensation to the people who suffered during the Stalin purges, I will try to be utterly frank with you and I hope that you will bear with me. We do not want to compare and equate the problems connected with Nazism and the Stalin reprisals, the aggression of Nazism in Europe, Poland and the Soviet Union and the reprisals under the Stalin regime. At the same time we are not going to turn a blind eye to the negative aspects of the Stalin regime. As you know, we have passed a law on the rehabilitation of the victims of political repressions. It applies above all to the Stalinist period of Soviet history. I think Polish citizens who had suffered during that period can well invoke that law. I think the Russian Government may try to create conditions that would offer, in a practical way, access for Polish citizens to exercising their rights under that law on an individual basis. We have discussed this topic with the President, he raised it and for my part I have instructed the Government to think about creating, if necessary, a legal or administrative basis for dealing with that problem.  I feel positive about it and I welcome it. I have already spoken in the beginning about the role President Kwasniewski has played in the last one and a half to two years in the building of relations between Russia and Poland. I should tell you that to some extent it set an example to me of how one should work professionally and consistently to promote interstate relations relying, among other things, on personal contacts. We have indeed developed a very good relationship. We are on first-name terms with the President and that of course helps us to deal with the challenges facing us. I have no doubt that it will continue to be the case and I find it very appealing that we can openly discuss practically any topic, as the President has said. There are no taboo topics between us, which is very important. It creates a very good atmosphere for tackling the most complicated issues. And I would like to stress that Mr President’s approach to any problem is constructive and very friendly, which always makes one feel like reciprocating. You see, I don’t want to discuss the second term now. I have to complete my first term so that the voters, the people of Russia are satisfied with my performance during the first term. As regards the chances of my visiting Poland, with your permission I would like to visit Poland in my capacity as the President of the Russian Federation and after I step down and live the life of a normal ordinary citizen. I hope such a time will come. Poland is a very attractive country in terms of European history. Polish culture has always evoked a particular interest in Russia, in effect, it is classical European history. So, like all the Russian people, I have a very keen interest in Poland. There are things to see, places to visit and I will avail myself of Mr President’s invitation and I hope to be able to visit Warsaw many times. As regards the first part of your question, you have touched upon one of the most pressing problems with which we are wrestling. I regret to say that we have still not been able to establish effective interaction on the issue with the European Union. We have repeatedly raised the issue and we all – the leaders of the European Union and Russia – are aware of the complexity of the problem which is drawing relentlessly closer and closer. With the admission of new members to the European Union a Russian enclave will be formed in the Kaliningrad Region and the problem will affect not only the residents of that region, but also the European Union: how would people move and travel and visit other parts of the Russian Federation? How would they cross the border when going west?  The Kaliningrad Region has a population of 1.3 million. We cannot surround them with a fence and keep them locked in. It will not only be our problem, but a problem for the European Union. So we have proposed to tackle the problem at once, before the European Union enlargement, to tackle it within the working group which we have proposed to create together with the European Union, Poland and other potential EU members. At the political level everybody is in favour and everybody understands what needs to be done, but we have yet to start practical implementation of our plan. So I vigorously support President Kwasniewski’s proposal that bilateral work on the issue should be intensified both with Poland and Lithuania. Mr President has proposed that the heads of these countries meet in Kaliningrad and that we meet with the European Union leaders there too. I think this is a positive step forward and we intend to give it every support and indeed initiate such meetings in order to solve all these problems. "
2002-01-17 00:01:00,Extracts from a Joint News Conference with President Alexander Kwasniewski of Poland,Poznan,[],"We have conducted negotiations in several areas. They include international problems and the interaction between Russia and Poland in the world, humanitarian issues, cultural cooperation and, of course, economics. I want to stress that an extremely friendly atmosphere has been created around this visit. I would like to thank the press for its coverage of the arrival in Poland of a fairly high-powered delegation from Russia. One could see the friendliness in the streets and in contacts with ordinary people. One could feel it on the part of the politicians, and not only members of the executive branch but also the members of Parliament.  I was greatly impressed by yesterday’s visit to the Polish Parliament. Even the people who had suffered in the past, victims of Stalin’s reprisals, spoke about these problems as the problems of the past which should not prevent us from looking to the future.  One of the oldest deputies of the Sejm told me: “We count on you and on President Alexander Kwasniewski. Please, build the relations between Poland and Russia in the best way and as quickly as possible so that people like myself could live to see it.” That was very moving and it appealed to our sense of responsibility. To give a straightforward answer to your question, I do not see a single problem that could be described as a “bone of contention”.  <…> It is rightly said that a people that does not remember its past has no future. I think that under certain circumstances repentance would not come amiss. Only I am afraid that it would put us on a different track. We may come to expect repentance on each other’s part over various issues and problems of our joint history and then count how many times each side has apologized and strike a balance.  I think it would be much more positive and reasonable to say that we have immense respect for the Polish people, we are aware of the problems of our past, we will definitely draw lessons for the future and we will look to the future with optimism.  From what we have seen today we can look at these problems with optimism. "
2002-01-17 00:01:00,Extracts from a Speech to the Second Poland-Russia Economic Forum,Poznan,[],"It took many years for us to again be able to discuss large-scale cooperation and initiate a fundamentally new kind of dialogue. We had to overcome many economic and political difficulties. But most importantly, over the years the Poles and the Russians have determined their roads towards becoming integrated in the world economy. And we have received further proof that a large part of that road is historically tested cooperation between us. <…> Today it is evident that fruitful long-term Russian-Polish cooperation is inconceivable without taking into account the whole diversity of the processes taking place in Europe. Above all, economic processes. Both our countries would like to see a common space of stability and progress on the continent.  I am convinced that the already visible economic revival in the East of Europe and close cooperation among Russia, Poland, Ukraine and our other neighbours are in the interests of the whole European continent. Especially if one considers the problems the world economy faces today.  Within two years Poland may become a fully-fledged member of the European Union, as Alexander Kwasniewski has just said. Poland’s integration in the EU may open up new prospects for our cooperation if we consistently uphold our national interests in the process of world and European integration.  That is aided by the growing role Poland plays in the development of ties of integration in Central and Eastern Europe, including in the framework of the Central European free trade association. Our key joint task is to create the most favourable conditions for expanded business ties between the two countries, above all due to a friendly climate and a proper legal and treaty basis. The signing of the Russian-Polish Declaration on Trade-Economic, Financial and Scientific-Technical Cooperation was a milestone along that road.  The positive economic trends inside Russia create good prerequisites for such interaction.  <…> I must say that increased economic buoyancy in Russia has been the result both of external and internal factors — high energy prices (we are conscious of that), but also rapidly growing consumer and investment demand inside the Russian Federation.  We have taken many resolute practical steps to stimulate the business activity of our citizens. We will adhere to that policy this year as well. We are already set to simplify the procedure of business registration and the number of activities that require a license is about to be reduced. You know that the tax burden on the country’s economy has been substantially eased. Without any doubt the adoption of the Land Code, the reform of natural monopolies, which is already underway, and efforts to upgrade corporate management will have a positive impact on the investment climate.  During the course of negotiations with President Alexander Kwasniewski and Prime Minister Leszek Miller we devoted much time to specific areas of business cooperation. In fact everything that the Russian and Polish co-chairmen mentioned today has been at the focus of our negotiations.  I would like to dwell on the strategically important sphere of energy. It offers a wide field for long-term initiatives. They include the development of the gas pipeline system, new oil transit routes, and projects in the framework of the Baltic Energy Ring. All that could be the joint contribution of Poland and Russia to the strengthening and diversification of the European energy infrastructure.  Because some traditional world sources of energy are in regions that are not entirely stable from the economic point of view, the world economy will be interested to see us work jointly in that sphere.  Russian capital is interested in joining investment programmes in the Polish oil refining industry, power generation and transmission and mutually beneficial relations with the Polish gas and oil company. Our biggest and most authoritative companies have every opportunity and, let me stress, the real resources to work in all these areas.  Our companies are operating quite successfully in many East European countries, contributing to their economic prosperity. Russian ministries and agencies will render them every support.  Russia is also ready to contribute to the modernization of enterprises built with Soviet technical assistance. Transport projects – automobile and railways – have a big future. We see mutually beneficial prospects in the field of telecommunications.  There is a widespread misconception that the Russian economy owes its success mainly to external factors. I have already said that this is not quite the case and I can cite the latest data from our Statistical Committee to confirm this. For example, machine-building registered an 8% growth in production, and the processing industry reported an even higher rate of growth last year. The reason I mention this is that it creates good conditions for joint work in other areas, and not only in areas that are traditional for the Russian economy.  It is also evident to us that there is a lot of untapped potential in mutual trade. Poland accounts for about 5% of Russia’s foreign trade. That is a very insignificant volume and of course it could be much greater.  <…> The Kaliningrad Region has been a key area of Russian-Polish interaction and it remains so. I am convinced that the adjacent Polish regions cannot prosper unless Kaliningrad is well off economically. These regions are highly interdependent economically.  Poland is already Kaliningrad Region’s number one trading partner. Plans are afoot to modernize the Kaliningrad-Elblong road and to build the second unit of the power plant to meet growing energy demands and supply energy to Poland. The opening of the Gusev-Goldap border crossing, built with the participation of Polish firms, is a good example of practical cooperation.  The forum has been discussing and will continue to discuss the prospects for Russian-Polish economic relations. The end result of that work will be to strengthen and develop bilateral relations as a whole.  In this connection I would like to thank the members of the Russian-Polish Business Council and all those who initiated this forum. Like the leaders of the two countries you are taking an important step towards each other. I am convinced that your business success will inevitably be felt on the level of human contacts and the well-being of our peoples, the well-being of the ordinary citizen of Poland and the ordinary citizen of Russia.  So I believe it is extremely important to preserve this mutual commitment and to continue to increase the pace and progressive character of Russian-Polish interaction. Both countries need it, and it is our common contribution to the progress and prosperity of the whole European continent.  In conclusion I would like to say that for Russia Poland has never been just a neighbour or an international partner. And business ties with your country are not confined to mutually beneficial relations in trade or transit. Poland has been and remains one of Russia’s most significant partners on the broadest range of issues.  We have many bonds with your country. They include the lessons of history from which we are together learning to derive mutual benefit. And as we are attaining a new level of interstate relations we see them as strategic and long-term relations. We take them seriously and we look forward to long-term cooperation. We believe that close cooperation between Russia and Poland is historically predetermined and inevitable.  As we were approaching this building a notice in the street caught my eye and I read it and told Alexander Kwasniewski: “I see that you in Poznan have a Palace Bridge, and we have one in Petersburg.” He says: “Yes, only in Polish the word does not mean “palace”, but “railway station”. “The Poles must be very rich if what we call a palace is only a train station in Poland,” I remarked. If we don’t want our palaces to look like train stations, and on the contrary, want our train stations to look like palaces, we must work together. "
2002-01-18 00:00:00,Remarks at a Meeting of the Board of the Federal Security Service,Moscow,[],"Distinguished Board members! Officers and generals! Today we are to review together the results of the work and determine the priorities for the Federal Security Service in the current year.  It has been a difficult year for the FSB, for Russia and for all the security agencies in the country. Added to the traditional problems were new ones, including those connected with the rise of international terrorism and the September 11 events in the United States. You had to tackle a range of complicated operational tasks and contribute to the development of adequate responses to the new threats.  In this connection I would like to say right off that on the whole I consider the performance of the FSB to be satisfactory. And I believe that the structural and personnel improvements you have undertaken are correct and timely.  I hope that these transformations – along with measures to upgrade the effectiveness and quality of work – will have a real impact on the substance of the activity of the security agencies. The focus of that activity is protection of citizens’ rights, protection of the state against internal and external threats, ensuring the national security of Russia in the broadest sense of that word.  Your paramount task still remains the fight against terror, in all its manifestations. And the FSB plays a significant, indeed the spearhead role in that.  I must say that your efforts went a long way to bringing about a dramatic change in the situation in the North Caucasus. The main elements of the terrorist infrastructure have already been destroyed. Many bands and their leaders have been liquidated. Your efficient and professional work has saved the lives of many civilians and servicemen. Sometimes you did it at the cost of your own lives. It is our duty to remember the price that has to be paid for peace in Chechnya.  I could cite very many examples. But I cannot help mentioning at least two episodes last year. These are quotations from documents presenting cases for the award of government decorations. On March 2, 2001 one of your comrades, Vladimir Nikolayevich Cheprakov, took part in detaining bandits in a location in Chechnya together with a group of servicemen of the FSB and the Interior Ministry of Ingushetia. The bandits offered armed resistance. At the moment of arrest one of them, using children and women as human shields, threw a grenade. Senior Lieutenant Cheprakov covered it with his body and died to save the lives of children, women and his comrades.  On June 17, 2001 another of your comrades, Major Tyunin, was leading a unit which captured a bandit in Chechnya who also threw a grenade, and the Major covered it with his body. There are multiple examples.  It is our duty to remember our dead comrades and the wounded and we must do everything to help the relatives and loved ones of our comrades-in-arms.  Dear colleagues,  Cutting international channels of finance for terrorists is a relevant and challenging task. In this connection I would urge you to step up your cooperation with the members of the antiterrorist coalition, with our CIS partners and other regional organisations.  In addition, success in the fight against terror depends in many ways on the quality of operational and investigatory work. We should reverse the situation when there are unreasonable delays in putting the terrorist leaders and perpetrators of crimes and terrorist acts on trial. Otherwise there will be no logical conclusion to your efforts.  Ensuring the economic and financial security of the state is, as before, the key task of the FSB. Russia is increasingly becoming an inseparable part of the world economic system and it is imperative to update the approach and the methods used by the special services in that area.  We are open to honest business, clean capital, broad information exchange and the flow of skilled labour into the country. But it is important to protect our economy against international crime, industrial espionage and unfair competition.  I would like to stress that the interests of the state are inseparable from those of the national business community. Consistent protection of our enterprises and their technological and commercial secrets is an important part of your work.  The situation dictates the need to review many traditional approaches to the protection of state and commercial secrets. The old measures based largely on bans of various sorts, often make no sense and sometimes impede economic growth and political stability in the country.  Obviously, only a civilised interaction with the agents in the domestic market economy based on legitimacy and modern economic ideas can enable us to effectively fight rampant crime and corruption. And finally, another general remark. One key requirement of the work of the FSB or indeed any other security agency, is the ability to promptly react to new threats and their changing character. I am referring above all to spheres connected with the defence industry, protection of scientific and technological secrets and the problems of illegal migration.  By the way, the channels of illegal migration are often the same as the trails of the terrorists, drug traffickers and arms smugglers and illegal finance. For example, natural persons who are non-residents buy up to 45% of hard currency a year at the country’s financial and credit institutions. In many cases it is nothing if not diversion of finances into the shadow sector, into criminal or “grey” business.  On the whole I would like to say that the situation in the world and in the country is changing fast. You should not only be able to track these processes but to profoundly analyse their nature and to behave proactively. And we will discuss in a more narrow circle the measures that must be taken. "
2002-01-21 00:00:00,Extracts from a Speech at Russian-Turkmen Talks in Extended Format,"The Kremlin, Moscow",[],"We have just discussed with the President of Turkmenistan the main issues and key problems of our interaction and we have noted that unfortunately the Intergovernmental Commission on economic cooperation has not yet got its act together, although on the whole we believe that relations between Turkmenistan and Russia are developing positively and a good deal has been accomplished recently. But we concentrated on the issues that in our opinion merit special attention on the part of the leaders of both countries. One organisational issue is stepping up the activities of the Intergovernmental Commission. On our side the Commission is headed by the Energy Minister and we have agreed that he will shortly (in February) go to Ashkhabad to meet with his colleagues, and then the Commission’s work will be launched. I think its activities could contribute to the solution of many practical issues, and not only in the energy sphere. I am referring to problems in the field of financial interaction, trade and economic ties, cultural and humanitarian cooperation. Not least, we will address the issue of interaction on the Caspian. Granted, there is a separate mechanism for the latter, but on the whole the Commission will have to give it its due share of attention.  The growth of bilateral ties must help to invest them with concrete substance. It would be a good idea to conclude a long-term intergovernmental agreement setting a framework for trade and economic cooperation.  At the initiative of the President of Turkmenistan our experts are working on a new framework treaty. The previous treaty is to expire shortly and we agree with the President of Turkmenistan that it would be a good idea to update some of the provisions in line with the changes in the world and in bilateral relations.  <…> Interaction with Turkmenistan in the fuel and energy sphere is the priority, and we have discussed it in some detail.  <…> It is high time to give serious thought to forming a Eurasian alliance of gas producers. That is a topic for a separate conversation. But we often come back to it when we discuss the problems of the Caspian. I think it would be right if we bring in the countries through which gas pipelines pass, including Uzbekistan.  I think the creation of such an alliance would make it possible to effectively control the volume and destinations of the export of Central Asian gas, help to balance production and consumption of natural gas and to use a single export channel for it. Today the only channel is provided by the gas pipeline systems run by Gazprom. But I think that if we pursued such cooperation on a multilateral basis it would introduce an element of stability for our partners abroad as well. But of course the interests of all the parties involved in this business must be taken into account. They are Turkmenistan, Russia, Kazakhstan and Uzbekistan. "
2002-02-11 00:00:00,Interview with the Wall Street Journal,,[],"I think you will agree with me if I say that the fight against terrorism began before September 11 of last year. I think you and your readers will understand it today better than anyone – as Americans, because you have experienced the horrible tragedy of September 11, and you as representatives of the Wall Street Journal and your readers – because one of your colleagues is currently being held hostage. You know that even before September 11 the people of Moscow and some other major Russian cities experienced similar tragedies with smaller number of victims, but basically of the same character – explosions of residential apartment blocks. And in Chechnya before 1996, when we launched military operations there, there were more than 2000 hostages, like your journalist in Pakistan today. They had been kidnapped from different regions of the Russian Federation, including territories thousands of kilometers removed from Chechnya, such as Siberia and major Russian cities. Many of them, unfortunately, died. But September 11, which claimed a huge number of victims and was an exceedingly cruel and brazen challenge on the part of international terrorism, was a watershed event. It created awareness that there are modern threats that no country can face up to single-handed. What is needed is for many countries to unite their efforts. These problems include the war on terror and the closely related task of non-proliferation of nuclear weapons, missile technologies and other means of mass destruction. There are other issues that cannot be solved without the main world powers pooling their efforts. This awareness of new threats – of the new quality of threats we knew before but did not regard as significant as today – prompted the idea of the need to change the world security configuration. I think my answer to your question must be affirmative. I think that these events and our joint actions within the international anti-terrorist coalition alongside the United States marked the start of a reappraisal of the relations in the world and the start of the formation of new alliances on the basis of mutual security interests. You know, first of all, I must thank President Clinton and President Yeltsin for bringing the relations between our two states to where they were when I became the President of Russia and President Bush became the President of the United States. It has to be said that in spite of some problems we know about – they arose in connection with events in the Balkans and some other issues – the level of relations between Russia and the United States was fairly high. So I thought that my task was to preserve that level, to strengthen and develop our relations with the United States. To give a direct answer to your question as to whether something has changed in the relations between us since the incumbent presidents of Russia and the United States established such warm relations as they have today, I would say, yes, I think something has changed.  I don’t know what guided President Bush at our first meeting in Ljubljana. I think it had to do with his intuition when he spoke very positively about the prospects of the development of relations between the United States and Russia. I think it was intuition more than anything else… But anyway, from the very first step we began moving towards a new quality of cooperation. That enabled us later to work so actively and effectively within the anti-terrorist coalition. Naturally we may have and do have differences on various world problems. But there is one distinctive feature which I think testifies to a new quality of relations. We and our countries have developed a different degree of trust in each other, a very high level of trust. And it enables us, in spite of our different approaches to various problems, and even arguments on specific aspects of world development, not to slide towards confrontation but to keep the high level of bilateral relations that we have achieved today. Yes, of course. I have already named some of them. Both Russia and the United States want to see a stronger regime of non-proliferation of nuclear weapons and means of their delivery as well as other means of mass destruction. Our national security hinges on that. It is an important motive for cooperation. We are interested in active joint work to fight terror and eradicate or suppress terrorism. I don’t think anyone in Russia or the United States needs to be persuaded as to how great our interest is. And finally, in the economic field we can well be very natural partners, effective partners. Russia today is the second biggest exporter of oil in the world and if you include our export of gas and convert it into conventional units of energy and fuel measurement, Russia emerges as the number one exporter of hydrocarbons. And in this connection I would like to draw your attention to something: during the 30 years that we have been supplying gas to Europe on a large scale there hasn’t been a single complaint. Even during the difficult period of the breakup of the Soviet Union. It shows that supplies from the Russian Federation are reliable. And if we bear in mind that Russia is becoming more and more stable in terms of domestic policy and economically and that the traditional sources of mineral resources, above all, hydrocarbons in the Middle East are in a zone of international conflicts, the significance of Russia as a supplier of hydrocarbons to the world markets is very great for the world economy and its stability.  And there is another circumstance that is very important for the world economy, for our partners, including the United States. It makes Russia the most attractive partner in that sphere. The level of dependence of the Russian economy and Russian budget on the export of fuel and energy today is high, but not as high as in the OPEC countries, as in Saudi Arabia or the Gulf states. Moreover, we are vigorously developing – and intend to continue doing so aggressively – manufacturing and high-technology sectors. It has certain economic implications for us, and we are drawing economic conclusions from it. Of course we are interested in attracting more hard currency to Russia by selling energy, but we are not interested in excessively “hiking” the prices of oil and other energy resources because excessively high prices, especially over a long period of time, may create certain monetary problems in the Russian economy, in the light of its development plans. Yes, of course. If prices are too high and remain high for a long time it may bring so much hard currency into our economy that we would have to take special measures to regulate that mass of currency. Between 20 and 25 dollars per barrel. Yes, we will. In general, we have cooperated and intend to cooperate with OPEC. But we will preserve our independence and pursue our own policy. I repeat, the degree of our dependence on energy is high, but not as high as that of the OPEC countries, and that enables us to pursue an independent policy. Even so, we intend to coordinate our actions with OPEC. The status of our economy and our economic policy indicate that we can be attractive partners for each other. Our economic and national interests point to this. There are other, hi-tech spheres. Some of them are well known, but others are not. Space exploration is well known to everyone. I think we should build up our efforts in this area. And I have not yet spoken about human cooperation. The benefits are obvious and we are well aware of the interest the people of the United States have in Russian culture. We are at least as interested in the States: the history, the way your country has become a great power, such as it is today. So the mutual interest of peoples towards each other, of ordinary people, is very important and we should encourage and strengthen it in every way.  If you look at my public statements of about a year ago you will find that I referred to “the arc of instability”. I discern a common element in what the President said and in what I said, which is as follows: we both recognize that terrorism has acquired an international character. But speaking about specific lists, we don’t think it is reasonable to draw up such “black lists” of countries.  I think we should speak about problems and seek to solve them. One of them, as I have mentioned, is the problem of the proliferation of nuclear weapons and other weapons of mass destruction.  Speaking about Iraq – and there is a suspicion that the country is producing weapons of mass destruction – this problem should be addressed. There are several ways. First of all, we should get UN observers back into Iraq. How to do it? There are many ways, and the military way is by no means the only one or the universal one or the best one.  In any case, just as in the case of the Taliban, the use of force must be justified. It must be obvious that there is no other way to solve the problem. The arguments in favour must be universally recognized and the decision must be taken by the international community together.  So I would put it this way: we are against drawing up “black lists” of countries but we are ready to work with the United States to neutralize the threats I have mentioned.  I can tell you that the international community has legitimized a procedure for the use of force within the framework of the UN. And that procedure for the use of force has been repeatedly confirmed by all the members of the international community, including the United States, and it is well known; it requires the decision of the UN Security Council. Let us face it, in the case of Afghanistan that principle was not adhered to. The international coalition assumed that the US was acting out of necessity for the purpose of self-defense and the international community was obliged to react promptly to a hideous crime which had claimed the lives of thousands of Americans and citizens of many other countries. Nothing like the same situation exists with regard to the other states you have mentioned here. So, there are no grounds for violating the procedure universally recognized under international law. Besides, in Afghanistan the international coalition and the United States were not targeting Afghanistan, but the Taliban, whose regime had not been internationally recognized, unlike the legitimate government of Rabbani which supported the international coalition. That is a totally different situation. But this is not to say that Russia may not under certain conditions work together with the Untied States and tackle the problem of terrorism as part of the coalition. Of course it may happen. I repeat, it must be in accordance with the principles and norms of international law. I talked with him over the telephone. In general, I think his speech was very emotional, and it was a landmark in the life of the United States. It reflected the situation and the mood of the country and society. I think it marked his success as a political leader. He said he would not wait. That is true. But he also said that it did not mean that bombing would start tomorrow. As we interpreted it, it may mean that he is ready to tackle the problems that we face – the problems of fighting terror, together with the international community and with the whole international coalition. There are many aspects to this: the funding of terrorism, organisational support, and so on and so forth. And if, I repeat, we tackle all these problems together and make decisions together I think the implementation of these decisions can be as effective as the fight against al-Qaeda or the Taliban.  You know that we are cooperating with the United States within the international anti-terrorist coalition. Everything we have done up until now has been the result of energetic and coordinated actions. We expect, these actions to continue to be coordinated, and I think in order to be effective they must be. Engaging in guesswork as to what the United States may or may not do, and what it intends to do – it’s not my place to be engaged in guesswork. You want me to give you all the nuances of my talk with the US President. I can tell you that the basic Russian approach to the fight against terror is known to the leadership of the United States and President Bush. He also knows in detail our position on individual countries that are mentioned in this connection with varying frequency.  I must say that our position is not unique and it is shared, I can safely say, by a very large number of countries that are members of the international community.  I must say that all our discussions with President Bush up until now and today have been very fruitful. I repeat, we cannot say with 100% certainty how this or that country, including the Untied States, will act. But we expect that it will be joint, cooperative and therefore effective interaction.  Of course, Russia is a large country, and it has many interests in its relations with other countries, including Iraq. But some things are not negotiable. They include our international obligations and issues of international security. It would have been a different matter if no positive experience of work with Iraq had existed. But we know of such instances. You have just said that there is no question as to whether or not Iraq possesses nuclear weapons. At present it is universally recognized that Iraq has no nuclear weapons. That has been established by the international community and international inspectors. If this could be ascertained with regard to nuclear weapons, why not do the same thing with regard to biological and chemical weapons if such suspicions exist? And that would not require the use of force, by the way.  And until we have covered the whole way and have used all the instruments offered by present-day international law and the United Nations, it makes no sense to speak about other sanctions and other instruments. We have not yet fully exhausted the arsenal of other means.  I call him and he calls me. The last time it was he who called. He is a very active man. And if I feel that I need to talk to him his reaction is very quick and positive. And I reciprocate: if I am told that President Bush wants to talk to me, there are no problems, we determine the time within one day and have our conversation. I think every person must have a moral and spiritual core. It does not matter what denomination he belongs to. All the denominations have been invented by people. And if God exists, he must be in a person’s heart. For such a country as Russia, religious philosophy is very, very important because the dominant communist ideology, which effectively replaced Christianity as the state religion, has ceased to exist, and nothing in a person’s soul can replace universal human values as effectively as religion. And besides, religion makes a person spiritually richer. I would say no more.  I don’t want to enlarge upon it because think it is a very personal matter. I don’t think it is a sphere that one should parade, let alone use for political purposes or comment on for the media.  Do you believe Erhard was in a position to kindle nationalism after such a collapse? I think the strong point of both men is that they chose the optimum way of stabilizing the development of their countries, the best way for their time and considering the circumstances in which their country, nation and the world were.  Their genius was precisely to have a fine feel of the situation and understand what needed to be done. But that does not mean that they did not make mistakes that led to problems and even to the collapse of what Napoleon had accomplished during his short period in power. But French history has seen other figures, including after the Second World War. It is up to historians to offer an assessment. And General de Gaulle was probably a very different man to Napoleon. But if historians do the analysis I think they will find some common elements that General de Gaulle used to get the country up on its feet after a difficult period and the defeat in the Second World War. And I think he succeeded, among other things, because he had a fine feeling of his people, just like Erhard in Germany after the Second World War had a feel of his people and knew what had to be done.  Speaking about the United States, I would recall Roosevelt who led the country in a period of grave crisis. I think it was not by chance that he broadcast his “fireside chats”, talking at length to the country’s people. I think his genius, like that of de Gaulle and Erhard, was that they felt what needed to be done, they felt the mood of their people and tried to be on the same wavelength as the people, and they did it very well. You know what the most important thing is? The most important thing is the people’s confidence in the country’s political leadership. Only then can economic reforms and transformations in the economic and political spheres be carried out. If we go back to the early period of the activities of President Roosevelt, when he assumed leadership of the country, the economy and society were in turmoil, people had to trust him so that he could effectively carry out his plans. The same goes for Erhard.  You mentioned mistrust of the law enforcement agencies. I think we should speak not about mistrust of the law enforcement agencies but more broadly a certain mistrust of the state. For decades the state was separated from the population, it existed by itself in the context of a totalitarian system and the population existed by itself. There was no way the people could influence the actions of the state, and a measure of alienation developed. As for the gentlemen you have mentioned, I very much doubt that it has caused a negative reaction among the people and contributed to their mistrust of the actions of the state or the law enforcement agencies. I think, on the contrary, it tends to improve people’s impression of the activities of the state and the law enforcement bodies because people see that at least something is being done.  As for Borodin, for example, if the law enforcement agencies have ruled that he has committed no crime, one has to defer to that opinion. As regards Goldovsky, nobody has yet convicted him. A preliminary investigation is underway. As in any other country, a person can be declared guilty only after a court indictment has come into force. You know, there is a joke, which goes like this: “Doctor, you have pulled out my healthy tooth. “Never mind, we’ll get to the sick one in due course.” I don’t think it would be right if we proceed in this way. So, of course we must improve our law enforcement system. But the worst we could do is to prevent them from doing anything at all. Of course, I can’t afford not to think about it. But I was not elected by the people who own fortunes, but by the citizens of Russia so that I could restore order in the country. I don’t think that oligarchy is the best way for Russia. On the contrary, I think it would be a disaster for our country. And in this connection I would like to repeat: in my opinion, we must improve the court system, we must see to it that there are no miscarriages of justice, that labels are not stuck on people, but we should not create conditions in which a person or group of persons feel absolutely secure no matter what they are doing, even if they are breaking the law. The Russian business community knows this. I proceed on the basis that the authorities and the business community are interested in civilized business based on current laws. By the way, I think our foreign partners are more interested in this than anyone because if, in our market, they are confronted by the so-called oligarchs who ignore the courts and the law and violate all the rules, including fair competition, it does not augur well for our foreign partners or for Russia. So, our task is to ensure a level playing field for everyone. That is why we adopted a whole package of laws last year which we call the Reform of the Judiciary. And we very much hope that the judicial system in Russia will become more effective as a result. Every country has the right to choose the way it ensures its security. This holds for the Baltic states as well. Secondly, and more specifically. NATO is primarily a defensive bloc. I can only repeat what I have said several times. The enlargement of the bloc is supposed to improve international security and the security of its member countries. Ask the citizens of New York: will they feel more secure because Latvia, Lithuania and Estonia will become NATO members? I think their answer would be “no”. Anyway, many of them may simply wonder where these countries are. And if you ask Russians whether it would be good or bad for Russia, an overwhelming majority would reply that it would be bad for Russia. Yes, of course. Because it would bring the military bloc’s infrastructure closer to our borders. Naturally, it should provoke a response. Therefore I think mechanical enlargement of the bloc is counterproductive. As you know, we do not consider NATO to be an organisation that is hostile to Russia at present. But if it is to become a universal international security organization, of course the quality of relations between NATO and Russia has to change, and we are ready for that. We are not going to become full members of NATO, but there is a set of issues on which we could work jointly and very effectively together with the NATO countries, including the Untied States. We have already discussed that with you. I think that as the quality of relations between Russia and NATO changes, the problems connected with the expansion of the whole bloc will come to be seen in a different light. It all depends on the quality of relations between Russia and NATO. If it is productive, trusting and if mechanisms for joint decision-making on key issues are put in place, perhaps Russia would look at enlargement differently. But it is too soon to speak about that yet, because the character of relations between us and NATO has yet to change. Therefore, we are currently in the process of active negotiations and we expect them to produce positive results. It is not our task to influence NATO policy on everything and in every way, for example, there is no reason why we should try to influence Article 5. And in general, fears about the forging of a special relationship between the Russian Federation and NATO are ungrounded. For this reason, because Russia, first, does not seek full membership, and second, if Russia is involved in a full-scale format in the development and adoption of joint decisions on certain problems, it will itself be interested in seeing these instruments strengthened. In that sense and in that case such instruments may of course become substantial elements of international security. Russia is a global power if only because of its location and its size. It is part in Europe and part in Asia, and it is strongly represented in both. And to come back to the beginning of your question about the alleged discontent among the military, first, I would like to tell you that our military are in no way inferior to yours. There are still many people among your military and in part of our society who regard each other with mistrust. It is not only the military. It applies also to non-military people. I think you are mistaken when you say that there are some problems among the military. I assure you that there are all sorts of people in the military, but for the most part they are smart people who know their profession and understand international politics. The people who determine military policy, especially, know it better than others. It is a delusion that they think that we are surrendering something somewhere with no good reason. In the case of the Cuban base it was their initiative, not mine, the initiative of the military. The same applies to Central Asia. We are very well aware of what we are doing. And when I say “we” I mean myself and the Ministry of Defence and the special services. These are conscious steps and they are based on a certain vision of the future. If one saw the United States as an enemy perhaps we would have behaved differently as members of the anti-terrorist coalition. But if we assume that we can be partners and in future even allies, everything that we have been doing jointly within the anti-terrorist coalition can hardly be challenged. And speaking of the countries of Central Asia, let us not forget that these are independent states and they independently determine their foreign policy. Both I, the Ministry of Defence and the Foreign Ministry are aware of these realities and we build our policy on the basis of these realities and not on the basis of imperial ambitions. This is not to say that we have no national interests of our own and that we will not be persistent in pursuing them. You have mentioned the Cam Ranh Bay base, which our Navy hasn’t been using for nearly ten years, I think we have made an absolutely sound decision, considering the mood of the Vietnamese leadership. At the same time we have agreed with Azerbaijan and have signed a long-term agreement that will preserve our military presence at one of the key points, the Gabala radar center. And we have solved many similar issues regarding assets for which we have a real and not an imagined need. I assure you, these are not the willful decisions of one person, these are balanced military-political decisions based on realities and the views not only of politicians, but also of the military, including the whole of the General Staff.  Of course, some people, in uniform or out of it, may express critical opinions due to political motives or simply to a lack of understanding of what is going on, and that is normal.  It is not our aim to please everyone. We proceed from our perception of how the state development strategy should be built inside the country and in the world. We are convinced that it fully meets the national interests of the Russian people.  Regarding the vision of the country’s future, the fundamental question is of course ensuring the rate of economic growth and solving social problems on that basis. I would very much like to see the consumption index in Russia at the level of the industrialized Western countries in 10–15 years time. We made a serious breakthrough last year. Among economic growth factors, the consumption factor practically doubled: it was 37% in 2000 and 62% in 2001. That is a revolutionary change. We would like economic growth to be driven mainly by domestic factors. That is one thing.  There is another set of problems I would like to see solved in Russia during the period of time you have indicated. I would like the bulk of our exports to be not energy but mainly high added value products, and science intensive production to be the motor of the Russian economy.  I would like the country to be socially and politically stable, with developed democratic institutions. And finally, I would like to see Russia’s main allies – and it was said a hundred years ago that Russia’s main allies were its Army and Navy – to be able to ensure the security of our state.  And finally, as a consequence of the above, I would like to see Russia a full-fledged member of the world community occupying a worthy place in the international arena, considering the high degree of Russian cultural influence on the international community.  The book your colleague referred to has some archive data dug up by journalists. And it contains a mention of my relatives who lived not far from Moscow – within, I think, 180 km – starting from 1723. All my ancestors in my father’s line lived in the same village and went to the same church. And when did the United States gain independence?  The point I am trying to make is that America will never be Russia and Russia will never be America. But we can complement each other very well and our mutual cooperation is a key factor of world stability. We must never forget that. That feeling of responsibility should underlie our policy. Besides, people in Russia have historically been sympathetic towards the United States. We have recalled the independence of the United States and it would not be irrelevant to recall that Russia supported the United States in its struggle for independence. We admire the way the Americans have, within a short space of time, turned their country into a prosperous world power. But I think Russia too has something to offer mankind. Russia has made a substantial contribution to the development of world civilization and world culture. I think if what I have mentioned is only partially – but better still fully – realized we will become not only natural, but very useful partners for each other.  And President Bush and I will try to work effectively towards that end together. Thank you. "
